family,scope,feature,n_columns,mean_jsd,ci_low,ci_high,mean_conservation,mean_gap_fraction
jak,FAMILY,JH1,281,0.5795,0.5589,0.6011,0.6948,0.0591
jak,JAK1,JH1,281,0.6762,0.6575,0.6949,0.8062,0.0351
jak,JAK2,JH1,281,0.7111,0.6961,0.7254,0.8462,0.0243
jak,TYK2,JH1,281,0.6188,0.5993,0.6387,0.7673,0.0763
socs,FAMILY,ESS,12,0.3446,0.2412,0.4558,0.4044,0.0309
socs,FAMILY,KIR,12,0.2629,0.2119,0.3221,0.3691,0.1923
socs,FAMILY,SH2,82,0.5122,0.4671,0.5556,0.5784,0.0322
socs,FAMILY,SH2;SOCS_box,1,0.1948,0.1948,0.1948,0.213,0.0324
socs,FAMILY,SOCS_box,49,0.4319,0.3793,0.4913,0.5078,0.0722
socs,SOCS1,ESS,12,0.5324,0.4381,0.6287,0.5799,0.0015
socs,SOCS1,KIR,12,0.524,0.4253,0.6218,0.5619,0.0096
socs,SOCS1,SH2,82,0.6126,0.5696,0.6522,0.6918,0.0049
socs,SOCS1,SH2;SOCS_box,1,0.3583,0.3583,0.3583,0.3653,0.0243
socs,SOCS1,SOCS_box,49,0.542,0.498,0.5922,0.5947,0.0097
socs,SOCS2,ESS,12,0.3344,0.2411,0.4339,0.3963,0.0457
socs,SOCS2,KIR,12,0.1812,0.1283,0.2445,0.3154,0.3443
socs,SOCS2,SH2,82,0.5407,0.4945,0.5841,0.6271,0.0547
socs,SOCS2,SH2;SOCS_box,1,0.3993,0.3993,0.3993,0.4051,0.0198
socs,SOCS2,SOCS_box,49,0.4762,0.4152,0.5399,0.5838,0.0783
socs,SOCS3,ESS,12,0.599,0.5115,0.6767,0.6869,0.0047
socs,SOCS3,KIR,12,0.5723,0.4854,0.6532,0.6395,0.0363
socs,SOCS3,SH2,82,0.6478,0.6051,0.6861,0.745,0.0233
socs,SOCS3,SH2;SOCS_box,1,0.2887,0.2887,0.2887,0.3406,0.1532
socs,SOCS3,SOCS_box,49,0.5031,0.4273,0.5745,0.7467,0.1916
