family,scope,feature,n_columns,mean_jsd_gappenalised,mean_jsd_residues_only,mean_gap_fraction,frac_cols_over_50pct_gapped
jak,JAK1,JH1,281,0.6762,0.6987,0.0351,0.007
jak,JAK2,JH1,281,0.7111,0.728,0.0243,0.0
jak,TYK2,JH1,281,0.6188,0.6681,0.0763,0.014
socs,SOCS1,KIR,12,0.524,0.5285,0.0096,0.0
socs,SOCS1,ESS,12,0.5325,0.5332,0.0015,0.0
socs,SOCS1,SH2,83,0.6095,0.6127,0.0051,0.0
socs,SOCS1,SOCS_box,50,0.5384,0.5436,0.01,0.0
socs,SOCS3,KIR,12,0.5723,0.5899,0.0363,0.0
socs,SOCS3,ESS,12,0.599,0.6018,0.0047,0.0
socs,SOCS3,SH2,83,0.6435,0.6553,0.0248,0.012
socs,SOCS3,SOCS_box,50,0.4988,0.6281,0.1909,0.18
socs,SOCS2,KIR,12,0.1812,0.3029,0.3443,0.333
socs,SOCS2,ESS,12,0.3344,0.3482,0.0457,0.0
socs,SOCS2,SH2,83,0.539,0.5667,0.0543,0.06
socs,SOCS2,SOCS_box,50,0.4747,0.5158,0.0771,0.08
