structure,side,paralogue,accession,canonical_residue,residue_letter,n_partner_residues,min_distance
4GL9,JAK,JAK2,Q62120,975,R,1,7.08
4GL9,JAK,JAK2,Q62120,1009,K,2,6.32
4GL9,JAK,JAK2,Q62120,1010,V,4,4.44
4GL9,JAK,JAK2,Q62120,1011,K,11,3.24
4GL9,JAK,JAK2,Q62120,1012,E,5,5.5
4GL9,JAK,JAK2,Q62120,1013,P,8,3.46
4GL9,JAK,JAK2,Q62120,1014,G,6,2.85
4GL9,JAK,JAK2,Q62120,1015,E,5,3.19
4GL9,JAK,JAK2,Q62120,1016,S,5,2.83
4GL9,JAK,JAK2,Q62120,1017,P,3,5.65
4GL9,JAK,JAK2,Q62120,1018,I,5,3.68
4GL9,JAK,JAK2,Q62120,1019,F,1,6.44
4GL9,JAK,JAK2,Q62120,1021,Y,4,4.57
4GL9,JAK,JAK2,Q62120,1022,A,1,6.7
4GL9,JAK,JAK2,Q62120,1023,P,3,6.58
4GL9,JAK,JAK2,Q62120,1024,E,5,6.38
4GL9,JAK,JAK2,Q62120,1025,S,4,2.9
4GL9,JAK,JAK2,Q62120,1026,L,10,2.8
4GL9,JAK,JAK2,Q62120,1027,T,9,3.04
4GL9,JAK,JAK2,Q62120,1028,E,8,3.3
4GL9,JAK,JAK2,Q62120,1029,S,6,3.17
4GL9,JAK,JAK2,Q62120,1030,K,5,6.4
4GL9,JAK,JAK2,Q62120,1031,F,2,5.11
4GL9,JAK,JAK2,Q62120,1062,M,1,7.71
4GL9,JAK,JAK2,Q62120,1065,I,1,7.09
4GL9,JAK,JAK2,Q62120,1066,G,1,7.09
4GL9,JAK,JAK2,Q62120,1067,N,1,7.19
4GL9,JAK,JAK2,Q62120,1068,D,9,3.29
4GL9,JAK,JAK2,Q62120,1069,K,9,3.61
4GL9,JAK,JAK2,Q62120,1070,Q,19,2.65
4GL9,JAK,JAK2,Q62120,1071,G,13,2.99
4GL9,JAK,JAK2,Q62120,1072,Q,19,2.76
4GL9,JAK,JAK2,Q62120,1073,M,23,3.3
4GL9,JAK,JAK2,Q62120,1074,I,11,4.53
4GL9,JAK,JAK2,Q62120,1075,V,7,3.58
4GL9,JAK,JAK2,Q62120,1076,F,20,3.54
4GL9,JAK,JAK2,Q62120,1077,H,10,4.07
4GL9,JAK,JAK2,Q62120,1078,L,3,7.45
4GL9,JAK,JAK2,Q62120,1079,I,6,3.43
4GL9,JAK,JAK2,Q62120,1080,E,7,2.35
4GL9,JAK,JAK2,Q62120,1081,L,1,7.4
4GL9,JAK,JAK2,Q62120,1083,K,4,3.67
4GL9,SOCS,SOCS3,O35718,22,L,19,2.83
4GL9,SOCS,SOCS3,O35718,23,K,18,3.01
4GL9,SOCS,SOCS3,O35718,24,T,25,2.8
4GL9,SOCS,SOCS3,O35718,25,F,26,3.04
4GL9,SOCS,SOCS3,O35718,26,S,13,3.32
4GL9,SOCS,SOCS3,O35718,27,S,11,3.24
4GL9,SOCS,SOCS3,O35718,28,K,10,3.3
4GL9,SOCS,SOCS3,O35718,29,S,3,5.96
4GL9,SOCS,SOCS3,O35718,30,E,7,4.6
4GL9,SOCS,SOCS3,O35718,31,Y,12,2.35
4GL9,SOCS,SOCS3,O35718,32,Q,4,5.78
4GL9,SOCS,SOCS3,O35718,33,L,1,7.22
4GL9,SOCS,SOCS3,O35718,34,V,5,3.94
4GL9,SOCS,SOCS3,O35718,35,V,5,3.54
4GL9,SOCS,SOCS3,O35718,36,N,1,6.52
4GL9,SOCS,SOCS3,O35718,37,A,2,7.6
4GL9,SOCS,SOCS3,O35718,38,V,4,3.55
4GL9,SOCS,SOCS3,O35718,39,R,1,6.57
4GL9,SOCS,SOCS3,O35718,41,L,1,7.45
4GL9,SOCS,SOCS3,O35718,42,Q,3,6.22
4GL9,SOCS,SOCS3,O35718,47,Y,5,3.84
4GL9,SOCS,SOCS3,O35718,48,W,2,6.94
4GL9,SOCS,SOCS3,O35718,49,S,6,4.07
4GL9,SOCS,SOCS3,O35718,50,A,10,2.67
4GL9,SOCS,SOCS3,O35718,51,V,3,3.78
4GL9,SOCS,SOCS3,O35718,52,T,4,3.38
4GL9,SOCS,SOCS3,O35718,53,G,1,5.56
4GL9,SOCS,SOCS3,O35718,54,G,1,7.7
4GL9,SOCS,SOCS3,O35718,55,E,2,6.75
4GL9,SOCS,SOCS3,O35718,71,R,2,4.96
4GL9,SOCS,SOCS3,O35718,72,D,9,3.4
4GL9,SOCS,SOCS3,O35718,73,S,7,2.99
4GL9,SOCS,SOCS3,O35718,74,S,7,2.65
4GL9,SOCS,SOCS3,O35718,75,D,5,3.06
4GL9,SOCS,SOCS3,O35718,76,Q,10,3.19
4GL9,SOCS,SOCS3,O35718,77,R,6,2.76
4GL9,SOCS,SOCS3,O35718,78,H,5,3.22
4GL9,SOCS,SOCS3,O35718,79,F,9,3.22
4GL9,SOCS,SOCS3,O35718,80,F,6,3.86
4GL9,SOCS,SOCS3,O35718,81,T,1,7.5
4GL9,SOCS,SOCS3,O35718,95,I,1,6.72
4GL9,SOCS,SOCS3,O35718,96,Q,1,7.16
4GL9,SOCS,SOCS3,O35718,97,C,1,5.94
4GL9,SOCS,SOCS3,O35718,98,E,1,7.57
4GL9,SOCS,SOCS3,O35718,99,G,1,5.6
4GL9,SOCS,SOCS3,O35718,100,G,1,7.44
6C7Y,JAK,JAK1,P23458,884,G,1,6.55
6C7Y,JAK,JAK1,P23458,885,H,5,3.61
6C7Y,JAK,JAK1,P23458,886,F,2,4.7
6C7Y,JAK,JAK1,P23458,1002,R,3,5.84
6C7Y,JAK,JAK1,P23458,1003,D,2,5.14
6C7Y,JAK,JAK1,P23458,1007,R,2,3.94
6C7Y,JAK,JAK1,P23458,1008,N,1,7.24
6C7Y,JAK,JAK1,P23458,1021,D,1,7.33
6C7Y,JAK,JAK1,P23458,1024,L,1,5.68
6C7Y,JAK,JAK1,P23458,1036,T,3,4.8
6C7Y,JAK,JAK1,P23458,1037,V,4,4.52
6C7Y,JAK,JAK1,P23458,1038,K,2,3.12
6C7Y,JAK,JAK1,P23458,1039,D,3,3.89
6C7Y,JAK,JAK1,P23458,1040,D,6,2.63
6C7Y,JAK,JAK1,P23458,1041,R,5,3.79
6C7Y,JAK,JAK1,P23458,1042,D,7,3.28
6C7Y,JAK,JAK1,P23458,1043,S,8,2.54
6C7Y,JAK,JAK1,P23458,1044,P,5,3.34
6C7Y,JAK,JAK1,P23458,1045,V,7,3.66
6C7Y,JAK,JAK1,P23458,1046,F,5,4.06
6C7Y,JAK,JAK1,P23458,1047,W,2,4.76
6C7Y,JAK,JAK1,P23458,1048,Y,4,3.94
6C7Y,JAK,JAK1,P23458,1049,A,1,6.76
6C7Y,JAK,JAK1,P23458,1050,P,4,6.99
6C7Y,JAK,JAK1,P23458,1051,E,5,6.14
6C7Y,JAK,JAK1,P23458,1052,C,5,3.2
6C7Y,JAK,JAK1,P23458,1053,L,8,2.84
6C7Y,JAK,JAK1,P23458,1054,M,11,3.06
6C7Y,JAK,JAK1,P23458,1055,Q,8,3.48
6C7Y,JAK,JAK1,P23458,1056,S,6,2.68
6C7Y,JAK,JAK1,P23458,1057,K,5,6.04
6C7Y,JAK,JAK1,P23458,1058,F,2,5.22
6C7Y,JAK,JAK1,P23458,1085,M,4,3.53
6C7Y,JAK,JAK1,P23458,1089,L,2,5.86
6C7Y,JAK,JAK1,P23458,1092,I,1,7.94
6C7Y,JAK,JAK1,P23458,1093,G,1,6.48
6C7Y,JAK,JAK1,P23458,1094,P,5,3.39
6C7Y,JAK,JAK1,P23458,1095,T,9,3.94
6C7Y,JAK,JAK1,P23458,1096,H,18,3.07
6C7Y,JAK,JAK1,P23458,1097,G,14,3.21
6C7Y,JAK,JAK1,P23458,1098,Q,18,3.17
6C7Y,JAK,JAK1,P23458,1099,M,23,3.43
6C7Y,JAK,JAK1,P23458,1100,T,13,4.1
6C7Y,JAK,JAK1,P23458,1101,V,10,3.57
6C7Y,JAK,JAK1,P23458,1102,T,11,3.23
6C7Y,JAK,JAK1,P23458,1103,R,16,2.63
6C7Y,JAK,JAK1,P23458,1104,L,3,7.1
6C7Y,JAK,JAK1,P23458,1105,V,5,3.54
6C7Y,JAK,JAK1,P23458,1106,N,4,4.37
6C7Y,JAK,JAK1,P23458,1109,K,4,3.71
6C7Y,JAK,JAK1,P23458,1134,F,1,7.68
6C7Y,SOCS,SOCS1,B6RCQ2,48,S,10,3.94
6C7Y,SOCS,SOCS1,B6RCQ2,49,T,12,3.53
6C7Y,SOCS,SOCS1,B6RCQ2,50,H,21,3.22
6C7Y,SOCS,SOCS1,B6RCQ2,51,F,23,2.54
6C7Y,SOCS,SOCS1,B6RCQ2,52,R,18,2.63
6C7Y,SOCS,SOCS1,B6RCQ2,53,T,25,2.83
6C7Y,SOCS,SOCS1,B6RCQ2,54,F,21,2.68
6C7Y,SOCS,SOCS1,B6RCQ2,55,R,14,3.12
6C7Y,SOCS,SOCS1,B6RCQ2,56,S,9,3.06
6C7Y,SOCS,SOCS1,B6RCQ2,57,Q,9,3.65
6C7Y,SOCS,SOCS1,B6RCQ2,58,A,2,6.0
6C7Y,SOCS,SOCS1,B6RCQ2,59,D,4,5.95
6C7Y,SOCS,SOCS1,B6RCQ2,60,F,12,3.54
6C7Y,SOCS,SOCS1,B6RCQ2,61,S,2,6.6
6C7Y,SOCS,SOCS1,B6RCQ2,63,I,5,3.71
6C7Y,SOCS,SOCS1,B6RCQ2,64,T,7,4.34
6C7Y,SOCS,SOCS1,B6RCQ2,65,R,1,7.63
6C7Y,SOCS,SOCS1,B6RCQ2,66,A,1,7.27
6C7Y,SOCS,SOCS1,B6RCQ2,67,S,4,3.92
6C7Y,SOCS,SOCS1,B6RCQ2,70,L,1,6.8
6C7Y,SOCS,SOCS1,B6RCQ2,71,D,2,6.6
6C7Y,SOCS,SOCS1,B6RCQ2,76,Y,2,3.47
6C7Y,SOCS,SOCS1,B6RCQ2,77,W,3,6.36
6C7Y,SOCS,SOCS1,B6RCQ2,78,G,5,4.1
6C7Y,SOCS,SOCS1,B6RCQ2,79,P,9,3.28
6C7Y,SOCS,SOCS1,B6RCQ2,80,L,4,3.44
6C7Y,SOCS,SOCS1,B6RCQ2,81,T,2,3.84
6C7Y,SOCS,SOCS1,B6RCQ2,82,V,1,6.13
6C7Y,SOCS,SOCS1,B6RCQ2,84,A,1,7.71
6C7Y,SOCS,SOCS1,B6RCQ2,100,R,3,4.95
6C7Y,SOCS,SOCS1,B6RCQ2,101,D,8,2.63
6C7Y,SOCS,SOCS1,B6RCQ2,102,S,7,3.07
6C7Y,SOCS,SOCS1,B6RCQ2,103,T,6,3.7
6C7Y,SOCS,SOCS1,B6RCQ2,104,Q,5,3.21
6C7Y,SOCS,SOCS1,B6RCQ2,105,K,9,3.17
6C7Y,SOCS,SOCS1,B6RCQ2,106,N,5,3.23
6C7Y,SOCS,SOCS1,B6RCQ2,107,C,5,3.27
6C7Y,SOCS,SOCS1,B6RCQ2,108,F,8,3.37
6C7Y,SOCS,SOCS1,B6RCQ2,109,F,6,3.43
6C7Y,SOCS,SOCS1,B6RCQ2,110,A,1,7.79
6C7Y,SOCS,SOCS1,B6RCQ2,126,F,1,6.64
6C7Y,SOCS,SOCS1,B6RCQ2,127,Q,1,7.84
6C7Y,SOCS,SOCS1,B6RCQ2,131,F,1,7.92
