structure,jak_chain,socs_chain,jak_paralogue,socs_paralogue,jak_accession,socs_accession,jak_canonical_residue,jak_residue_letter,socs_canonical_residue,socs_residue_letter,min_heavy_atom_distance
4GL9,A,E,JAK2,SOCS3,Q62120,O35718,975,R,24,T,7.45
4GL9,A,E,JAK2,SOCS3,Q62120,O35718,1009,K,26,S,6.61
4GL9,A,E,JAK2,SOCS3,Q62120,O35718,1010,V,24,T,6.02
4GL9,A,E,JAK2,SOCS3,Q62120,O35718,1010,V,25,F,5.09
4GL9,A,E,JAK2,SOCS3,Q62120,O35718,1010,V,26,S,4.71
4GL9,A,E,JAK2,SOCS3,Q62120,O35718,1010,V,27,S,6.72
4GL9,A,E,JAK2,SOCS3,Q62120,O35718,1011,K,23,K,6.49
4GL9,A,E,JAK2,SOCS3,Q62120,O35718,1011,K,24,T,6.31
4GL9,A,E,JAK2,SOCS3,Q62120,O35718,1011,K,25,F,5.64
4GL9,A,E,JAK2,SOCS3,Q62120,O35718,1011,K,26,S,3.47
4GL9,A,E,JAK2,SOCS3,Q62120,O35718,1011,K,27,S,4.94
4GL9,A,E,JAK2,SOCS3,Q62120,O35718,1011,K,30,E,6.01
4GL9,A,E,JAK2,SOCS3,Q62120,O35718,1011,K,98,E,7.57
4GL9,A,E,JAK2,SOCS3,Q62120,O35718,1011,K,99,G,5.6
4GL9,A,E,JAK2,SOCS3,Q62120,O35718,1011,K,100,G,7.44
4GL9,A,E,JAK2,SOCS3,Q62120,O35718,1012,E,23,K,6.77
4GL9,A,E,JAK2,SOCS3,Q62120,O35718,1012,E,24,T,6.64
4GL9,A,E,JAK2,SOCS3,Q62120,O35718,1012,E,25,F,6.75
4GL9,A,E,JAK2,SOCS3,Q62120,O35718,1012,E,26,S,5.55
4GL9,A,E,JAK2,SOCS3,Q62120,O35718,1012,E,27,S,7.73
4GL9,A,E,JAK2,SOCS3,Q62120,O35718,1013,P,22,L,5.99
4GL9,A,E,JAK2,SOCS3,Q62120,O35718,1013,P,23,K,4.14
4GL9,A,E,JAK2,SOCS3,Q62120,O35718,1013,P,24,T,3.47
4GL9,A,E,JAK2,SOCS3,Q62120,O35718,1013,P,25,F,4.0
4GL9,A,E,JAK2,SOCS3,Q62120,O35718,1013,P,26,S,4.34
4GL9,A,E,JAK2,SOCS3,Q62120,O35718,1013,P,27,S,6.92
4GL9,A,E,JAK2,SOCS3,Q62120,O35718,1013,P,30,E,7.05
4GL9,A,E,JAK2,SOCS3,Q62120,O35718,1013,P,77,R,7.95
4GL9,A,E,JAK2,SOCS3,Q62120,O35718,1014,G,22,L,2.97
4GL9,A,E,JAK2,SOCS3,Q62120,O35718,1014,G,23,K,3.96
4GL9,A,E,JAK2,SOCS3,Q62120,O35718,1014,G,24,T,4.51
4GL9,A,E,JAK2,SOCS3,Q62120,O35718,1014,G,25,F,7.84
4GL9,A,E,JAK2,SOCS3,Q62120,O35718,1014,G,76,Q,7.09
4GL9,A,E,JAK2,SOCS3,Q62120,O35718,1015,E,22,L,3.19
4GL9,A,E,JAK2,SOCS3,Q62120,O35718,1015,E,23,K,4.87
4GL9,A,E,JAK2,SOCS3,Q62120,O35718,1015,E,24,T,6.43
4GL9,A,E,JAK2,SOCS3,Q62120,O35718,1015,E,76,Q,4.9
4GL9,A,E,JAK2,SOCS3,Q62120,O35718,1016,S,22,L,2.98
4GL9,A,E,JAK2,SOCS3,Q62120,O35718,1016,S,23,K,5.2
4GL9,A,E,JAK2,SOCS3,Q62120,O35718,1016,S,24,T,4.81
4GL9,A,E,JAK2,SOCS3,Q62120,O35718,1016,S,76,Q,6.32
4GL9,A,E,JAK2,SOCS3,Q62120,O35718,1017,P,22,L,5.93
4GL9,A,E,JAK2,SOCS3,Q62120,O35718,1017,P,23,K,8.0
4GL9,A,E,JAK2,SOCS3,Q62120,O35718,1017,P,24,T,7.99
4GL9,A,E,JAK2,SOCS3,Q62120,O35718,1018,I,22,L,3.74
4GL9,A,E,JAK2,SOCS3,Q62120,O35718,1018,I,23,K,5.53
4GL9,A,E,JAK2,SOCS3,Q62120,O35718,1018,I,24,T,5.02
4GL9,A,E,JAK2,SOCS3,Q62120,O35718,1018,I,25,F,7.44
4GL9,A,E,JAK2,SOCS3,Q62120,O35718,1018,I,76,Q,7.98
4GL9,A,E,JAK2,SOCS3,Q62120,O35718,1019,F,22,L,6.44
4GL9,A,E,JAK2,SOCS3,Q62120,O35718,1021,Y,22,L,6.64
4GL9,A,E,JAK2,SOCS3,Q62120,O35718,1021,Y,23,K,7.51
4GL9,A,E,JAK2,SOCS3,Q62120,O35718,1021,Y,24,T,4.57
4GL9,A,E,JAK2,SOCS3,Q62120,O35718,1021,Y,25,F,7.85
4GL9,A,E,JAK2,SOCS3,Q62120,O35718,1022,A,24,T,6.82
4GL9,A,E,JAK2,SOCS3,Q62120,O35718,1023,P,24,T,6.81
4GL9,A,E,JAK2,SOCS3,Q62120,O35718,1023,P,25,F,7.54
4GL9,A,E,JAK2,SOCS3,Q62120,O35718,1023,P,31,Y,7.71
4GL9,A,E,JAK2,SOCS3,Q62120,O35718,1024,E,24,T,6.5
4GL9,A,E,JAK2,SOCS3,Q62120,O35718,1024,E,25,F,7.14
4GL9,A,E,JAK2,SOCS3,Q62120,O35718,1024,E,28,K,7.9
4GL9,A,E,JAK2,SOCS3,Q62120,O35718,1025,S,23,K,7.69
4GL9,A,E,JAK2,SOCS3,Q62120,O35718,1025,S,24,T,3.07
4GL9,A,E,JAK2,SOCS3,Q62120,O35718,1025,S,25,F,5.39
4GL9,A,E,JAK2,SOCS3,Q62120,O35718,1025,S,26,S,7.57
4GL9,A,E,JAK2,SOCS3,Q62120,O35718,1026,L,22,L,7.57
4GL9,A,E,JAK2,SOCS3,Q62120,O35718,1026,L,23,K,6.51
4GL9,A,E,JAK2,SOCS3,Q62120,O35718,1026,L,24,T,2.93
4GL9,A,E,JAK2,SOCS3,Q62120,O35718,1026,L,25,F,3.27
4GL9,A,E,JAK2,SOCS3,Q62120,O35718,1026,L,26,S,6.04
4GL9,A,E,JAK2,SOCS3,Q62120,O35718,1026,L,27,S,6.68
4GL9,A,E,JAK2,SOCS3,Q62120,O35718,1026,L,28,K,7.81
4GL9,A,E,JAK2,SOCS3,Q62120,O35718,1026,L,31,Y,5.75
4GL9,A,E,JAK2,SOCS3,Q62120,O35718,1027,T,24,T,4.52
4GL9,A,E,JAK2,SOCS3,Q62120,O35718,1027,T,25,F,3.07
4GL9,A,E,JAK2,SOCS3,Q62120,O35718,1027,T,26,S,4.7
4GL9,A,E,JAK2,SOCS3,Q62120,O35718,1027,T,27,S,3.35
4GL9,A,E,JAK2,SOCS3,Q62120,O35718,1027,T,28,K,4.12
4GL9,A,E,JAK2,SOCS3,Q62120,O35718,1027,T,29,S,6.22
4GL9,A,E,JAK2,SOCS3,Q62120,O35718,1027,T,30,E,6.13
4GL9,A,E,JAK2,SOCS3,Q62120,O35718,1027,T,31,Y,4.28
4GL9,A,E,JAK2,SOCS3,Q62120,O35718,1027,T,32,Q,6.98
4GL9,A,E,JAK2,SOCS3,Q62120,O35718,1028,E,24,T,5.85
4GL9,A,E,JAK2,SOCS3,Q62120,O35718,1028,E,25,F,4.21
4GL9,A,E,JAK2,SOCS3,Q62120,O35718,1028,E,26,S,3.6
4GL9,A,E,JAK2,SOCS3,Q62120,O35718,1028,E,27,S,4.19
4GL9,A,E,JAK2,SOCS3,Q62120,O35718,1028,E,28,K,3.3
4GL9,A,E,JAK2,SOCS3,Q62120,O35718,1028,E,29,S,5.96
4GL9,A,E,JAK2,SOCS3,Q62120,O35718,1028,E,30,E,7.75
4GL9,A,E,JAK2,SOCS3,Q62120,O35718,1028,E,31,Y,5.97
4GL9,A,E,JAK2,SOCS3,Q62120,O35718,1029,S,23,K,7.88
4GL9,A,E,JAK2,SOCS3,Q62120,O35718,1029,S,24,T,3.9
4GL9,A,E,JAK2,SOCS3,Q62120,O35718,1029,S,25,F,3.17
4GL9,A,E,JAK2,SOCS3,Q62120,O35718,1029,S,26,S,4.57
4GL9,A,E,JAK2,SOCS3,Q62120,O35718,1029,S,27,S,5.64
4GL9,A,E,JAK2,SOCS3,Q62120,O35718,1029,S,28,K,6.3
4GL9,A,E,JAK2,SOCS3,Q62120,O35718,1030,K,24,T,6.73
4GL9,A,E,JAK2,SOCS3,Q62120,O35718,1030,K,25,F,6.41
4GL9,A,E,JAK2,SOCS3,Q62120,O35718,1030,K,26,S,6.76
4GL9,A,E,JAK2,SOCS3,Q62120,O35718,1030,K,27,S,7.59
4GL9,A,E,JAK2,SOCS3,Q62120,O35718,1030,K,28,K,7.22
4GL9,A,E,JAK2,SOCS3,Q62120,O35718,1031,F,24,T,5.19
4GL9,A,E,JAK2,SOCS3,Q62120,O35718,1031,F,25,F,7.49
4GL9,A,E,JAK2,SOCS3,Q62120,O35718,1062,M,22,L,7.78
4GL9,A,E,JAK2,SOCS3,Q62120,O35718,1065,I,50,A,7.53
4GL9,A,E,JAK2,SOCS3,Q62120,O35718,1066,G,50,A,7.38
4GL9,A,E,JAK2,SOCS3,Q62120,O35718,1067,N,50,A,7.58
4GL9,A,E,JAK2,SOCS3,Q62120,O35718,1068,D,49,S,4.74
4GL9,A,E,JAK2,SOCS3,Q62120,O35718,1068,D,50,A,3.36
4GL9,A,E,JAK2,SOCS3,Q62120,O35718,1068,D,51,V,5.47
4GL9,A,E,JAK2,SOCS3,Q62120,O35718,1068,D,52,T,5.31
4GL9,A,E,JAK2,SOCS3,Q62120,O35718,1068,D,55,E,6.75
4GL9,A,E,JAK2,SOCS3,Q62120,O35718,1068,D,72,D,6.77
4GL9,A,E,JAK2,SOCS3,Q62120,O35718,1068,D,73,S,7.39
4GL9,A,E,JAK2,SOCS3,Q62120,O35718,1068,D,74,S,7.54
4GL9,A,E,JAK2,SOCS3,Q62120,O35718,1069,K,47,Y,7.67
4GL9,A,E,JAK2,SOCS3,Q62120,O35718,1069,K,49,S,5.12
4GL9,A,E,JAK2,SOCS3,Q62120,O35718,1069,K,50,A,3.66
4GL9,A,E,JAK2,SOCS3,Q62120,O35718,1069,K,51,V,6.84
4GL9,A,E,JAK2,SOCS3,Q62120,O35718,1069,K,52,T,7.79
4GL9,A,E,JAK2,SOCS3,Q62120,O35718,1069,K,72,D,5.25
4GL9,A,E,JAK2,SOCS3,Q62120,O35718,1069,K,73,S,6.48
4GL9,A,E,JAK2,SOCS3,Q62120,O35718,1069,K,74,S,7.57
4GL9,A,E,JAK2,SOCS3,Q62120,O35718,1070,Q,22,L,6.69
4GL9,A,E,JAK2,SOCS3,Q62120,O35718,1070,Q,48,W,7.05
4GL9,A,E,JAK2,SOCS3,Q62120,O35718,1070,Q,49,S,5.8
4GL9,A,E,JAK2,SOCS3,Q62120,O35718,1070,Q,50,A,3.39
4GL9,A,E,JAK2,SOCS3,Q62120,O35718,1070,Q,51,V,4.22
4GL9,A,E,JAK2,SOCS3,Q62120,O35718,1070,Q,52,T,3.8
4GL9,A,E,JAK2,SOCS3,Q62120,O35718,1070,Q,53,G,5.6
4GL9,A,E,JAK2,SOCS3,Q62120,O35718,1070,Q,54,G,7.82
4GL9,A,E,JAK2,SOCS3,Q62120,O35718,1070,Q,55,E,7.65
4GL9,A,E,JAK2,SOCS3,Q62120,O35718,1070,Q,71,R,5.21
4GL9,A,E,JAK2,SOCS3,Q62120,O35718,1070,Q,72,D,3.71
4GL9,A,E,JAK2,SOCS3,Q62120,O35718,1070,Q,73,S,3.01
4GL9,A,E,JAK2,SOCS3,Q62120,O35718,1070,Q,74,S,2.65
4GL9,A,E,JAK2,SOCS3,Q62120,O35718,1070,Q,75,D,5.51
4GL9,A,E,JAK2,SOCS3,Q62120,O35718,1070,Q,76,Q,6.76
4GL9,A,E,JAK2,SOCS3,Q62120,O35718,1070,Q,78,H,6.02
4GL9,A,E,JAK2,SOCS3,Q62120,O35718,1070,Q,79,F,5.44
4GL9,A,E,JAK2,SOCS3,Q62120,O35718,1070,Q,80,F,7.66
4GL9,A,E,JAK2,SOCS3,Q62120,O35718,1071,G,22,L,3.47
4GL9,A,E,JAK2,SOCS3,Q62120,O35718,1071,G,23,K,6.85
4GL9,A,E,JAK2,SOCS3,Q62120,O35718,1071,G,50,A,7.43
4GL9,A,E,JAK2,SOCS3,Q62120,O35718,1071,G,72,D,5.79
4GL9,A,E,JAK2,SOCS3,Q62120,O35718,1071,G,73,S,2.99
4GL9,A,E,JAK2,SOCS3,Q62120,O35718,1071,G,74,S,3.36
4GL9,A,E,JAK2,SOCS3,Q62120,O35718,1071,G,75,D,3.14
4GL9,A,E,JAK2,SOCS3,Q62120,O35718,1071,G,76,Q,4.12
4GL9,A,E,JAK2,SOCS3,Q62120,O35718,1071,G,77,R,5.83
4GL9,A,E,JAK2,SOCS3,Q62120,O35718,1071,G,78,H,4.42
4GL9,A,E,JAK2,SOCS3,Q62120,O35718,1071,G,79,F,5.74
4GL9,A,E,JAK2,SOCS3,Q62120,O35718,1071,G,80,F,7.61
4GL9,A,E,JAK2,SOCS3,Q62120,O35718,1072,Q,22,L,4.06
4GL9,A,E,JAK2,SOCS3,Q62120,O35718,1072,Q,23,K,3.24
4GL9,A,E,JAK2,SOCS3,Q62120,O35718,1072,Q,24,T,4.65
4GL9,A,E,JAK2,SOCS3,Q62120,O35718,1072,Q,25,F,5.29
4GL9,A,E,JAK2,SOCS3,Q62120,O35718,1072,Q,26,S,6.63
4GL9,A,E,JAK2,SOCS3,Q62120,O35718,1072,Q,30,E,5.32
4GL9,A,E,JAK2,SOCS3,Q62120,O35718,1072,Q,34,V,7.56
4GL9,A,E,JAK2,SOCS3,Q62120,O35718,1072,Q,72,D,6.61
4GL9,A,E,JAK2,SOCS3,Q62120,O35718,1072,Q,73,S,4.46
4GL9,A,E,JAK2,SOCS3,Q62120,O35718,1072,Q,74,S,5.25
4GL9,A,E,JAK2,SOCS3,Q62120,O35718,1072,Q,75,D,3.07
4GL9,A,E,JAK2,SOCS3,Q62120,O35718,1072,Q,76,Q,3.28
4GL9,A,E,JAK2,SOCS3,Q62120,O35718,1072,Q,77,R,2.77
4GL9,A,E,JAK2,SOCS3,Q62120,O35718,1072,Q,78,H,3.22
4GL9,A,E,JAK2,SOCS3,Q62120,O35718,1072,Q,79,F,3.24
4GL9,A,E,JAK2,SOCS3,Q62120,O35718,1072,Q,80,F,6.35
4GL9,A,E,JAK2,SOCS3,Q62120,O35718,1072,Q,95,I,6.81
4GL9,A,E,JAK2,SOCS3,Q62120,O35718,1072,Q,96,Q,7.16
4GL9,A,E,JAK2,SOCS3,Q62120,O35718,1072,Q,97,C,6.13
4GL9,A,E,JAK2,SOCS3,Q62120,O35718,1073,M,22,L,5.66
4GL9,A,E,JAK2,SOCS3,Q62120,O35718,1073,M,23,K,7.15
4GL9,A,E,JAK2,SOCS3,Q62120,O35718,1073,M,25,F,6.79
4GL9,A,E,JAK2,SOCS3,Q62120,O35718,1073,M,34,V,4.59
4GL9,A,E,JAK2,SOCS3,Q62120,O35718,1073,M,38,V,4.8
4GL9,A,E,JAK2,SOCS3,Q62120,O35718,1073,M,41,L,7.54
4GL9,A,E,JAK2,SOCS3,Q62120,O35718,1073,M,42,Q,7.4
4GL9,A,E,JAK2,SOCS3,Q62120,O35718,1073,M,47,Y,3.96
4GL9,A,E,JAK2,SOCS3,Q62120,O35718,1073,M,49,S,5.68
4GL9,A,E,JAK2,SOCS3,Q62120,O35718,1073,M,50,A,6.47
4GL9,A,E,JAK2,SOCS3,Q62120,O35718,1073,M,71,R,6.25
4GL9,A,E,JAK2,SOCS3,Q62120,O35718,1073,M,72,D,3.57
4GL9,A,E,JAK2,SOCS3,Q62120,O35718,1073,M,73,S,5.15
4GL9,A,E,JAK2,SOCS3,Q62120,O35718,1073,M,74,S,7.28
4GL9,A,E,JAK2,SOCS3,Q62120,O35718,1073,M,75,D,5.55
4GL9,A,E,JAK2,SOCS3,Q62120,O35718,1073,M,76,Q,6.27
4GL9,A,E,JAK2,SOCS3,Q62120,O35718,1073,M,77,R,7.46
4GL9,A,E,JAK2,SOCS3,Q62120,O35718,1073,M,78,H,4.58
4GL9,A,E,JAK2,SOCS3,Q62120,O35718,1073,M,79,F,3.3
4GL9,A,E,JAK2,SOCS3,Q62120,O35718,1073,M,80,F,4.13
4GL9,A,E,JAK2,SOCS3,Q62120,O35718,1073,M,81,T,7.5
4GL9,A,E,JAK2,SOCS3,Q62120,O35718,1074,I,22,L,4.53
4GL9,A,E,JAK2,SOCS3,Q62120,O35718,1074,I,23,K,7.6
4GL9,A,E,JAK2,SOCS3,Q62120,O35718,1074,I,25,F,7.37
4GL9,A,E,JAK2,SOCS3,Q62120,O35718,1074,I,50,A,7.96
4GL9,A,E,JAK2,SOCS3,Q62120,O35718,1074,I,72,D,6.64
4GL9,A,E,JAK2,SOCS3,Q62120,O35718,1074,I,73,S,6.72
4GL9,A,E,JAK2,SOCS3,Q62120,O35718,1074,I,74,S,6.63
4GL9,A,E,JAK2,SOCS3,Q62120,O35718,1074,I,75,D,7.33
4GL9,A,E,JAK2,SOCS3,Q62120,O35718,1074,I,76,Q,6.38
4GL9,A,E,JAK2,SOCS3,Q62120,O35718,1074,I,78,H,7.15
4GL9,A,E,JAK2,SOCS3,Q62120,O35718,1074,I,79,F,6.69
4GL9,A,E,JAK2,SOCS3,Q62120,O35718,1075,V,22,L,3.69
4GL9,A,E,JAK2,SOCS3,Q62120,O35718,1075,V,23,K,3.69
4GL9,A,E,JAK2,SOCS3,Q62120,O35718,1075,V,24,T,4.5
4GL9,A,E,JAK2,SOCS3,Q62120,O35718,1075,V,25,F,4.32
4GL9,A,E,JAK2,SOCS3,Q62120,O35718,1075,V,31,Y,6.09
4GL9,A,E,JAK2,SOCS3,Q62120,O35718,1075,V,76,Q,6.44
4GL9,A,E,JAK2,SOCS3,Q62120,O35718,1075,V,79,F,5.98
4GL9,A,E,JAK2,SOCS3,Q62120,O35718,1076,F,22,L,7.3
4GL9,A,E,JAK2,SOCS3,Q62120,O35718,1076,F,23,K,7.15
4GL9,A,E,JAK2,SOCS3,Q62120,O35718,1076,F,24,T,7.97
4GL9,A,E,JAK2,SOCS3,Q62120,O35718,1076,F,25,F,4.5
4GL9,A,E,JAK2,SOCS3,Q62120,O35718,1076,F,30,E,7.71
4GL9,A,E,JAK2,SOCS3,Q62120,O35718,1076,F,31,Y,3.79
4GL9,A,E,JAK2,SOCS3,Q62120,O35718,1076,F,32,Q,7.33
4GL9,A,E,JAK2,SOCS3,Q62120,O35718,1076,F,33,L,7.46
4GL9,A,E,JAK2,SOCS3,Q62120,O35718,1076,F,34,V,4.35
4GL9,A,E,JAK2,SOCS3,Q62120,O35718,1076,F,35,V,4.05
4GL9,A,E,JAK2,SOCS3,Q62120,O35718,1076,F,36,N,6.73
4GL9,A,E,JAK2,SOCS3,Q62120,O35718,1076,F,37,A,7.75
4GL9,A,E,JAK2,SOCS3,Q62120,O35718,1076,F,38,V,3.78
4GL9,A,E,JAK2,SOCS3,Q62120,O35718,1076,F,39,R,6.78
4GL9,A,E,JAK2,SOCS3,Q62120,O35718,1076,F,42,Q,6.67
4GL9,A,E,JAK2,SOCS3,Q62120,O35718,1076,F,47,Y,6.73
4GL9,A,E,JAK2,SOCS3,Q62120,O35718,1076,F,49,S,7.86
4GL9,A,E,JAK2,SOCS3,Q62120,O35718,1076,F,72,D,7.32
4GL9,A,E,JAK2,SOCS3,Q62120,O35718,1076,F,79,F,5.48
4GL9,A,E,JAK2,SOCS3,Q62120,O35718,1076,F,80,F,6.95
4GL9,A,E,JAK2,SOCS3,Q62120,O35718,1077,H,25,F,6.91
4GL9,A,E,JAK2,SOCS3,Q62120,O35718,1077,H,31,Y,6.96
4GL9,A,E,JAK2,SOCS3,Q62120,O35718,1077,H,38,V,6.69
4GL9,A,E,JAK2,SOCS3,Q62120,O35718,1077,H,42,Q,6.4
4GL9,A,E,JAK2,SOCS3,Q62120,O35718,1077,H,47,Y,5.38
4GL9,A,E,JAK2,SOCS3,Q62120,O35718,1077,H,49,S,4.33
4GL9,A,E,JAK2,SOCS3,Q62120,O35718,1077,H,50,A,5.76
4GL9,A,E,JAK2,SOCS3,Q62120,O35718,1077,H,72,D,4.42
4GL9,A,E,JAK2,SOCS3,Q62120,O35718,1078,L,22,L,7.91
4GL9,A,E,JAK2,SOCS3,Q62120,O35718,1078,L,31,Y,7.45
4GL9,A,E,JAK2,SOCS3,Q62120,O35718,1079,I,24,T,6.36
4GL9,A,E,JAK2,SOCS3,Q62120,O35718,1079,I,25,F,3.74
4GL9,A,E,JAK2,SOCS3,Q62120,O35718,1079,I,28,K,7.94
4GL9,A,E,JAK2,SOCS3,Q62120,O35718,1079,I,31,Y,3.43
4GL9,A,E,JAK2,SOCS3,Q62120,O35718,1079,I,35,V,7.45
4GL9,A,E,JAK2,SOCS3,Q62120,O35718,1079,I,79,F,7.96
4GL9,A,E,JAK2,SOCS3,Q62120,O35718,1080,E,25,F,7.63
4GL9,A,E,JAK2,SOCS3,Q62120,O35718,1080,E,31,Y,2.66
4GL9,A,E,JAK2,SOCS3,Q62120,O35718,1080,E,34,V,7.94
4GL9,A,E,JAK2,SOCS3,Q62120,O35718,1080,E,35,V,5.26
4GL9,A,E,JAK2,SOCS3,Q62120,O35718,1080,E,38,V,7.26
4GL9,A,E,JAK2,SOCS3,Q62120,O35718,1081,L,31,Y,7.57
4GL9,A,E,JAK2,SOCS3,Q62120,O35718,1083,K,28,K,6.92
4GL9,A,E,JAK2,SOCS3,Q62120,O35718,1083,K,31,Y,5.25
4GL9,B,H,JAK2,SOCS3,Q62120,O35718,975,R,24,T,7.11
4GL9,B,H,JAK2,SOCS3,Q62120,O35718,1009,K,26,S,6.83
4GL9,B,H,JAK2,SOCS3,Q62120,O35718,1010,V,24,T,6.11
4GL9,B,H,JAK2,SOCS3,Q62120,O35718,1010,V,25,F,5.18
4GL9,B,H,JAK2,SOCS3,Q62120,O35718,1010,V,26,S,4.51
4GL9,B,H,JAK2,SOCS3,Q62120,O35718,1010,V,27,S,6.6
4GL9,B,H,JAK2,SOCS3,Q62120,O35718,1011,K,23,K,6.43
4GL9,B,H,JAK2,SOCS3,Q62120,O35718,1011,K,24,T,6.32
4GL9,B,H,JAK2,SOCS3,Q62120,O35718,1011,K,25,F,5.52
4GL9,B,H,JAK2,SOCS3,Q62120,O35718,1011,K,26,S,3.39
4GL9,B,H,JAK2,SOCS3,Q62120,O35718,1011,K,27,S,4.2
4GL9,B,H,JAK2,SOCS3,Q62120,O35718,1011,K,28,K,7.39
4GL9,B,H,JAK2,SOCS3,Q62120,O35718,1011,K,29,S,7.19
4GL9,B,H,JAK2,SOCS3,Q62120,O35718,1011,K,30,E,6.58
4GL9,B,H,JAK2,SOCS3,Q62120,O35718,1011,K,99,G,6.37
4GL9,B,H,JAK2,SOCS3,Q62120,O35718,1011,K,100,G,7.79
4GL9,B,H,JAK2,SOCS3,Q62120,O35718,1012,E,23,K,6.71
4GL9,B,H,JAK2,SOCS3,Q62120,O35718,1012,E,24,T,6.71
4GL9,B,H,JAK2,SOCS3,Q62120,O35718,1012,E,25,F,6.68
4GL9,B,H,JAK2,SOCS3,Q62120,O35718,1012,E,26,S,5.5
4GL9,B,H,JAK2,SOCS3,Q62120,O35718,1012,E,27,S,7.45
4GL9,B,H,JAK2,SOCS3,Q62120,O35718,1013,P,22,L,6.16
4GL9,B,H,JAK2,SOCS3,Q62120,O35718,1013,P,23,K,4.11
4GL9,B,H,JAK2,SOCS3,Q62120,O35718,1013,P,24,T,3.52
4GL9,B,H,JAK2,SOCS3,Q62120,O35718,1013,P,25,F,4.07
4GL9,B,H,JAK2,SOCS3,Q62120,O35718,1013,P,26,S,4.53
4GL9,B,H,JAK2,SOCS3,Q62120,O35718,1013,P,27,S,6.91
4GL9,B,H,JAK2,SOCS3,Q62120,O35718,1013,P,30,E,7.53
4GL9,B,H,JAK2,SOCS3,Q62120,O35718,1014,G,22,L,3.19
4GL9,B,H,JAK2,SOCS3,Q62120,O35718,1014,G,23,K,4.0
4GL9,B,H,JAK2,SOCS3,Q62120,O35718,1014,G,24,T,4.59
4GL9,B,H,JAK2,SOCS3,Q62120,O35718,1014,G,25,F,7.88
4GL9,B,H,JAK2,SOCS3,Q62120,O35718,1014,G,76,Q,6.81
4GL9,B,H,JAK2,SOCS3,Q62120,O35718,1015,E,22,L,3.25
4GL9,B,H,JAK2,SOCS3,Q62120,O35718,1015,E,23,K,4.78
4GL9,B,H,JAK2,SOCS3,Q62120,O35718,1015,E,24,T,6.43
4GL9,B,H,JAK2,SOCS3,Q62120,O35718,1015,E,76,Q,4.54
4GL9,B,H,JAK2,SOCS3,Q62120,O35718,1015,E,77,R,8.0
4GL9,B,H,JAK2,SOCS3,Q62120,O35718,1016,S,22,L,2.88
4GL9,B,H,JAK2,SOCS3,Q62120,O35718,1016,S,23,K,5.08
4GL9,B,H,JAK2,SOCS3,Q62120,O35718,1016,S,24,T,4.89
4GL9,B,H,JAK2,SOCS3,Q62120,O35718,1016,S,76,Q,6.08
4GL9,B,H,JAK2,SOCS3,Q62120,O35718,1017,P,22,L,5.72
4GL9,B,H,JAK2,SOCS3,Q62120,O35718,1017,P,23,K,7.84
4GL9,B,H,JAK2,SOCS3,Q62120,O35718,1017,P,24,T,7.94
4GL9,B,H,JAK2,SOCS3,Q62120,O35718,1018,I,22,L,3.68
4GL9,B,H,JAK2,SOCS3,Q62120,O35718,1018,I,23,K,5.37
4GL9,B,H,JAK2,SOCS3,Q62120,O35718,1018,I,24,T,4.92
4GL9,B,H,JAK2,SOCS3,Q62120,O35718,1018,I,25,F,7.31
4GL9,B,H,JAK2,SOCS3,Q62120,O35718,1018,I,76,Q,7.98
4GL9,B,H,JAK2,SOCS3,Q62120,O35718,1019,F,22,L,6.5
4GL9,B,H,JAK2,SOCS3,Q62120,O35718,1021,Y,22,L,6.65
4GL9,B,H,JAK2,SOCS3,Q62120,O35718,1021,Y,23,K,7.55
4GL9,B,H,JAK2,SOCS3,Q62120,O35718,1021,Y,24,T,4.61
4GL9,B,H,JAK2,SOCS3,Q62120,O35718,1021,Y,25,F,7.87
4GL9,B,H,JAK2,SOCS3,Q62120,O35718,1022,A,24,T,6.96
4GL9,B,H,JAK2,SOCS3,Q62120,O35718,1023,P,24,T,6.94
4GL9,B,H,JAK2,SOCS3,Q62120,O35718,1023,P,25,F,7.75
4GL9,B,H,JAK2,SOCS3,Q62120,O35718,1023,P,31,Y,7.91
4GL9,B,H,JAK2,SOCS3,Q62120,O35718,1024,E,24,T,6.74
4GL9,B,H,JAK2,SOCS3,Q62120,O35718,1024,E,25,F,7.33
4GL9,B,H,JAK2,SOCS3,Q62120,O35718,1024,E,28,K,7.98
4GL9,B,H,JAK2,SOCS3,Q62120,O35718,1025,S,23,K,7.82
4GL9,B,H,JAK2,SOCS3,Q62120,O35718,1025,S,24,T,3.21
4GL9,B,H,JAK2,SOCS3,Q62120,O35718,1025,S,25,F,5.33
4GL9,B,H,JAK2,SOCS3,Q62120,O35718,1025,S,26,S,7.53
4GL9,B,H,JAK2,SOCS3,Q62120,O35718,1026,L,22,L,7.64
4GL9,B,H,JAK2,SOCS3,Q62120,O35718,1026,L,23,K,6.71
4GL9,B,H,JAK2,SOCS3,Q62120,O35718,1026,L,24,T,2.9
4GL9,B,H,JAK2,SOCS3,Q62120,O35718,1026,L,25,F,3.37
4GL9,B,H,JAK2,SOCS3,Q62120,O35718,1026,L,26,S,6.04
4GL9,B,H,JAK2,SOCS3,Q62120,O35718,1026,L,27,S,6.61
4GL9,B,H,JAK2,SOCS3,Q62120,O35718,1026,L,28,K,7.63
4GL9,B,H,JAK2,SOCS3,Q62120,O35718,1026,L,31,Y,5.87
4GL9,B,H,JAK2,SOCS3,Q62120,O35718,1027,T,24,T,4.58
4GL9,B,H,JAK2,SOCS3,Q62120,O35718,1027,T,25,F,3.24
4GL9,B,H,JAK2,SOCS3,Q62120,O35718,1027,T,26,S,4.82
4GL9,B,H,JAK2,SOCS3,Q62120,O35718,1027,T,27,S,3.45
4GL9,B,H,JAK2,SOCS3,Q62120,O35718,1027,T,28,K,4.02
4GL9,B,H,JAK2,SOCS3,Q62120,O35718,1027,T,29,S,6.18
4GL9,B,H,JAK2,SOCS3,Q62120,O35718,1027,T,30,E,6.39
4GL9,B,H,JAK2,SOCS3,Q62120,O35718,1027,T,31,Y,4.4
4GL9,B,H,JAK2,SOCS3,Q62120,O35718,1027,T,32,Q,7.13
4GL9,B,H,JAK2,SOCS3,Q62120,O35718,1028,E,24,T,5.97
4GL9,B,H,JAK2,SOCS3,Q62120,O35718,1028,E,25,F,4.46
4GL9,B,H,JAK2,SOCS3,Q62120,O35718,1028,E,26,S,3.72
4GL9,B,H,JAK2,SOCS3,Q62120,O35718,1028,E,27,S,4.31
4GL9,B,H,JAK2,SOCS3,Q62120,O35718,1028,E,28,K,3.66
4GL9,B,H,JAK2,SOCS3,Q62120,O35718,1028,E,29,S,6.35
4GL9,B,H,JAK2,SOCS3,Q62120,O35718,1028,E,30,E,7.99
4GL9,B,H,JAK2,SOCS3,Q62120,O35718,1028,E,31,Y,6.13
4GL9,B,H,JAK2,SOCS3,Q62120,O35718,1029,S,23,K,7.96
4GL9,B,H,JAK2,SOCS3,Q62120,O35718,1029,S,24,T,4.05
4GL9,B,H,JAK2,SOCS3,Q62120,O35718,1029,S,25,F,3.22
4GL9,B,H,JAK2,SOCS3,Q62120,O35718,1029,S,26,S,4.26
4GL9,B,H,JAK2,SOCS3,Q62120,O35718,1029,S,27,S,5.58
4GL9,B,H,JAK2,SOCS3,Q62120,O35718,1029,S,28,K,6.22
4GL9,B,H,JAK2,SOCS3,Q62120,O35718,1030,K,24,T,6.86
4GL9,B,H,JAK2,SOCS3,Q62120,O35718,1030,K,25,F,6.54
4GL9,B,H,JAK2,SOCS3,Q62120,O35718,1030,K,26,S,6.75
4GL9,B,H,JAK2,SOCS3,Q62120,O35718,1030,K,27,S,7.75
4GL9,B,H,JAK2,SOCS3,Q62120,O35718,1030,K,28,K,7.7
4GL9,B,H,JAK2,SOCS3,Q62120,O35718,1031,F,24,T,5.11
4GL9,B,H,JAK2,SOCS3,Q62120,O35718,1031,F,25,F,7.27
4GL9,B,H,JAK2,SOCS3,Q62120,O35718,1062,M,22,L,7.94
4GL9,B,H,JAK2,SOCS3,Q62120,O35718,1065,I,50,A,7.52
4GL9,B,H,JAK2,SOCS3,Q62120,O35718,1066,G,50,A,7.29
4GL9,B,H,JAK2,SOCS3,Q62120,O35718,1067,N,50,A,7.45
4GL9,B,H,JAK2,SOCS3,Q62120,O35718,1068,D,48,W,7.99
4GL9,B,H,JAK2,SOCS3,Q62120,O35718,1068,D,49,S,4.47
4GL9,B,H,JAK2,SOCS3,Q62120,O35718,1068,D,50,A,3.29
4GL9,B,H,JAK2,SOCS3,Q62120,O35718,1068,D,51,V,5.33
4GL9,B,H,JAK2,SOCS3,Q62120,O35718,1068,D,52,T,5.67
4GL9,B,H,JAK2,SOCS3,Q62120,O35718,1068,D,55,E,6.82
4GL9,B,H,JAK2,SOCS3,Q62120,O35718,1068,D,72,D,6.71
4GL9,B,H,JAK2,SOCS3,Q62120,O35718,1068,D,73,S,7.73
4GL9,B,H,JAK2,SOCS3,Q62120,O35718,1068,D,74,S,7.91
4GL9,B,H,JAK2,SOCS3,Q62120,O35718,1069,K,49,S,6.28
4GL9,B,H,JAK2,SOCS3,Q62120,O35718,1069,K,50,A,3.61
4GL9,B,H,JAK2,SOCS3,Q62120,O35718,1069,K,51,V,6.92
4GL9,B,H,JAK2,SOCS3,Q62120,O35718,1069,K,52,T,7.89
4GL9,B,H,JAK2,SOCS3,Q62120,O35718,1069,K,72,D,5.69
4GL9,B,H,JAK2,SOCS3,Q62120,O35718,1069,K,73,S,6.88
4GL9,B,H,JAK2,SOCS3,Q62120,O35718,1069,K,74,S,7.93
4GL9,B,H,JAK2,SOCS3,Q62120,O35718,1070,Q,22,L,6.81
4GL9,B,H,JAK2,SOCS3,Q62120,O35718,1070,Q,48,W,7.01
4GL9,B,H,JAK2,SOCS3,Q62120,O35718,1070,Q,49,S,5.81
4GL9,B,H,JAK2,SOCS3,Q62120,O35718,1070,Q,50,A,2.67
4GL9,B,H,JAK2,SOCS3,Q62120,O35718,1070,Q,51,V,3.78
4GL9,B,H,JAK2,SOCS3,Q62120,O35718,1070,Q,52,T,3.73
4GL9,B,H,JAK2,SOCS3,Q62120,O35718,1070,Q,53,G,6.45
4GL9,B,H,JAK2,SOCS3,Q62120,O35718,1070,Q,55,E,7.04
4GL9,B,H,JAK2,SOCS3,Q62120,O35718,1070,Q,71,R,5.75
4GL9,B,H,JAK2,SOCS3,Q62120,O35718,1070,Q,72,D,3.93
4GL9,B,H,JAK2,SOCS3,Q62120,O35718,1070,Q,73,S,3.19
4GL9,B,H,JAK2,SOCS3,Q62120,O35718,1070,Q,74,S,3.31
4GL9,B,H,JAK2,SOCS3,Q62120,O35718,1070,Q,75,D,5.6
4GL9,B,H,JAK2,SOCS3,Q62120,O35718,1070,Q,76,Q,7.16
4GL9,B,H,JAK2,SOCS3,Q62120,O35718,1070,Q,78,H,6.47
4GL9,B,H,JAK2,SOCS3,Q62120,O35718,1070,Q,79,F,5.53
4GL9,B,H,JAK2,SOCS3,Q62120,O35718,1070,Q,80,F,7.77
4GL9,B,H,JAK2,SOCS3,Q62120,O35718,1071,G,22,L,3.54
4GL9,B,H,JAK2,SOCS3,Q62120,O35718,1071,G,23,K,7.06
4GL9,B,H,JAK2,SOCS3,Q62120,O35718,1071,G,50,A,7.21
4GL9,B,H,JAK2,SOCS3,Q62120,O35718,1071,G,52,T,7.94
4GL9,B,H,JAK2,SOCS3,Q62120,O35718,1071,G,72,D,5.85
4GL9,B,H,JAK2,SOCS3,Q62120,O35718,1071,G,73,S,3.04
4GL9,B,H,JAK2,SOCS3,Q62120,O35718,1071,G,74,S,3.4
4GL9,B,H,JAK2,SOCS3,Q62120,O35718,1071,G,75,D,3.42
4GL9,B,H,JAK2,SOCS3,Q62120,O35718,1071,G,76,Q,4.47
4GL9,B,H,JAK2,SOCS3,Q62120,O35718,1071,G,77,R,6.24
4GL9,B,H,JAK2,SOCS3,Q62120,O35718,1071,G,78,H,4.68
4GL9,B,H,JAK2,SOCS3,Q62120,O35718,1071,G,79,F,5.61
4GL9,B,H,JAK2,SOCS3,Q62120,O35718,1071,G,80,F,7.59
4GL9,B,H,JAK2,SOCS3,Q62120,O35718,1072,Q,22,L,3.83
4GL9,B,H,JAK2,SOCS3,Q62120,O35718,1072,Q,23,K,3.35
4GL9,B,H,JAK2,SOCS3,Q62120,O35718,1072,Q,24,T,4.77
4GL9,B,H,JAK2,SOCS3,Q62120,O35718,1072,Q,25,F,5.41
4GL9,B,H,JAK2,SOCS3,Q62120,O35718,1072,Q,26,S,6.62
4GL9,B,H,JAK2,SOCS3,Q62120,O35718,1072,Q,30,E,4.78
4GL9,B,H,JAK2,SOCS3,Q62120,O35718,1072,Q,34,V,7.35
4GL9,B,H,JAK2,SOCS3,Q62120,O35718,1072,Q,72,D,6.68
4GL9,B,H,JAK2,SOCS3,Q62120,O35718,1072,Q,73,S,4.4
4GL9,B,H,JAK2,SOCS3,Q62120,O35718,1072,Q,74,S,5.11
4GL9,B,H,JAK2,SOCS3,Q62120,O35718,1072,Q,75,D,3.06
4GL9,B,H,JAK2,SOCS3,Q62120,O35718,1072,Q,76,Q,3.3
4GL9,B,H,JAK2,SOCS3,Q62120,O35718,1072,Q,77,R,2.83
4GL9,B,H,JAK2,SOCS3,Q62120,O35718,1072,Q,78,H,3.25
4GL9,B,H,JAK2,SOCS3,Q62120,O35718,1072,Q,79,F,3.26
4GL9,B,H,JAK2,SOCS3,Q62120,O35718,1072,Q,80,F,6.29
4GL9,B,H,JAK2,SOCS3,Q62120,O35718,1072,Q,95,I,6.72
4GL9,B,H,JAK2,SOCS3,Q62120,O35718,1072,Q,96,Q,7.32
4GL9,B,H,JAK2,SOCS3,Q62120,O35718,1072,Q,97,C,5.99
4GL9,B,H,JAK2,SOCS3,Q62120,O35718,1073,M,22,L,5.59
4GL9,B,H,JAK2,SOCS3,Q62120,O35718,1073,M,23,K,7.22
4GL9,B,H,JAK2,SOCS3,Q62120,O35718,1073,M,25,F,6.72
4GL9,B,H,JAK2,SOCS3,Q62120,O35718,1073,M,34,V,4.35
4GL9,B,H,JAK2,SOCS3,Q62120,O35718,1073,M,35,V,7.76
4GL9,B,H,JAK2,SOCS3,Q62120,O35718,1073,M,38,V,4.69
4GL9,B,H,JAK2,SOCS3,Q62120,O35718,1073,M,41,L,7.45
4GL9,B,H,JAK2,SOCS3,Q62120,O35718,1073,M,42,Q,7.41
4GL9,B,H,JAK2,SOCS3,Q62120,O35718,1073,M,47,Y,4.14
4GL9,B,H,JAK2,SOCS3,Q62120,O35718,1073,M,49,S,5.82
4GL9,B,H,JAK2,SOCS3,Q62120,O35718,1073,M,50,A,6.53
4GL9,B,H,JAK2,SOCS3,Q62120,O35718,1073,M,71,R,6.51
4GL9,B,H,JAK2,SOCS3,Q62120,O35718,1073,M,72,D,3.66
4GL9,B,H,JAK2,SOCS3,Q62120,O35718,1073,M,73,S,5.28
4GL9,B,H,JAK2,SOCS3,Q62120,O35718,1073,M,74,S,7.32
4GL9,B,H,JAK2,SOCS3,Q62120,O35718,1073,M,75,D,5.53
4GL9,B,H,JAK2,SOCS3,Q62120,O35718,1073,M,76,Q,6.5
4GL9,B,H,JAK2,SOCS3,Q62120,O35718,1073,M,77,R,7.71
4GL9,B,H,JAK2,SOCS3,Q62120,O35718,1073,M,78,H,4.91
4GL9,B,H,JAK2,SOCS3,Q62120,O35718,1073,M,79,F,3.47
4GL9,B,H,JAK2,SOCS3,Q62120,O35718,1073,M,80,F,3.86
4GL9,B,H,JAK2,SOCS3,Q62120,O35718,1073,M,81,T,7.54
4GL9,B,H,JAK2,SOCS3,Q62120,O35718,1074,I,22,L,5.03
4GL9,B,H,JAK2,SOCS3,Q62120,O35718,1074,I,23,K,7.73
4GL9,B,H,JAK2,SOCS3,Q62120,O35718,1074,I,25,F,6.99
4GL9,B,H,JAK2,SOCS3,Q62120,O35718,1074,I,50,A,7.82
4GL9,B,H,JAK2,SOCS3,Q62120,O35718,1074,I,72,D,6.72
4GL9,B,H,JAK2,SOCS3,Q62120,O35718,1074,I,73,S,6.97
4GL9,B,H,JAK2,SOCS3,Q62120,O35718,1074,I,74,S,7.11
4GL9,B,H,JAK2,SOCS3,Q62120,O35718,1074,I,75,D,7.47
4GL9,B,H,JAK2,SOCS3,Q62120,O35718,1074,I,76,Q,7.18
4GL9,B,H,JAK2,SOCS3,Q62120,O35718,1074,I,78,H,7.51
4GL9,B,H,JAK2,SOCS3,Q62120,O35718,1074,I,79,F,6.7
4GL9,B,H,JAK2,SOCS3,Q62120,O35718,1075,V,22,L,3.97
4GL9,B,H,JAK2,SOCS3,Q62120,O35718,1075,V,23,K,3.72
4GL9,B,H,JAK2,SOCS3,Q62120,O35718,1075,V,24,T,4.48
4GL9,B,H,JAK2,SOCS3,Q62120,O35718,1075,V,25,F,3.78
4GL9,B,H,JAK2,SOCS3,Q62120,O35718,1075,V,31,Y,5.96
4GL9,B,H,JAK2,SOCS3,Q62120,O35718,1075,V,76,Q,6.54
4GL9,B,H,JAK2,SOCS3,Q62120,O35718,1075,V,79,F,5.84
4GL9,B,H,JAK2,SOCS3,Q62120,O35718,1076,F,22,L,7.64
4GL9,B,H,JAK2,SOCS3,Q62120,O35718,1076,F,23,K,7.42
4GL9,B,H,JAK2,SOCS3,Q62120,O35718,1076,F,25,F,4.25
4GL9,B,H,JAK2,SOCS3,Q62120,O35718,1076,F,30,E,7.61
4GL9,B,H,JAK2,SOCS3,Q62120,O35718,1076,F,31,Y,3.9
4GL9,B,H,JAK2,SOCS3,Q62120,O35718,1076,F,32,Q,7.15
4GL9,B,H,JAK2,SOCS3,Q62120,O35718,1076,F,33,L,7.51
4GL9,B,H,JAK2,SOCS3,Q62120,O35718,1076,F,34,V,4.53
4GL9,B,H,JAK2,SOCS3,Q62120,O35718,1076,F,35,V,3.61
4GL9,B,H,JAK2,SOCS3,Q62120,O35718,1076,F,36,N,6.54
4GL9,B,H,JAK2,SOCS3,Q62120,O35718,1076,F,37,A,7.84
4GL9,B,H,JAK2,SOCS3,Q62120,O35718,1076,F,38,V,3.8
4GL9,B,H,JAK2,SOCS3,Q62120,O35718,1076,F,39,R,6.69
4GL9,B,H,JAK2,SOCS3,Q62120,O35718,1076,F,42,Q,6.62
4GL9,B,H,JAK2,SOCS3,Q62120,O35718,1076,F,47,Y,6.92
4GL9,B,H,JAK2,SOCS3,Q62120,O35718,1076,F,72,D,7.68
4GL9,B,H,JAK2,SOCS3,Q62120,O35718,1076,F,79,F,5.72
4GL9,B,H,JAK2,SOCS3,Q62120,O35718,1076,F,80,F,7.01
4GL9,B,H,JAK2,SOCS3,Q62120,O35718,1077,H,25,F,6.74
4GL9,B,H,JAK2,SOCS3,Q62120,O35718,1077,H,31,Y,7.02
4GL9,B,H,JAK2,SOCS3,Q62120,O35718,1077,H,34,V,7.91
4GL9,B,H,JAK2,SOCS3,Q62120,O35718,1077,H,38,V,6.8
4GL9,B,H,JAK2,SOCS3,Q62120,O35718,1077,H,42,Q,6.45
4GL9,B,H,JAK2,SOCS3,Q62120,O35718,1077,H,47,Y,5.38
4GL9,B,H,JAK2,SOCS3,Q62120,O35718,1077,H,49,S,4.43
4GL9,B,H,JAK2,SOCS3,Q62120,O35718,1077,H,50,A,5.72
4GL9,B,H,JAK2,SOCS3,Q62120,O35718,1077,H,72,D,4.45
4GL9,B,H,JAK2,SOCS3,Q62120,O35718,1077,H,80,F,7.86
4GL9,B,H,JAK2,SOCS3,Q62120,O35718,1078,L,25,F,7.89
4GL9,B,H,JAK2,SOCS3,Q62120,O35718,1078,L,31,Y,7.64
4GL9,B,H,JAK2,SOCS3,Q62120,O35718,1079,I,24,T,6.39
4GL9,B,H,JAK2,SOCS3,Q62120,O35718,1079,I,25,F,3.85
4GL9,B,H,JAK2,SOCS3,Q62120,O35718,1079,I,28,K,7.45
4GL9,B,H,JAK2,SOCS3,Q62120,O35718,1079,I,31,Y,3.66
4GL9,B,H,JAK2,SOCS3,Q62120,O35718,1079,I,35,V,7.56
4GL9,B,H,JAK2,SOCS3,Q62120,O35718,1080,E,25,F,7.9
4GL9,B,H,JAK2,SOCS3,Q62120,O35718,1080,E,31,Y,2.77
4GL9,B,H,JAK2,SOCS3,Q62120,O35718,1080,E,32,Q,7.89
4GL9,B,H,JAK2,SOCS3,Q62120,O35718,1080,E,35,V,5.2
4GL9,B,H,JAK2,SOCS3,Q62120,O35718,1080,E,38,V,7.61
4GL9,B,H,JAK2,SOCS3,Q62120,O35718,1081,L,31,Y,7.81
4GL9,B,H,JAK2,SOCS3,Q62120,O35718,1083,K,28,K,6.11
4GL9,B,H,JAK2,SOCS3,Q62120,O35718,1083,K,31,Y,5.11
4GL9,B,H,JAK2,SOCS3,Q62120,O35718,1083,K,32,Q,7.4
4GL9,C,G,JAK2,SOCS3,Q62120,O35718,975,R,24,T,7.08
4GL9,C,G,JAK2,SOCS3,Q62120,O35718,1009,K,26,S,6.32
4GL9,C,G,JAK2,SOCS3,Q62120,O35718,1009,K,27,S,7.9
4GL9,C,G,JAK2,SOCS3,Q62120,O35718,1010,V,24,T,6.45
4GL9,C,G,JAK2,SOCS3,Q62120,O35718,1010,V,25,F,5.28
4GL9,C,G,JAK2,SOCS3,Q62120,O35718,1010,V,26,S,4.44
4GL9,C,G,JAK2,SOCS3,Q62120,O35718,1010,V,27,S,6.52
4GL9,C,G,JAK2,SOCS3,Q62120,O35718,1011,K,23,K,6.97
4GL9,C,G,JAK2,SOCS3,Q62120,O35718,1011,K,24,T,6.97
4GL9,C,G,JAK2,SOCS3,Q62120,O35718,1011,K,25,F,6.34
4GL9,C,G,JAK2,SOCS3,Q62120,O35718,1011,K,26,S,3.75
4GL9,C,G,JAK2,SOCS3,Q62120,O35718,1011,K,27,S,3.24
4GL9,C,G,JAK2,SOCS3,Q62120,O35718,1011,K,28,K,6.33
4GL9,C,G,JAK2,SOCS3,Q62120,O35718,1011,K,29,S,6.17
4GL9,C,G,JAK2,SOCS3,Q62120,O35718,1011,K,30,E,6.48
4GL9,C,G,JAK2,SOCS3,Q62120,O35718,1011,K,99,G,6.94
4GL9,C,G,JAK2,SOCS3,Q62120,O35718,1012,E,23,K,6.72
4GL9,C,G,JAK2,SOCS3,Q62120,O35718,1012,E,24,T,6.77
4GL9,C,G,JAK2,SOCS3,Q62120,O35718,1012,E,25,F,7.19
4GL9,C,G,JAK2,SOCS3,Q62120,O35718,1012,E,26,S,5.57
4GL9,C,G,JAK2,SOCS3,Q62120,O35718,1012,E,27,S,7.96
4GL9,C,G,JAK2,SOCS3,Q62120,O35718,1013,P,22,L,6.46
4GL9,C,G,JAK2,SOCS3,Q62120,O35718,1013,P,23,K,4.02
4GL9,C,G,JAK2,SOCS3,Q62120,O35718,1013,P,24,T,3.52
4GL9,C,G,JAK2,SOCS3,Q62120,O35718,1013,P,25,F,3.99
4GL9,C,G,JAK2,SOCS3,Q62120,O35718,1013,P,26,S,4.12
4GL9,C,G,JAK2,SOCS3,Q62120,O35718,1013,P,27,S,6.69
4GL9,C,G,JAK2,SOCS3,Q62120,O35718,1013,P,30,E,7.1
4GL9,C,G,JAK2,SOCS3,Q62120,O35718,1013,P,77,R,7.76
4GL9,C,G,JAK2,SOCS3,Q62120,O35718,1014,G,22,L,3.38
4GL9,C,G,JAK2,SOCS3,Q62120,O35718,1014,G,23,K,3.89
4GL9,C,G,JAK2,SOCS3,Q62120,O35718,1014,G,24,T,4.36
4GL9,C,G,JAK2,SOCS3,Q62120,O35718,1014,G,25,F,7.61
4GL9,C,G,JAK2,SOCS3,Q62120,O35718,1014,G,76,Q,7.49
4GL9,C,G,JAK2,SOCS3,Q62120,O35718,1014,G,77,R,7.81
4GL9,C,G,JAK2,SOCS3,Q62120,O35718,1015,E,22,L,3.25
4GL9,C,G,JAK2,SOCS3,Q62120,O35718,1015,E,23,K,4.73
4GL9,C,G,JAK2,SOCS3,Q62120,O35718,1015,E,24,T,6.21
4GL9,C,G,JAK2,SOCS3,Q62120,O35718,1015,E,76,Q,5.19
4GL9,C,G,JAK2,SOCS3,Q62120,O35718,1015,E,77,R,7.65
4GL9,C,G,JAK2,SOCS3,Q62120,O35718,1016,S,22,L,2.83
4GL9,C,G,JAK2,SOCS3,Q62120,O35718,1016,S,23,K,5.03
4GL9,C,G,JAK2,SOCS3,Q62120,O35718,1016,S,24,T,4.2
4GL9,C,G,JAK2,SOCS3,Q62120,O35718,1016,S,25,F,7.85
4GL9,C,G,JAK2,SOCS3,Q62120,O35718,1016,S,76,Q,6.63
4GL9,C,G,JAK2,SOCS3,Q62120,O35718,1017,P,22,L,5.65
4GL9,C,G,JAK2,SOCS3,Q62120,O35718,1017,P,23,K,7.82
4GL9,C,G,JAK2,SOCS3,Q62120,O35718,1017,P,24,T,7.47
4GL9,C,G,JAK2,SOCS3,Q62120,O35718,1018,I,22,L,3.68
4GL9,C,G,JAK2,SOCS3,Q62120,O35718,1018,I,23,K,5.31
4GL9,C,G,JAK2,SOCS3,Q62120,O35718,1018,I,24,T,4.85
4GL9,C,G,JAK2,SOCS3,Q62120,O35718,1018,I,25,F,7.23
4GL9,C,G,JAK2,SOCS3,Q62120,O35718,1018,I,76,Q,7.79
4GL9,C,G,JAK2,SOCS3,Q62120,O35718,1019,F,22,L,6.45
4GL9,C,G,JAK2,SOCS3,Q62120,O35718,1021,Y,22,L,6.88
4GL9,C,G,JAK2,SOCS3,Q62120,O35718,1021,Y,23,K,7.79
4GL9,C,G,JAK2,SOCS3,Q62120,O35718,1021,Y,24,T,4.65
4GL9,C,G,JAK2,SOCS3,Q62120,O35718,1021,Y,25,F,7.83
4GL9,C,G,JAK2,SOCS3,Q62120,O35718,1022,A,24,T,6.7
4GL9,C,G,JAK2,SOCS3,Q62120,O35718,1023,P,24,T,6.77
4GL9,C,G,JAK2,SOCS3,Q62120,O35718,1023,P,25,F,7.34
4GL9,C,G,JAK2,SOCS3,Q62120,O35718,1023,P,31,Y,7.55
4GL9,C,G,JAK2,SOCS3,Q62120,O35718,1024,E,24,T,6.44
4GL9,C,G,JAK2,SOCS3,Q62120,O35718,1024,E,25,F,6.82
4GL9,C,G,JAK2,SOCS3,Q62120,O35718,1024,E,26,S,7.66
4GL9,C,G,JAK2,SOCS3,Q62120,O35718,1024,E,27,S,7.67
4GL9,C,G,JAK2,SOCS3,Q62120,O35718,1024,E,28,K,7.52
4GL9,C,G,JAK2,SOCS3,Q62120,O35718,1025,S,23,K,7.6
4GL9,C,G,JAK2,SOCS3,Q62120,O35718,1025,S,24,T,2.91
4GL9,C,G,JAK2,SOCS3,Q62120,O35718,1025,S,25,F,5.03
4GL9,C,G,JAK2,SOCS3,Q62120,O35718,1025,S,26,S,7.22
4GL9,C,G,JAK2,SOCS3,Q62120,O35718,1026,L,22,L,7.47
4GL9,C,G,JAK2,SOCS3,Q62120,O35718,1026,L,23,K,6.46
4GL9,C,G,JAK2,SOCS3,Q62120,O35718,1026,L,24,T,3.04
4GL9,C,G,JAK2,SOCS3,Q62120,O35718,1026,L,25,F,3.12
4GL9,C,G,JAK2,SOCS3,Q62120,O35718,1026,L,26,S,5.86
4GL9,C,G,JAK2,SOCS3,Q62120,O35718,1026,L,27,S,6.57
4GL9,C,G,JAK2,SOCS3,Q62120,O35718,1026,L,28,K,7.68
4GL9,C,G,JAK2,SOCS3,Q62120,O35718,1026,L,31,Y,5.72
4GL9,C,G,JAK2,SOCS3,Q62120,O35718,1026,L,79,F,7.92
4GL9,C,G,JAK2,SOCS3,Q62120,O35718,1027,T,24,T,4.58
4GL9,C,G,JAK2,SOCS3,Q62120,O35718,1027,T,25,F,3.05
4GL9,C,G,JAK2,SOCS3,Q62120,O35718,1027,T,26,S,4.62
4GL9,C,G,JAK2,SOCS3,Q62120,O35718,1027,T,27,S,3.25
4GL9,C,G,JAK2,SOCS3,Q62120,O35718,1027,T,28,K,3.97
4GL9,C,G,JAK2,SOCS3,Q62120,O35718,1027,T,29,S,6.09
4GL9,C,G,JAK2,SOCS3,Q62120,O35718,1027,T,30,E,6.09
4GL9,C,G,JAK2,SOCS3,Q62120,O35718,1027,T,31,Y,4.19
4GL9,C,G,JAK2,SOCS3,Q62120,O35718,1027,T,32,Q,6.87
4GL9,C,G,JAK2,SOCS3,Q62120,O35718,1028,E,24,T,5.89
4GL9,C,G,JAK2,SOCS3,Q62120,O35718,1028,E,25,F,4.29
4GL9,C,G,JAK2,SOCS3,Q62120,O35718,1028,E,26,S,3.45
4GL9,C,G,JAK2,SOCS3,Q62120,O35718,1028,E,27,S,4.13
4GL9,C,G,JAK2,SOCS3,Q62120,O35718,1028,E,28,K,3.47
4GL9,C,G,JAK2,SOCS3,Q62120,O35718,1028,E,29,S,6.17
4GL9,C,G,JAK2,SOCS3,Q62120,O35718,1028,E,30,E,7.76
4GL9,C,G,JAK2,SOCS3,Q62120,O35718,1028,E,31,Y,5.88
4GL9,C,G,JAK2,SOCS3,Q62120,O35718,1029,S,24,T,4.32
4GL9,C,G,JAK2,SOCS3,Q62120,O35718,1029,S,25,F,3.19
4GL9,C,G,JAK2,SOCS3,Q62120,O35718,1029,S,26,S,4.15
4GL9,C,G,JAK2,SOCS3,Q62120,O35718,1029,S,27,S,5.45
4GL9,C,G,JAK2,SOCS3,Q62120,O35718,1029,S,28,K,6.21
4GL9,C,G,JAK2,SOCS3,Q62120,O35718,1030,K,24,T,6.82
4GL9,C,G,JAK2,SOCS3,Q62120,O35718,1030,K,25,F,6.4
4GL9,C,G,JAK2,SOCS3,Q62120,O35718,1030,K,26,S,6.47
4GL9,C,G,JAK2,SOCS3,Q62120,O35718,1030,K,27,S,7.49
4GL9,C,G,JAK2,SOCS3,Q62120,O35718,1030,K,28,K,7.26
4GL9,C,G,JAK2,SOCS3,Q62120,O35718,1031,F,24,T,5.36
4GL9,C,G,JAK2,SOCS3,Q62120,O35718,1031,F,25,F,7.39
4GL9,C,G,JAK2,SOCS3,Q62120,O35718,1062,M,22,L,7.71
4GL9,C,G,JAK2,SOCS3,Q62120,O35718,1065,I,50,A,7.09
4GL9,C,G,JAK2,SOCS3,Q62120,O35718,1066,G,50,A,7.09
4GL9,C,G,JAK2,SOCS3,Q62120,O35718,1067,N,50,A,7.44
4GL9,C,G,JAK2,SOCS3,Q62120,O35718,1068,D,49,S,6.03
4GL9,C,G,JAK2,SOCS3,Q62120,O35718,1068,D,50,A,3.48
4GL9,C,G,JAK2,SOCS3,Q62120,O35718,1068,D,51,V,5.61
4GL9,C,G,JAK2,SOCS3,Q62120,O35718,1068,D,52,T,5.55
4GL9,C,G,JAK2,SOCS3,Q62120,O35718,1068,D,72,D,6.79
4GL9,C,G,JAK2,SOCS3,Q62120,O35718,1068,D,73,S,7.59
4GL9,C,G,JAK2,SOCS3,Q62120,O35718,1068,D,74,S,7.77
4GL9,C,G,JAK2,SOCS3,Q62120,O35718,1069,K,22,L,7.9
4GL9,C,G,JAK2,SOCS3,Q62120,O35718,1069,K,47,Y,7.95
4GL9,C,G,JAK2,SOCS3,Q62120,O35718,1069,K,49,S,5.55
4GL9,C,G,JAK2,SOCS3,Q62120,O35718,1069,K,50,A,3.64
4GL9,C,G,JAK2,SOCS3,Q62120,O35718,1069,K,51,V,6.83
4GL9,C,G,JAK2,SOCS3,Q62120,O35718,1069,K,52,T,7.65
4GL9,C,G,JAK2,SOCS3,Q62120,O35718,1069,K,72,D,5.71
4GL9,C,G,JAK2,SOCS3,Q62120,O35718,1069,K,73,S,6.82
4GL9,C,G,JAK2,SOCS3,Q62120,O35718,1069,K,74,S,7.81
4GL9,C,G,JAK2,SOCS3,Q62120,O35718,1070,Q,22,L,6.46
4GL9,C,G,JAK2,SOCS3,Q62120,O35718,1070,Q,48,W,6.94
4GL9,C,G,JAK2,SOCS3,Q62120,O35718,1070,Q,49,S,5.79
4GL9,C,G,JAK2,SOCS3,Q62120,O35718,1070,Q,50,A,3.44
4GL9,C,G,JAK2,SOCS3,Q62120,O35718,1070,Q,51,V,4.32
4GL9,C,G,JAK2,SOCS3,Q62120,O35718,1070,Q,52,T,3.38
4GL9,C,G,JAK2,SOCS3,Q62120,O35718,1070,Q,53,G,5.56
4GL9,C,G,JAK2,SOCS3,Q62120,O35718,1070,Q,54,G,7.7
4GL9,C,G,JAK2,SOCS3,Q62120,O35718,1070,Q,55,E,7.66
4GL9,C,G,JAK2,SOCS3,Q62120,O35718,1070,Q,71,R,4.96
4GL9,C,G,JAK2,SOCS3,Q62120,O35718,1070,Q,72,D,3.84
4GL9,C,G,JAK2,SOCS3,Q62120,O35718,1070,Q,73,S,3.35
4GL9,C,G,JAK2,SOCS3,Q62120,O35718,1070,Q,74,S,2.9
4GL9,C,G,JAK2,SOCS3,Q62120,O35718,1070,Q,75,D,5.58
4GL9,C,G,JAK2,SOCS3,Q62120,O35718,1070,Q,76,Q,6.75
4GL9,C,G,JAK2,SOCS3,Q62120,O35718,1070,Q,78,H,6.15
4GL9,C,G,JAK2,SOCS3,Q62120,O35718,1070,Q,79,F,5.59
4GL9,C,G,JAK2,SOCS3,Q62120,O35718,1070,Q,80,F,7.82
4GL9,C,G,JAK2,SOCS3,Q62120,O35718,1071,G,22,L,3.25
4GL9,C,G,JAK2,SOCS3,Q62120,O35718,1071,G,23,K,6.75
4GL9,C,G,JAK2,SOCS3,Q62120,O35718,1071,G,50,A,7.32
4GL9,C,G,JAK2,SOCS3,Q62120,O35718,1071,G,52,T,7.79
4GL9,C,G,JAK2,SOCS3,Q62120,O35718,1071,G,72,D,5.83
4GL9,C,G,JAK2,SOCS3,Q62120,O35718,1071,G,73,S,3.05
4GL9,C,G,JAK2,SOCS3,Q62120,O35718,1071,G,74,S,3.37
4GL9,C,G,JAK2,SOCS3,Q62120,O35718,1071,G,75,D,3.21
4GL9,C,G,JAK2,SOCS3,Q62120,O35718,1071,G,76,Q,4.05
4GL9,C,G,JAK2,SOCS3,Q62120,O35718,1071,G,77,R,5.88
4GL9,C,G,JAK2,SOCS3,Q62120,O35718,1071,G,78,H,4.51
4GL9,C,G,JAK2,SOCS3,Q62120,O35718,1071,G,79,F,5.8
4GL9,C,G,JAK2,SOCS3,Q62120,O35718,1071,G,80,F,7.69
4GL9,C,G,JAK2,SOCS3,Q62120,O35718,1072,Q,22,L,3.64
4GL9,C,G,JAK2,SOCS3,Q62120,O35718,1072,Q,23,K,3.01
4GL9,C,G,JAK2,SOCS3,Q62120,O35718,1072,Q,24,T,4.53
4GL9,C,G,JAK2,SOCS3,Q62120,O35718,1072,Q,25,F,5.23
4GL9,C,G,JAK2,SOCS3,Q62120,O35718,1072,Q,26,S,6.68
4GL9,C,G,JAK2,SOCS3,Q62120,O35718,1072,Q,30,E,5.13
4GL9,C,G,JAK2,SOCS3,Q62120,O35718,1072,Q,34,V,7.69
4GL9,C,G,JAK2,SOCS3,Q62120,O35718,1072,Q,72,D,6.64
4GL9,C,G,JAK2,SOCS3,Q62120,O35718,1072,Q,73,S,4.44
4GL9,C,G,JAK2,SOCS3,Q62120,O35718,1072,Q,74,S,5.2
4GL9,C,G,JAK2,SOCS3,Q62120,O35718,1072,Q,75,D,3.07
4GL9,C,G,JAK2,SOCS3,Q62120,O35718,1072,Q,76,Q,3.19
4GL9,C,G,JAK2,SOCS3,Q62120,O35718,1072,Q,77,R,2.76
4GL9,C,G,JAK2,SOCS3,Q62120,O35718,1072,Q,78,H,3.29
4GL9,C,G,JAK2,SOCS3,Q62120,O35718,1072,Q,79,F,3.25
4GL9,C,G,JAK2,SOCS3,Q62120,O35718,1072,Q,80,F,6.5
4GL9,C,G,JAK2,SOCS3,Q62120,O35718,1072,Q,95,I,6.95
4GL9,C,G,JAK2,SOCS3,Q62120,O35718,1072,Q,96,Q,7.47
4GL9,C,G,JAK2,SOCS3,Q62120,O35718,1072,Q,97,C,6.54
4GL9,C,G,JAK2,SOCS3,Q62120,O35718,1073,M,22,L,5.33
4GL9,C,G,JAK2,SOCS3,Q62120,O35718,1073,M,23,K,7.06
4GL9,C,G,JAK2,SOCS3,Q62120,O35718,1073,M,25,F,6.77
4GL9,C,G,JAK2,SOCS3,Q62120,O35718,1073,M,34,V,4.65
4GL9,C,G,JAK2,SOCS3,Q62120,O35718,1073,M,38,V,4.72
4GL9,C,G,JAK2,SOCS3,Q62120,O35718,1073,M,41,L,7.9
4GL9,C,G,JAK2,SOCS3,Q62120,O35718,1073,M,42,Q,7.43
4GL9,C,G,JAK2,SOCS3,Q62120,O35718,1073,M,47,Y,3.84
4GL9,C,G,JAK2,SOCS3,Q62120,O35718,1073,M,49,S,5.47
4GL9,C,G,JAK2,SOCS3,Q62120,O35718,1073,M,50,A,6.33
4GL9,C,G,JAK2,SOCS3,Q62120,O35718,1073,M,71,R,6.34
4GL9,C,G,JAK2,SOCS3,Q62120,O35718,1073,M,72,D,3.4
4GL9,C,G,JAK2,SOCS3,Q62120,O35718,1073,M,73,S,5.17
4GL9,C,G,JAK2,SOCS3,Q62120,O35718,1073,M,74,S,7.33
4GL9,C,G,JAK2,SOCS3,Q62120,O35718,1073,M,75,D,5.49
4GL9,C,G,JAK2,SOCS3,Q62120,O35718,1073,M,76,Q,6.22
4GL9,C,G,JAK2,SOCS3,Q62120,O35718,1073,M,77,R,7.45
4GL9,C,G,JAK2,SOCS3,Q62120,O35718,1073,M,78,H,4.69
4GL9,C,G,JAK2,SOCS3,Q62120,O35718,1073,M,79,F,3.32
4GL9,C,G,JAK2,SOCS3,Q62120,O35718,1073,M,80,F,4.11
4GL9,C,G,JAK2,SOCS3,Q62120,O35718,1073,M,81,T,7.54
4GL9,C,G,JAK2,SOCS3,Q62120,O35718,1074,I,22,L,4.58
4GL9,C,G,JAK2,SOCS3,Q62120,O35718,1074,I,23,K,7.55
4GL9,C,G,JAK2,SOCS3,Q62120,O35718,1074,I,25,F,7.35
4GL9,C,G,JAK2,SOCS3,Q62120,O35718,1074,I,50,A,7.8
4GL9,C,G,JAK2,SOCS3,Q62120,O35718,1074,I,72,D,6.51
4GL9,C,G,JAK2,SOCS3,Q62120,O35718,1074,I,73,S,6.89
4GL9,C,G,JAK2,SOCS3,Q62120,O35718,1074,I,74,S,6.94
4GL9,C,G,JAK2,SOCS3,Q62120,O35718,1074,I,75,D,7.37
4GL9,C,G,JAK2,SOCS3,Q62120,O35718,1074,I,76,Q,6.39
4GL9,C,G,JAK2,SOCS3,Q62120,O35718,1074,I,78,H,7.27
4GL9,C,G,JAK2,SOCS3,Q62120,O35718,1074,I,79,F,6.79
4GL9,C,G,JAK2,SOCS3,Q62120,O35718,1075,V,22,L,3.66
4GL9,C,G,JAK2,SOCS3,Q62120,O35718,1075,V,23,K,3.58
4GL9,C,G,JAK2,SOCS3,Q62120,O35718,1075,V,24,T,4.38
4GL9,C,G,JAK2,SOCS3,Q62120,O35718,1075,V,25,F,4.2
4GL9,C,G,JAK2,SOCS3,Q62120,O35718,1075,V,31,Y,6.16
4GL9,C,G,JAK2,SOCS3,Q62120,O35718,1075,V,76,Q,6.18
4GL9,C,G,JAK2,SOCS3,Q62120,O35718,1075,V,79,F,5.81
4GL9,C,G,JAK2,SOCS3,Q62120,O35718,1076,F,22,L,7.21
4GL9,C,G,JAK2,SOCS3,Q62120,O35718,1076,F,23,K,7.07
4GL9,C,G,JAK2,SOCS3,Q62120,O35718,1076,F,24,T,7.93
4GL9,C,G,JAK2,SOCS3,Q62120,O35718,1076,F,25,F,4.42
4GL9,C,G,JAK2,SOCS3,Q62120,O35718,1076,F,30,E,7.61
4GL9,C,G,JAK2,SOCS3,Q62120,O35718,1076,F,31,Y,4.04
4GL9,C,G,JAK2,SOCS3,Q62120,O35718,1076,F,32,Q,7.34
4GL9,C,G,JAK2,SOCS3,Q62120,O35718,1076,F,33,L,7.33
4GL9,C,G,JAK2,SOCS3,Q62120,O35718,1076,F,34,V,4.05
4GL9,C,G,JAK2,SOCS3,Q62120,O35718,1076,F,35,V,4.18
4GL9,C,G,JAK2,SOCS3,Q62120,O35718,1076,F,36,N,6.69
4GL9,C,G,JAK2,SOCS3,Q62120,O35718,1076,F,37,A,7.6
4GL9,C,G,JAK2,SOCS3,Q62120,O35718,1076,F,38,V,3.55
4GL9,C,G,JAK2,SOCS3,Q62120,O35718,1076,F,39,R,6.57
4GL9,C,G,JAK2,SOCS3,Q62120,O35718,1076,F,42,Q,6.53
4GL9,C,G,JAK2,SOCS3,Q62120,O35718,1076,F,47,Y,6.17
4GL9,C,G,JAK2,SOCS3,Q62120,O35718,1076,F,49,S,7.51
4GL9,C,G,JAK2,SOCS3,Q62120,O35718,1076,F,72,D,7.09
4GL9,C,G,JAK2,SOCS3,Q62120,O35718,1076,F,79,F,5.39
4GL9,C,G,JAK2,SOCS3,Q62120,O35718,1076,F,80,F,6.84
4GL9,C,G,JAK2,SOCS3,Q62120,O35718,1077,H,25,F,6.82
4GL9,C,G,JAK2,SOCS3,Q62120,O35718,1077,H,31,Y,7.02
4GL9,C,G,JAK2,SOCS3,Q62120,O35718,1077,H,34,V,7.88
4GL9,C,G,JAK2,SOCS3,Q62120,O35718,1077,H,38,V,6.6
4GL9,C,G,JAK2,SOCS3,Q62120,O35718,1077,H,42,Q,6.22
4GL9,C,G,JAK2,SOCS3,Q62120,O35718,1077,H,47,Y,5.06
4GL9,C,G,JAK2,SOCS3,Q62120,O35718,1077,H,49,S,4.07
4GL9,C,G,JAK2,SOCS3,Q62120,O35718,1077,H,50,A,5.57
4GL9,C,G,JAK2,SOCS3,Q62120,O35718,1077,H,72,D,4.4
4GL9,C,G,JAK2,SOCS3,Q62120,O35718,1077,H,80,F,7.97
4GL9,C,G,JAK2,SOCS3,Q62120,O35718,1078,L,22,L,7.77
4GL9,C,G,JAK2,SOCS3,Q62120,O35718,1078,L,25,F,7.95
4GL9,C,G,JAK2,SOCS3,Q62120,O35718,1078,L,31,Y,7.5
4GL9,C,G,JAK2,SOCS3,Q62120,O35718,1079,I,24,T,6.23
4GL9,C,G,JAK2,SOCS3,Q62120,O35718,1079,I,25,F,3.52
4GL9,C,G,JAK2,SOCS3,Q62120,O35718,1079,I,28,K,7.86
4GL9,C,G,JAK2,SOCS3,Q62120,O35718,1079,I,31,Y,3.49
4GL9,C,G,JAK2,SOCS3,Q62120,O35718,1079,I,35,V,7.38
4GL9,C,G,JAK2,SOCS3,Q62120,O35718,1079,I,79,F,7.8
4GL9,C,G,JAK2,SOCS3,Q62120,O35718,1080,E,25,F,7.38
4GL9,C,G,JAK2,SOCS3,Q62120,O35718,1080,E,31,Y,2.72
4GL9,C,G,JAK2,SOCS3,Q62120,O35718,1080,E,34,V,7.65
4GL9,C,G,JAK2,SOCS3,Q62120,O35718,1080,E,35,V,5.05
4GL9,C,G,JAK2,SOCS3,Q62120,O35718,1080,E,38,V,6.97
4GL9,C,G,JAK2,SOCS3,Q62120,O35718,1081,L,31,Y,7.48
4GL9,C,G,JAK2,SOCS3,Q62120,O35718,1083,K,28,K,5.66
4GL9,C,G,JAK2,SOCS3,Q62120,O35718,1083,K,31,Y,4.78
4GL9,C,G,JAK2,SOCS3,Q62120,O35718,1083,K,32,Q,6.89
4GL9,C,G,JAK2,SOCS3,Q62120,O35718,1083,K,35,V,7.82
4GL9,D,F,JAK2,SOCS3,Q62120,O35718,975,R,24,T,7.09
4GL9,D,F,JAK2,SOCS3,Q62120,O35718,1009,K,26,S,6.71
4GL9,D,F,JAK2,SOCS3,Q62120,O35718,1010,V,24,T,6.07
4GL9,D,F,JAK2,SOCS3,Q62120,O35718,1010,V,25,F,5.22
4GL9,D,F,JAK2,SOCS3,Q62120,O35718,1010,V,26,S,4.5
4GL9,D,F,JAK2,SOCS3,Q62120,O35718,1010,V,27,S,6.56
4GL9,D,F,JAK2,SOCS3,Q62120,O35718,1011,K,23,K,6.78
4GL9,D,F,JAK2,SOCS3,Q62120,O35718,1011,K,24,T,6.74
4GL9,D,F,JAK2,SOCS3,Q62120,O35718,1011,K,25,F,6.19
4GL9,D,F,JAK2,SOCS3,Q62120,O35718,1011,K,26,S,3.69
4GL9,D,F,JAK2,SOCS3,Q62120,O35718,1011,K,27,S,3.25
4GL9,D,F,JAK2,SOCS3,Q62120,O35718,1011,K,28,K,6.19
4GL9,D,F,JAK2,SOCS3,Q62120,O35718,1011,K,29,S,6.19
4GL9,D,F,JAK2,SOCS3,Q62120,O35718,1011,K,30,E,6.66
4GL9,D,F,JAK2,SOCS3,Q62120,O35718,1011,K,99,G,7.14
4GL9,D,F,JAK2,SOCS3,Q62120,O35718,1012,E,23,K,6.91
4GL9,D,F,JAK2,SOCS3,Q62120,O35718,1012,E,24,T,6.78
4GL9,D,F,JAK2,SOCS3,Q62120,O35718,1012,E,25,F,7.13
4GL9,D,F,JAK2,SOCS3,Q62120,O35718,1012,E,26,S,5.63
4GL9,D,F,JAK2,SOCS3,Q62120,O35718,1012,E,27,S,7.96
4GL9,D,F,JAK2,SOCS3,Q62120,O35718,1013,P,22,L,5.77
4GL9,D,F,JAK2,SOCS3,Q62120,O35718,1013,P,23,K,4.36
4GL9,D,F,JAK2,SOCS3,Q62120,O35718,1013,P,24,T,3.46
4GL9,D,F,JAK2,SOCS3,Q62120,O35718,1013,P,25,F,4.06
4GL9,D,F,JAK2,SOCS3,Q62120,O35718,1013,P,26,S,4.18
4GL9,D,F,JAK2,SOCS3,Q62120,O35718,1013,P,27,S,6.76
4GL9,D,F,JAK2,SOCS3,Q62120,O35718,1013,P,30,E,7.16
4GL9,D,F,JAK2,SOCS3,Q62120,O35718,1013,P,77,R,7.6
4GL9,D,F,JAK2,SOCS3,Q62120,O35718,1014,G,22,L,2.85
4GL9,D,F,JAK2,SOCS3,Q62120,O35718,1014,G,23,K,4.17
4GL9,D,F,JAK2,SOCS3,Q62120,O35718,1014,G,24,T,4.7
4GL9,D,F,JAK2,SOCS3,Q62120,O35718,1014,G,76,Q,7.2
4GL9,D,F,JAK2,SOCS3,Q62120,O35718,1015,E,22,L,3.38
4GL9,D,F,JAK2,SOCS3,Q62120,O35718,1015,E,23,K,5.16
4GL9,D,F,JAK2,SOCS3,Q62120,O35718,1015,E,24,T,6.67
4GL9,D,F,JAK2,SOCS3,Q62120,O35718,1015,E,76,Q,5.38
4GL9,D,F,JAK2,SOCS3,Q62120,O35718,1016,S,22,L,3.19
4GL9,D,F,JAK2,SOCS3,Q62120,O35718,1016,S,23,K,5.39
4GL9,D,F,JAK2,SOCS3,Q62120,O35718,1016,S,24,T,4.96
4GL9,D,F,JAK2,SOCS3,Q62120,O35718,1016,S,76,Q,6.44
4GL9,D,F,JAK2,SOCS3,Q62120,O35718,1017,P,22,L,6.09
4GL9,D,F,JAK2,SOCS3,Q62120,O35718,1018,I,22,L,3.76
4GL9,D,F,JAK2,SOCS3,Q62120,O35718,1018,I,23,K,5.56
4GL9,D,F,JAK2,SOCS3,Q62120,O35718,1018,I,24,T,5.03
4GL9,D,F,JAK2,SOCS3,Q62120,O35718,1018,I,25,F,7.41
4GL9,D,F,JAK2,SOCS3,Q62120,O35718,1018,I,76,Q,7.94
4GL9,D,F,JAK2,SOCS3,Q62120,O35718,1019,F,22,L,6.49
4GL9,D,F,JAK2,SOCS3,Q62120,O35718,1021,Y,22,L,6.88
4GL9,D,F,JAK2,SOCS3,Q62120,O35718,1021,Y,23,K,7.96
4GL9,D,F,JAK2,SOCS3,Q62120,O35718,1021,Y,24,T,5.09
4GL9,D,F,JAK2,SOCS3,Q62120,O35718,1022,A,24,T,6.78
4GL9,D,F,JAK2,SOCS3,Q62120,O35718,1023,P,24,T,6.58
4GL9,D,F,JAK2,SOCS3,Q62120,O35718,1023,P,25,F,7.48
4GL9,D,F,JAK2,SOCS3,Q62120,O35718,1023,P,31,Y,7.9
4GL9,D,F,JAK2,SOCS3,Q62120,O35718,1024,E,24,T,6.38
4GL9,D,F,JAK2,SOCS3,Q62120,O35718,1024,E,25,F,6.88
4GL9,D,F,JAK2,SOCS3,Q62120,O35718,1024,E,26,S,7.71
4GL9,D,F,JAK2,SOCS3,Q62120,O35718,1024,E,27,S,7.93
4GL9,D,F,JAK2,SOCS3,Q62120,O35718,1024,E,28,K,7.79
4GL9,D,F,JAK2,SOCS3,Q62120,O35718,1025,S,23,K,7.47
4GL9,D,F,JAK2,SOCS3,Q62120,O35718,1025,S,24,T,2.9
4GL9,D,F,JAK2,SOCS3,Q62120,O35718,1025,S,25,F,5.07
4GL9,D,F,JAK2,SOCS3,Q62120,O35718,1025,S,26,S,7.29
4GL9,D,F,JAK2,SOCS3,Q62120,O35718,1026,L,22,L,7.58
4GL9,D,F,JAK2,SOCS3,Q62120,O35718,1026,L,23,K,6.47
4GL9,D,F,JAK2,SOCS3,Q62120,O35718,1026,L,24,T,2.8
4GL9,D,F,JAK2,SOCS3,Q62120,O35718,1026,L,25,F,3.24
4GL9,D,F,JAK2,SOCS3,Q62120,O35718,1026,L,26,S,5.84
4GL9,D,F,JAK2,SOCS3,Q62120,O35718,1026,L,27,S,6.51
4GL9,D,F,JAK2,SOCS3,Q62120,O35718,1026,L,28,K,7.54
4GL9,D,F,JAK2,SOCS3,Q62120,O35718,1026,L,30,E,7.67
4GL9,D,F,JAK2,SOCS3,Q62120,O35718,1026,L,31,Y,6.09
4GL9,D,F,JAK2,SOCS3,Q62120,O35718,1027,T,24,T,4.38
4GL9,D,F,JAK2,SOCS3,Q62120,O35718,1027,T,25,F,3.04
4GL9,D,F,JAK2,SOCS3,Q62120,O35718,1027,T,26,S,4.39
4GL9,D,F,JAK2,SOCS3,Q62120,O35718,1027,T,27,S,3.3
4GL9,D,F,JAK2,SOCS3,Q62120,O35718,1027,T,28,K,3.92
4GL9,D,F,JAK2,SOCS3,Q62120,O35718,1027,T,29,S,6.13
4GL9,D,F,JAK2,SOCS3,Q62120,O35718,1027,T,30,E,5.96
4GL9,D,F,JAK2,SOCS3,Q62120,O35718,1027,T,31,Y,4.7
4GL9,D,F,JAK2,SOCS3,Q62120,O35718,1027,T,32,Q,7.42
4GL9,D,F,JAK2,SOCS3,Q62120,O35718,1028,E,24,T,5.7
4GL9,D,F,JAK2,SOCS3,Q62120,O35718,1028,E,25,F,4.15
4GL9,D,F,JAK2,SOCS3,Q62120,O35718,1028,E,26,S,3.32
4GL9,D,F,JAK2,SOCS3,Q62120,O35718,1028,E,27,S,4.05
4GL9,D,F,JAK2,SOCS3,Q62120,O35718,1028,E,28,K,3.54
4GL9,D,F,JAK2,SOCS3,Q62120,O35718,1028,E,29,S,6.0
4GL9,D,F,JAK2,SOCS3,Q62120,O35718,1028,E,30,E,7.78
4GL9,D,F,JAK2,SOCS3,Q62120,O35718,1028,E,31,Y,6.32
4GL9,D,F,JAK2,SOCS3,Q62120,O35718,1029,S,24,T,4.04
4GL9,D,F,JAK2,SOCS3,Q62120,O35718,1029,S,25,F,3.35
4GL9,D,F,JAK2,SOCS3,Q62120,O35718,1029,S,26,S,4.28
4GL9,D,F,JAK2,SOCS3,Q62120,O35718,1029,S,27,S,5.5
4GL9,D,F,JAK2,SOCS3,Q62120,O35718,1029,S,28,K,6.39
4GL9,D,F,JAK2,SOCS3,Q62120,O35718,1030,K,24,T,6.71
4GL9,D,F,JAK2,SOCS3,Q62120,O35718,1030,K,25,F,6.41
4GL9,D,F,JAK2,SOCS3,Q62120,O35718,1030,K,26,S,6.54
4GL9,D,F,JAK2,SOCS3,Q62120,O35718,1030,K,27,S,7.72
4GL9,D,F,JAK2,SOCS3,Q62120,O35718,1030,K,28,K,7.54
4GL9,D,F,JAK2,SOCS3,Q62120,O35718,1031,F,24,T,5.25
4GL9,D,F,JAK2,SOCS3,Q62120,O35718,1031,F,25,F,7.47
4GL9,D,F,JAK2,SOCS3,Q62120,O35718,1065,I,50,A,7.55
4GL9,D,F,JAK2,SOCS3,Q62120,O35718,1066,G,50,A,7.16
4GL9,D,F,JAK2,SOCS3,Q62120,O35718,1067,N,50,A,7.19
4GL9,D,F,JAK2,SOCS3,Q62120,O35718,1068,D,49,S,5.93
4GL9,D,F,JAK2,SOCS3,Q62120,O35718,1068,D,50,A,3.58
4GL9,D,F,JAK2,SOCS3,Q62120,O35718,1068,D,51,V,5.72
4GL9,D,F,JAK2,SOCS3,Q62120,O35718,1068,D,52,T,5.78
4GL9,D,F,JAK2,SOCS3,Q62120,O35718,1068,D,72,D,6.82
4GL9,D,F,JAK2,SOCS3,Q62120,O35718,1068,D,73,S,7.73
4GL9,D,F,JAK2,SOCS3,Q62120,O35718,1068,D,74,S,7.87
4GL9,D,F,JAK2,SOCS3,Q62120,O35718,1069,K,49,S,6.23
4GL9,D,F,JAK2,SOCS3,Q62120,O35718,1069,K,50,A,3.65
4GL9,D,F,JAK2,SOCS3,Q62120,O35718,1069,K,51,V,6.88
4GL9,D,F,JAK2,SOCS3,Q62120,O35718,1069,K,52,T,7.95
4GL9,D,F,JAK2,SOCS3,Q62120,O35718,1069,K,72,D,5.54
4GL9,D,F,JAK2,SOCS3,Q62120,O35718,1069,K,73,S,6.83
4GL9,D,F,JAK2,SOCS3,Q62120,O35718,1069,K,74,S,7.86
4GL9,D,F,JAK2,SOCS3,Q62120,O35718,1070,Q,22,L,6.95
4GL9,D,F,JAK2,SOCS3,Q62120,O35718,1070,Q,47,Y,7.99
4GL9,D,F,JAK2,SOCS3,Q62120,O35718,1070,Q,48,W,7.1
4GL9,D,F,JAK2,SOCS3,Q62120,O35718,1070,Q,49,S,6.09
4GL9,D,F,JAK2,SOCS3,Q62120,O35718,1070,Q,50,A,3.82
4GL9,D,F,JAK2,SOCS3,Q62120,O35718,1070,Q,51,V,4.36
4GL9,D,F,JAK2,SOCS3,Q62120,O35718,1070,Q,52,T,3.52
4GL9,D,F,JAK2,SOCS3,Q62120,O35718,1070,Q,53,G,5.58
4GL9,D,F,JAK2,SOCS3,Q62120,O35718,1070,Q,54,G,7.76
4GL9,D,F,JAK2,SOCS3,Q62120,O35718,1070,Q,55,E,7.22
4GL9,D,F,JAK2,SOCS3,Q62120,O35718,1070,Q,71,R,5.23
4GL9,D,F,JAK2,SOCS3,Q62120,O35718,1070,Q,72,D,3.55
4GL9,D,F,JAK2,SOCS3,Q62120,O35718,1070,Q,73,S,3.37
4GL9,D,F,JAK2,SOCS3,Q62120,O35718,1070,Q,74,S,2.98
4GL9,D,F,JAK2,SOCS3,Q62120,O35718,1070,Q,75,D,5.62
4GL9,D,F,JAK2,SOCS3,Q62120,O35718,1070,Q,76,Q,6.91
4GL9,D,F,JAK2,SOCS3,Q62120,O35718,1070,Q,78,H,6.18
4GL9,D,F,JAK2,SOCS3,Q62120,O35718,1070,Q,79,F,5.38
4GL9,D,F,JAK2,SOCS3,Q62120,O35718,1070,Q,80,F,7.62
4GL9,D,F,JAK2,SOCS3,Q62120,O35718,1071,G,22,L,3.8
4GL9,D,F,JAK2,SOCS3,Q62120,O35718,1071,G,23,K,7.03
4GL9,D,F,JAK2,SOCS3,Q62120,O35718,1071,G,50,A,7.48
4GL9,D,F,JAK2,SOCS3,Q62120,O35718,1071,G,72,D,5.8
4GL9,D,F,JAK2,SOCS3,Q62120,O35718,1071,G,73,S,3.08
4GL9,D,F,JAK2,SOCS3,Q62120,O35718,1071,G,74,S,3.47
4GL9,D,F,JAK2,SOCS3,Q62120,O35718,1071,G,75,D,3.24
4GL9,D,F,JAK2,SOCS3,Q62120,O35718,1071,G,76,Q,4.25
4GL9,D,F,JAK2,SOCS3,Q62120,O35718,1071,G,77,R,6.01
4GL9,D,F,JAK2,SOCS3,Q62120,O35718,1071,G,78,H,4.48
4GL9,D,F,JAK2,SOCS3,Q62120,O35718,1071,G,79,F,5.54
4GL9,D,F,JAK2,SOCS3,Q62120,O35718,1071,G,80,F,7.47
4GL9,D,F,JAK2,SOCS3,Q62120,O35718,1072,Q,22,L,4.35
4GL9,D,F,JAK2,SOCS3,Q62120,O35718,1072,Q,23,K,3.14
4GL9,D,F,JAK2,SOCS3,Q62120,O35718,1072,Q,24,T,4.43
4GL9,D,F,JAK2,SOCS3,Q62120,O35718,1072,Q,25,F,5.04
4GL9,D,F,JAK2,SOCS3,Q62120,O35718,1072,Q,26,S,6.42
4GL9,D,F,JAK2,SOCS3,Q62120,O35718,1072,Q,30,E,4.6
4GL9,D,F,JAK2,SOCS3,Q62120,O35718,1072,Q,34,V,7.46
4GL9,D,F,JAK2,SOCS3,Q62120,O35718,1072,Q,72,D,6.65
4GL9,D,F,JAK2,SOCS3,Q62120,O35718,1072,Q,73,S,4.52
4GL9,D,F,JAK2,SOCS3,Q62120,O35718,1072,Q,74,S,5.29
4GL9,D,F,JAK2,SOCS3,Q62120,O35718,1072,Q,75,D,3.11
4GL9,D,F,JAK2,SOCS3,Q62120,O35718,1072,Q,76,Q,3.26
4GL9,D,F,JAK2,SOCS3,Q62120,O35718,1072,Q,77,R,2.78
4GL9,D,F,JAK2,SOCS3,Q62120,O35718,1072,Q,78,H,3.33
4GL9,D,F,JAK2,SOCS3,Q62120,O35718,1072,Q,79,F,3.22
4GL9,D,F,JAK2,SOCS3,Q62120,O35718,1072,Q,80,F,6.37
4GL9,D,F,JAK2,SOCS3,Q62120,O35718,1072,Q,95,I,6.79
4GL9,D,F,JAK2,SOCS3,Q62120,O35718,1072,Q,96,Q,7.3
4GL9,D,F,JAK2,SOCS3,Q62120,O35718,1072,Q,97,C,5.94
4GL9,D,F,JAK2,SOCS3,Q62120,O35718,1073,M,22,L,6.08
4GL9,D,F,JAK2,SOCS3,Q62120,O35718,1073,M,23,K,7.07
4GL9,D,F,JAK2,SOCS3,Q62120,O35718,1073,M,25,F,6.22
4GL9,D,F,JAK2,SOCS3,Q62120,O35718,1073,M,34,V,3.94
4GL9,D,F,JAK2,SOCS3,Q62120,O35718,1073,M,35,V,7.47
4GL9,D,F,JAK2,SOCS3,Q62120,O35718,1073,M,37,A,7.82
4GL9,D,F,JAK2,SOCS3,Q62120,O35718,1073,M,38,V,4.67
4GL9,D,F,JAK2,SOCS3,Q62120,O35718,1073,M,41,L,7.68
4GL9,D,F,JAK2,SOCS3,Q62120,O35718,1073,M,42,Q,7.78
4GL9,D,F,JAK2,SOCS3,Q62120,O35718,1073,M,47,Y,4.64
4GL9,D,F,JAK2,SOCS3,Q62120,O35718,1073,M,49,S,6.5
4GL9,D,F,JAK2,SOCS3,Q62120,O35718,1073,M,50,A,6.98
4GL9,D,F,JAK2,SOCS3,Q62120,O35718,1073,M,71,R,6.62
4GL9,D,F,JAK2,SOCS3,Q62120,O35718,1073,M,72,D,3.73
4GL9,D,F,JAK2,SOCS3,Q62120,O35718,1073,M,73,S,5.54
4GL9,D,F,JAK2,SOCS3,Q62120,O35718,1073,M,74,S,7.5
4GL9,D,F,JAK2,SOCS3,Q62120,O35718,1073,M,75,D,5.6
4GL9,D,F,JAK2,SOCS3,Q62120,O35718,1073,M,76,Q,6.31
4GL9,D,F,JAK2,SOCS3,Q62120,O35718,1073,M,77,R,7.58
4GL9,D,F,JAK2,SOCS3,Q62120,O35718,1073,M,78,H,4.77
4GL9,D,F,JAK2,SOCS3,Q62120,O35718,1073,M,79,F,3.45
4GL9,D,F,JAK2,SOCS3,Q62120,O35718,1073,M,80,F,3.86
4GL9,D,F,JAK2,SOCS3,Q62120,O35718,1073,M,81,T,7.61
4GL9,D,F,JAK2,SOCS3,Q62120,O35718,1074,I,22,L,5.08
4GL9,D,F,JAK2,SOCS3,Q62120,O35718,1074,I,23,K,7.66
4GL9,D,F,JAK2,SOCS3,Q62120,O35718,1074,I,25,F,6.89
4GL9,D,F,JAK2,SOCS3,Q62120,O35718,1074,I,72,D,6.49
4GL9,D,F,JAK2,SOCS3,Q62120,O35718,1074,I,73,S,7.07
4GL9,D,F,JAK2,SOCS3,Q62120,O35718,1074,I,74,S,7.03
4GL9,D,F,JAK2,SOCS3,Q62120,O35718,1074,I,75,D,7.47
4GL9,D,F,JAK2,SOCS3,Q62120,O35718,1074,I,76,Q,6.83
4GL9,D,F,JAK2,SOCS3,Q62120,O35718,1074,I,78,H,7.34
4GL9,D,F,JAK2,SOCS3,Q62120,O35718,1074,I,79,F,6.56
4GL9,D,F,JAK2,SOCS3,Q62120,O35718,1075,V,22,L,4.09
4GL9,D,F,JAK2,SOCS3,Q62120,O35718,1075,V,23,K,3.67
4GL9,D,F,JAK2,SOCS3,Q62120,O35718,1075,V,24,T,4.45
4GL9,D,F,JAK2,SOCS3,Q62120,O35718,1075,V,25,F,3.87
4GL9,D,F,JAK2,SOCS3,Q62120,O35718,1075,V,31,Y,5.98
4GL9,D,F,JAK2,SOCS3,Q62120,O35718,1075,V,76,Q,6.37
4GL9,D,F,JAK2,SOCS3,Q62120,O35718,1075,V,79,F,5.83
4GL9,D,F,JAK2,SOCS3,Q62120,O35718,1076,F,22,L,7.85
4GL9,D,F,JAK2,SOCS3,Q62120,O35718,1076,F,23,K,7.32
4GL9,D,F,JAK2,SOCS3,Q62120,O35718,1076,F,24,T,7.99
4GL9,D,F,JAK2,SOCS3,Q62120,O35718,1076,F,25,F,4.15
4GL9,D,F,JAK2,SOCS3,Q62120,O35718,1076,F,30,E,7.37
4GL9,D,F,JAK2,SOCS3,Q62120,O35718,1076,F,31,Y,3.64
4GL9,D,F,JAK2,SOCS3,Q62120,O35718,1076,F,32,Q,6.79
4GL9,D,F,JAK2,SOCS3,Q62120,O35718,1076,F,33,L,7.22
4GL9,D,F,JAK2,SOCS3,Q62120,O35718,1076,F,34,V,4.37
4GL9,D,F,JAK2,SOCS3,Q62120,O35718,1076,F,35,V,3.54
4GL9,D,F,JAK2,SOCS3,Q62120,O35718,1076,F,36,N,6.52
4GL9,D,F,JAK2,SOCS3,Q62120,O35718,1076,F,37,A,7.74
4GL9,D,F,JAK2,SOCS3,Q62120,O35718,1076,F,38,V,3.98
4GL9,D,F,JAK2,SOCS3,Q62120,O35718,1076,F,39,R,6.85
4GL9,D,F,JAK2,SOCS3,Q62120,O35718,1076,F,42,Q,7.07
4GL9,D,F,JAK2,SOCS3,Q62120,O35718,1076,F,47,Y,7.27
4GL9,D,F,JAK2,SOCS3,Q62120,O35718,1076,F,72,D,7.6
4GL9,D,F,JAK2,SOCS3,Q62120,O35718,1076,F,79,F,5.62
4GL9,D,F,JAK2,SOCS3,Q62120,O35718,1076,F,80,F,7.0
4GL9,D,F,JAK2,SOCS3,Q62120,O35718,1077,H,25,F,6.6
4GL9,D,F,JAK2,SOCS3,Q62120,O35718,1077,H,31,Y,6.78
4GL9,D,F,JAK2,SOCS3,Q62120,O35718,1077,H,34,V,7.82
4GL9,D,F,JAK2,SOCS3,Q62120,O35718,1077,H,38,V,6.71
4GL9,D,F,JAK2,SOCS3,Q62120,O35718,1077,H,42,Q,6.6
4GL9,D,F,JAK2,SOCS3,Q62120,O35718,1077,H,47,Y,5.53
4GL9,D,F,JAK2,SOCS3,Q62120,O35718,1077,H,49,S,4.76
4GL9,D,F,JAK2,SOCS3,Q62120,O35718,1077,H,50,A,6.15
4GL9,D,F,JAK2,SOCS3,Q62120,O35718,1077,H,72,D,4.56
4GL9,D,F,JAK2,SOCS3,Q62120,O35718,1077,H,80,F,7.93
4GL9,D,F,JAK2,SOCS3,Q62120,O35718,1078,L,25,F,7.77
4GL9,D,F,JAK2,SOCS3,Q62120,O35718,1078,L,31,Y,7.46
4GL9,D,F,JAK2,SOCS3,Q62120,O35718,1079,I,24,T,6.24
4GL9,D,F,JAK2,SOCS3,Q62120,O35718,1079,I,25,F,3.77
4GL9,D,F,JAK2,SOCS3,Q62120,O35718,1079,I,28,K,7.15
4GL9,D,F,JAK2,SOCS3,Q62120,O35718,1079,I,31,Y,3.72
4GL9,D,F,JAK2,SOCS3,Q62120,O35718,1079,I,35,V,7.54
4GL9,D,F,JAK2,SOCS3,Q62120,O35718,1080,E,25,F,7.79
4GL9,D,F,JAK2,SOCS3,Q62120,O35718,1080,E,28,K,7.93
4GL9,D,F,JAK2,SOCS3,Q62120,O35718,1080,E,31,Y,2.35
4GL9,D,F,JAK2,SOCS3,Q62120,O35718,1080,E,32,Q,7.55
4GL9,D,F,JAK2,SOCS3,Q62120,O35718,1080,E,34,V,7.91
4GL9,D,F,JAK2,SOCS3,Q62120,O35718,1080,E,35,V,4.86
4GL9,D,F,JAK2,SOCS3,Q62120,O35718,1080,E,38,V,7.44
4GL9,D,F,JAK2,SOCS3,Q62120,O35718,1081,L,31,Y,7.4
4GL9,D,F,JAK2,SOCS3,Q62120,O35718,1083,K,28,K,5.08
4GL9,D,F,JAK2,SOCS3,Q62120,O35718,1083,K,31,Y,3.67
4GL9,D,F,JAK2,SOCS3,Q62120,O35718,1083,K,32,Q,5.78
4GL9,D,F,JAK2,SOCS3,Q62120,O35718,1083,K,35,V,6.57
6C7Y,A,B,JAK1,SOCS1,P23458,B6RCQ2,884,G,50,H,6.55
6C7Y,A,B,JAK1,SOCS1,P23458,B6RCQ2,885,H,48,S,6.38
6C7Y,A,B,JAK1,SOCS1,P23458,B6RCQ2,885,H,49,T,5.85
6C7Y,A,B,JAK1,SOCS1,P23458,B6RCQ2,885,H,50,H,3.61
6C7Y,A,B,JAK1,SOCS1,P23458,B6RCQ2,885,H,51,F,6.42
6C7Y,A,B,JAK1,SOCS1,P23458,B6RCQ2,885,H,105,K,4.28
6C7Y,A,B,JAK1,SOCS1,P23458,B6RCQ2,886,F,50,H,4.7
6C7Y,A,B,JAK1,SOCS1,P23458,B6RCQ2,886,F,51,F,7.8
6C7Y,A,B,JAK1,SOCS1,P23458,B6RCQ2,1002,R,50,H,7.56
6C7Y,A,B,JAK1,SOCS1,P23458,B6RCQ2,1002,R,51,F,7.95
6C7Y,A,B,JAK1,SOCS1,P23458,B6RCQ2,1002,R,53,T,5.84
6C7Y,A,B,JAK1,SOCS1,P23458,B6RCQ2,1003,D,49,T,7.85
6C7Y,A,B,JAK1,SOCS1,P23458,B6RCQ2,1003,D,50,H,5.14
6C7Y,A,B,JAK1,SOCS1,P23458,B6RCQ2,1007,R,49,T,5.13
6C7Y,A,B,JAK1,SOCS1,P23458,B6RCQ2,1007,R,50,H,3.94
6C7Y,A,B,JAK1,SOCS1,P23458,B6RCQ2,1008,N,50,H,7.24
6C7Y,A,B,JAK1,SOCS1,P23458,B6RCQ2,1021,D,50,H,7.33
6C7Y,A,B,JAK1,SOCS1,P23458,B6RCQ2,1024,L,50,H,5.68
6C7Y,A,B,JAK1,SOCS1,P23458,B6RCQ2,1036,T,54,F,7.13
6C7Y,A,B,JAK1,SOCS1,P23458,B6RCQ2,1036,T,55,R,4.8
6C7Y,A,B,JAK1,SOCS1,P23458,B6RCQ2,1036,T,56,S,6.69
6C7Y,A,B,JAK1,SOCS1,P23458,B6RCQ2,1037,V,53,T,6.11
6C7Y,A,B,JAK1,SOCS1,P23458,B6RCQ2,1037,V,54,F,6.14
6C7Y,A,B,JAK1,SOCS1,P23458,B6RCQ2,1037,V,55,R,4.52
6C7Y,A,B,JAK1,SOCS1,P23458,B6RCQ2,1037,V,56,S,6.92
6C7Y,A,B,JAK1,SOCS1,P23458,B6RCQ2,1038,K,53,T,7.85
6C7Y,A,B,JAK1,SOCS1,P23458,B6RCQ2,1038,K,55,R,3.12
6C7Y,A,B,JAK1,SOCS1,P23458,B6RCQ2,1039,D,52,R,6.63
6C7Y,A,B,JAK1,SOCS1,P23458,B6RCQ2,1039,D,53,T,7.78
6C7Y,A,B,JAK1,SOCS1,P23458,B6RCQ2,1039,D,55,R,3.89
6C7Y,A,B,JAK1,SOCS1,P23458,B6RCQ2,1040,D,51,F,7.57
6C7Y,A,B,JAK1,SOCS1,P23458,B6RCQ2,1040,D,52,R,2.63
6C7Y,A,B,JAK1,SOCS1,P23458,B6RCQ2,1040,D,53,T,7.18
6C7Y,A,B,JAK1,SOCS1,P23458,B6RCQ2,1040,D,55,R,3.29
6C7Y,A,B,JAK1,SOCS1,P23458,B6RCQ2,1040,D,106,N,6.77
6C7Y,A,B,JAK1,SOCS1,P23458,B6RCQ2,1040,D,127,Q,7.84
6C7Y,A,B,JAK1,SOCS1,P23458,B6RCQ2,1041,R,50,H,6.81
6C7Y,A,B,JAK1,SOCS1,P23458,B6RCQ2,1041,R,51,F,4.05
6C7Y,A,B,JAK1,SOCS1,P23458,B6RCQ2,1041,R,52,R,3.79
6C7Y,A,B,JAK1,SOCS1,P23458,B6RCQ2,1041,R,53,T,5.08
6C7Y,A,B,JAK1,SOCS1,P23458,B6RCQ2,1041,R,55,R,5.94
6C7Y,A,B,JAK1,SOCS1,P23458,B6RCQ2,1042,D,49,T,6.95
6C7Y,A,B,JAK1,SOCS1,P23458,B6RCQ2,1042,D,50,H,3.51
6C7Y,A,B,JAK1,SOCS1,P23458,B6RCQ2,1042,D,51,F,3.28
6C7Y,A,B,JAK1,SOCS1,P23458,B6RCQ2,1042,D,52,R,3.98
6C7Y,A,B,JAK1,SOCS1,P23458,B6RCQ2,1042,D,53,T,6.24
6C7Y,A,B,JAK1,SOCS1,P23458,B6RCQ2,1042,D,105,K,4.94
6C7Y,A,B,JAK1,SOCS1,P23458,B6RCQ2,1042,D,106,N,6.63
6C7Y,A,B,JAK1,SOCS1,P23458,B6RCQ2,1043,S,48,S,7.5
6C7Y,A,B,JAK1,SOCS1,P23458,B6RCQ2,1043,S,49,T,4.3
6C7Y,A,B,JAK1,SOCS1,P23458,B6RCQ2,1043,S,50,H,3.22
6C7Y,A,B,JAK1,SOCS1,P23458,B6RCQ2,1043,S,51,F,2.54
6C7Y,A,B,JAK1,SOCS1,P23458,B6RCQ2,1043,S,52,R,4.74
6C7Y,A,B,JAK1,SOCS1,P23458,B6RCQ2,1043,S,53,T,4.0
6C7Y,A,B,JAK1,SOCS1,P23458,B6RCQ2,1043,S,54,F,7.7
6C7Y,A,B,JAK1,SOCS1,P23458,B6RCQ2,1043,S,105,K,7.54
6C7Y,A,B,JAK1,SOCS1,P23458,B6RCQ2,1044,P,49,T,4.52
6C7Y,A,B,JAK1,SOCS1,P23458,B6RCQ2,1044,P,50,H,3.34
6C7Y,A,B,JAK1,SOCS1,P23458,B6RCQ2,1044,P,51,F,5.18
6C7Y,A,B,JAK1,SOCS1,P23458,B6RCQ2,1044,P,52,R,7.31
6C7Y,A,B,JAK1,SOCS1,P23458,B6RCQ2,1044,P,53,T,6.58
6C7Y,A,B,JAK1,SOCS1,P23458,B6RCQ2,1045,V,48,S,6.51
6C7Y,A,B,JAK1,SOCS1,P23458,B6RCQ2,1045,V,49,T,4.33
6C7Y,A,B,JAK1,SOCS1,P23458,B6RCQ2,1045,V,50,H,5.09
6C7Y,A,B,JAK1,SOCS1,P23458,B6RCQ2,1045,V,51,F,3.66
6C7Y,A,B,JAK1,SOCS1,P23458,B6RCQ2,1045,V,52,R,4.92
6C7Y,A,B,JAK1,SOCS1,P23458,B6RCQ2,1045,V,53,T,4.24
6C7Y,A,B,JAK1,SOCS1,P23458,B6RCQ2,1045,V,54,F,7.12
6C7Y,A,B,JAK1,SOCS1,P23458,B6RCQ2,1046,F,48,S,4.72
6C7Y,A,B,JAK1,SOCS1,P23458,B6RCQ2,1046,F,49,T,4.06
6C7Y,A,B,JAK1,SOCS1,P23458,B6RCQ2,1046,F,50,H,6.25
6C7Y,A,B,JAK1,SOCS1,P23458,B6RCQ2,1046,F,51,F,4.26
6C7Y,A,B,JAK1,SOCS1,P23458,B6RCQ2,1046,F,53,T,7.99
6C7Y,A,B,JAK1,SOCS1,P23458,B6RCQ2,1047,W,49,T,4.76
6C7Y,A,B,JAK1,SOCS1,P23458,B6RCQ2,1047,W,50,H,6.86
6C7Y,A,B,JAK1,SOCS1,P23458,B6RCQ2,1048,Y,50,H,7.1
6C7Y,A,B,JAK1,SOCS1,P23458,B6RCQ2,1048,Y,51,F,6.84
6C7Y,A,B,JAK1,SOCS1,P23458,B6RCQ2,1048,Y,52,R,7.58
6C7Y,A,B,JAK1,SOCS1,P23458,B6RCQ2,1048,Y,53,T,3.94
6C7Y,A,B,JAK1,SOCS1,P23458,B6RCQ2,1049,A,53,T,6.76
6C7Y,A,B,JAK1,SOCS1,P23458,B6RCQ2,1050,P,53,T,7.43
6C7Y,A,B,JAK1,SOCS1,P23458,B6RCQ2,1050,P,54,F,7.43
6C7Y,A,B,JAK1,SOCS1,P23458,B6RCQ2,1050,P,57,Q,6.99
6C7Y,A,B,JAK1,SOCS1,P23458,B6RCQ2,1050,P,60,F,7.2
6C7Y,A,B,JAK1,SOCS1,P23458,B6RCQ2,1051,E,53,T,6.71
6C7Y,A,B,JAK1,SOCS1,P23458,B6RCQ2,1051,E,54,F,6.14
6C7Y,A,B,JAK1,SOCS1,P23458,B6RCQ2,1051,E,55,R,7.92
6C7Y,A,B,JAK1,SOCS1,P23458,B6RCQ2,1051,E,56,S,7.75
6C7Y,A,B,JAK1,SOCS1,P23458,B6RCQ2,1051,E,57,Q,7.25
6C7Y,A,B,JAK1,SOCS1,P23458,B6RCQ2,1052,C,52,R,6.85
6C7Y,A,B,JAK1,SOCS1,P23458,B6RCQ2,1052,C,53,T,3.2
6C7Y,A,B,JAK1,SOCS1,P23458,B6RCQ2,1052,C,54,F,4.53
6C7Y,A,B,JAK1,SOCS1,P23458,B6RCQ2,1052,C,55,R,6.71
6C7Y,A,B,JAK1,SOCS1,P23458,B6RCQ2,1052,C,56,S,7.53
6C7Y,A,B,JAK1,SOCS1,P23458,B6RCQ2,1053,L,51,F,7.42
6C7Y,A,B,JAK1,SOCS1,P23458,B6RCQ2,1053,L,52,R,5.76
6C7Y,A,B,JAK1,SOCS1,P23458,B6RCQ2,1053,L,53,T,3.75
6C7Y,A,B,JAK1,SOCS1,P23458,B6RCQ2,1053,L,54,F,2.84
6C7Y,A,B,JAK1,SOCS1,P23458,B6RCQ2,1053,L,55,R,5.53
6C7Y,A,B,JAK1,SOCS1,P23458,B6RCQ2,1053,L,56,S,6.34
6C7Y,A,B,JAK1,SOCS1,P23458,B6RCQ2,1053,L,57,Q,7.62
6C7Y,A,B,JAK1,SOCS1,P23458,B6RCQ2,1053,L,60,F,5.39
6C7Y,A,B,JAK1,SOCS1,P23458,B6RCQ2,1054,M,52,R,7.96
6C7Y,A,B,JAK1,SOCS1,P23458,B6RCQ2,1054,M,53,T,5.42
6C7Y,A,B,JAK1,SOCS1,P23458,B6RCQ2,1054,M,54,F,3.18
6C7Y,A,B,JAK1,SOCS1,P23458,B6RCQ2,1054,M,55,R,4.86
6C7Y,A,B,JAK1,SOCS1,P23458,B6RCQ2,1054,M,56,S,3.06
6C7Y,A,B,JAK1,SOCS1,P23458,B6RCQ2,1054,M,57,Q,3.91
6C7Y,A,B,JAK1,SOCS1,P23458,B6RCQ2,1054,M,58,A,6.0
6C7Y,A,B,JAK1,SOCS1,P23458,B6RCQ2,1054,M,59,D,5.95
6C7Y,A,B,JAK1,SOCS1,P23458,B6RCQ2,1054,M,60,F,3.82
6C7Y,A,B,JAK1,SOCS1,P23458,B6RCQ2,1054,M,61,S,6.6
6C7Y,A,B,JAK1,SOCS1,P23458,B6RCQ2,1054,M,64,T,7.68
6C7Y,A,B,JAK1,SOCS1,P23458,B6RCQ2,1055,Q,53,T,5.66
6C7Y,A,B,JAK1,SOCS1,P23458,B6RCQ2,1055,Q,54,F,3.48
6C7Y,A,B,JAK1,SOCS1,P23458,B6RCQ2,1055,Q,55,R,3.57
6C7Y,A,B,JAK1,SOCS1,P23458,B6RCQ2,1055,Q,56,S,4.23
6C7Y,A,B,JAK1,SOCS1,P23458,B6RCQ2,1055,Q,57,Q,3.65
6C7Y,A,B,JAK1,SOCS1,P23458,B6RCQ2,1055,Q,58,A,6.48
6C7Y,A,B,JAK1,SOCS1,P23458,B6RCQ2,1055,Q,59,D,7.78
6C7Y,A,B,JAK1,SOCS1,P23458,B6RCQ2,1055,Q,60,F,5.91
6C7Y,A,B,JAK1,SOCS1,P23458,B6RCQ2,1056,S,52,R,6.52
6C7Y,A,B,JAK1,SOCS1,P23458,B6RCQ2,1056,S,53,T,2.83
6C7Y,A,B,JAK1,SOCS1,P23458,B6RCQ2,1056,S,54,F,2.68
6C7Y,A,B,JAK1,SOCS1,P23458,B6RCQ2,1056,S,55,R,3.83
6C7Y,A,B,JAK1,SOCS1,P23458,B6RCQ2,1056,S,56,S,5.18
6C7Y,A,B,JAK1,SOCS1,P23458,B6RCQ2,1056,S,57,Q,6.59
6C7Y,A,B,JAK1,SOCS1,P23458,B6RCQ2,1057,K,53,T,6.5
6C7Y,A,B,JAK1,SOCS1,P23458,B6RCQ2,1057,K,54,F,6.04
6C7Y,A,B,JAK1,SOCS1,P23458,B6RCQ2,1057,K,55,R,6.6
6C7Y,A,B,JAK1,SOCS1,P23458,B6RCQ2,1057,K,56,S,7.49
6C7Y,A,B,JAK1,SOCS1,P23458,B6RCQ2,1057,K,57,Q,6.83
6C7Y,A,B,JAK1,SOCS1,P23458,B6RCQ2,1058,F,53,T,5.22
6C7Y,A,B,JAK1,SOCS1,P23458,B6RCQ2,1058,F,54,F,7.57
6C7Y,A,B,JAK1,SOCS1,P23458,B6RCQ2,1085,M,48,S,3.94
6C7Y,A,B,JAK1,SOCS1,P23458,B6RCQ2,1085,M,49,T,3.53
6C7Y,A,B,JAK1,SOCS1,P23458,B6RCQ2,1085,M,50,H,5.81
6C7Y,A,B,JAK1,SOCS1,P23458,B6RCQ2,1085,M,51,F,6.33
6C7Y,A,B,JAK1,SOCS1,P23458,B6RCQ2,1089,L,48,S,5.86
6C7Y,A,B,JAK1,SOCS1,P23458,B6RCQ2,1089,L,51,F,6.76
6C7Y,A,B,JAK1,SOCS1,P23458,B6RCQ2,1092,I,79,P,7.94
6C7Y,A,B,JAK1,SOCS1,P23458,B6RCQ2,1093,G,79,P,6.48
6C7Y,A,B,JAK1,SOCS1,P23458,B6RCQ2,1094,P,77,W,7.91
6C7Y,A,B,JAK1,SOCS1,P23458,B6RCQ2,1094,P,78,G,6.61
6C7Y,A,B,JAK1,SOCS1,P23458,B6RCQ2,1094,P,79,P,3.39
6C7Y,A,B,JAK1,SOCS1,P23458,B6RCQ2,1094,P,80,L,7.42
6C7Y,A,B,JAK1,SOCS1,P23458,B6RCQ2,1094,P,101,D,6.04
6C7Y,A,B,JAK1,SOCS1,P23458,B6RCQ2,1095,T,48,S,7.36
6C7Y,A,B,JAK1,SOCS1,P23458,B6RCQ2,1095,T,51,F,7.09
6C7Y,A,B,JAK1,SOCS1,P23458,B6RCQ2,1095,T,78,G,7.05
6C7Y,A,B,JAK1,SOCS1,P23458,B6RCQ2,1095,T,79,P,3.94
6C7Y,A,B,JAK1,SOCS1,P23458,B6RCQ2,1095,T,80,L,7.46
6C7Y,A,B,JAK1,SOCS1,P23458,B6RCQ2,1095,T,81,T,7.76
6C7Y,A,B,JAK1,SOCS1,P23458,B6RCQ2,1095,T,101,D,5.69
6C7Y,A,B,JAK1,SOCS1,P23458,B6RCQ2,1095,T,102,S,6.77
6C7Y,A,B,JAK1,SOCS1,P23458,B6RCQ2,1095,T,103,T,7.57
6C7Y,A,B,JAK1,SOCS1,P23458,B6RCQ2,1096,H,48,S,7.34
6C7Y,A,B,JAK1,SOCS1,P23458,B6RCQ2,1096,H,51,F,5.44
6C7Y,A,B,JAK1,SOCS1,P23458,B6RCQ2,1096,H,77,W,7.5
6C7Y,A,B,JAK1,SOCS1,P23458,B6RCQ2,1096,H,78,G,4.58
6C7Y,A,B,JAK1,SOCS1,P23458,B6RCQ2,1096,H,79,P,3.28
6C7Y,A,B,JAK1,SOCS1,P23458,B6RCQ2,1096,H,80,L,3.44
6C7Y,A,B,JAK1,SOCS1,P23458,B6RCQ2,1096,H,81,T,3.84
6C7Y,A,B,JAK1,SOCS1,P23458,B6RCQ2,1096,H,82,V,6.13
6C7Y,A,B,JAK1,SOCS1,P23458,B6RCQ2,1096,H,84,A,7.71
6C7Y,A,B,JAK1,SOCS1,P23458,B6RCQ2,1096,H,100,R,4.95
6C7Y,A,B,JAK1,SOCS1,P23458,B6RCQ2,1096,H,101,D,3.19
6C7Y,A,B,JAK1,SOCS1,P23458,B6RCQ2,1096,H,102,S,3.07
6C7Y,A,B,JAK1,SOCS1,P23458,B6RCQ2,1096,H,103,T,3.7
6C7Y,A,B,JAK1,SOCS1,P23458,B6RCQ2,1096,H,104,Q,5.54
6C7Y,A,B,JAK1,SOCS1,P23458,B6RCQ2,1096,H,105,K,6.88
6C7Y,A,B,JAK1,SOCS1,P23458,B6RCQ2,1096,H,107,C,5.93
6C7Y,A,B,JAK1,SOCS1,P23458,B6RCQ2,1096,H,108,F,5.74
6C7Y,A,B,JAK1,SOCS1,P23458,B6RCQ2,1096,H,109,F,7.97
6C7Y,A,B,JAK1,SOCS1,P23458,B6RCQ2,1097,G,48,S,7.43
6C7Y,A,B,JAK1,SOCS1,P23458,B6RCQ2,1097,G,50,H,7.6
6C7Y,A,B,JAK1,SOCS1,P23458,B6RCQ2,1097,G,51,F,3.22
6C7Y,A,B,JAK1,SOCS1,P23458,B6RCQ2,1097,G,52,R,7.89
6C7Y,A,B,JAK1,SOCS1,P23458,B6RCQ2,1097,G,79,P,7.42
6C7Y,A,B,JAK1,SOCS1,P23458,B6RCQ2,1097,G,101,D,6.12
6C7Y,A,B,JAK1,SOCS1,P23458,B6RCQ2,1097,G,102,S,3.21
6C7Y,A,B,JAK1,SOCS1,P23458,B6RCQ2,1097,G,103,T,3.75
6C7Y,A,B,JAK1,SOCS1,P23458,B6RCQ2,1097,G,104,Q,3.21
6C7Y,A,B,JAK1,SOCS1,P23458,B6RCQ2,1097,G,105,K,4.52
6C7Y,A,B,JAK1,SOCS1,P23458,B6RCQ2,1097,G,106,N,5.94
6C7Y,A,B,JAK1,SOCS1,P23458,B6RCQ2,1097,G,107,C,4.3
6C7Y,A,B,JAK1,SOCS1,P23458,B6RCQ2,1097,G,108,F,5.81
6C7Y,A,B,JAK1,SOCS1,P23458,B6RCQ2,1097,G,109,F,7.77
6C7Y,A,B,JAK1,SOCS1,P23458,B6RCQ2,1098,Q,50,H,7.94
6C7Y,A,B,JAK1,SOCS1,P23458,B6RCQ2,1098,Q,51,F,4.21
6C7Y,A,B,JAK1,SOCS1,P23458,B6RCQ2,1098,Q,52,R,3.34
6C7Y,A,B,JAK1,SOCS1,P23458,B6RCQ2,1098,Q,53,T,4.73
6C7Y,A,B,JAK1,SOCS1,P23458,B6RCQ2,1098,Q,54,F,5.23
6C7Y,A,B,JAK1,SOCS1,P23458,B6RCQ2,1098,Q,55,R,6.81
6C7Y,A,B,JAK1,SOCS1,P23458,B6RCQ2,1098,Q,59,D,7.86
6C7Y,A,B,JAK1,SOCS1,P23458,B6RCQ2,1098,Q,63,I,6.72
6C7Y,A,B,JAK1,SOCS1,P23458,B6RCQ2,1098,Q,101,D,6.79
6C7Y,A,B,JAK1,SOCS1,P23458,B6RCQ2,1098,Q,102,S,4.68
6C7Y,A,B,JAK1,SOCS1,P23458,B6RCQ2,1098,Q,103,T,5.69
6C7Y,A,B,JAK1,SOCS1,P23458,B6RCQ2,1098,Q,104,Q,3.44
6C7Y,A,B,JAK1,SOCS1,P23458,B6RCQ2,1098,Q,105,K,3.17
6C7Y,A,B,JAK1,SOCS1,P23458,B6RCQ2,1098,Q,106,N,3.23
6C7Y,A,B,JAK1,SOCS1,P23458,B6RCQ2,1098,Q,107,C,3.27
6C7Y,A,B,JAK1,SOCS1,P23458,B6RCQ2,1098,Q,108,F,3.37
6C7Y,A,B,JAK1,SOCS1,P23458,B6RCQ2,1098,Q,109,F,6.92
6C7Y,A,B,JAK1,SOCS1,P23458,B6RCQ2,1098,Q,126,F,6.64
6C7Y,A,B,JAK1,SOCS1,P23458,B6RCQ2,1099,M,51,F,6.06
6C7Y,A,B,JAK1,SOCS1,P23458,B6RCQ2,1099,M,52,R,7.86
6C7Y,A,B,JAK1,SOCS1,P23458,B6RCQ2,1099,M,54,F,6.26
6C7Y,A,B,JAK1,SOCS1,P23458,B6RCQ2,1099,M,63,I,3.95
6C7Y,A,B,JAK1,SOCS1,P23458,B6RCQ2,1099,M,64,T,6.82
6C7Y,A,B,JAK1,SOCS1,P23458,B6RCQ2,1099,M,66,A,7.27
6C7Y,A,B,JAK1,SOCS1,P23458,B6RCQ2,1099,M,67,S,3.92
6C7Y,A,B,JAK1,SOCS1,P23458,B6RCQ2,1099,M,70,L,6.8
6C7Y,A,B,JAK1,SOCS1,P23458,B6RCQ2,1099,M,76,Y,4.65
6C7Y,A,B,JAK1,SOCS1,P23458,B6RCQ2,1099,M,78,G,6.97
6C7Y,A,B,JAK1,SOCS1,P23458,B6RCQ2,1099,M,79,P,7.14
6C7Y,A,B,JAK1,SOCS1,P23458,B6RCQ2,1099,M,100,R,6.95
6C7Y,A,B,JAK1,SOCS1,P23458,B6RCQ2,1099,M,101,D,3.86
6C7Y,A,B,JAK1,SOCS1,P23458,B6RCQ2,1099,M,102,S,5.59
6C7Y,A,B,JAK1,SOCS1,P23458,B6RCQ2,1099,M,103,T,7.68
6C7Y,A,B,JAK1,SOCS1,P23458,B6RCQ2,1099,M,104,Q,6.0
6C7Y,A,B,JAK1,SOCS1,P23458,B6RCQ2,1099,M,105,K,6.03
6C7Y,A,B,JAK1,SOCS1,P23458,B6RCQ2,1099,M,106,N,7.54
6C7Y,A,B,JAK1,SOCS1,P23458,B6RCQ2,1099,M,107,C,4.56
6C7Y,A,B,JAK1,SOCS1,P23458,B6RCQ2,1099,M,108,F,3.49
6C7Y,A,B,JAK1,SOCS1,P23458,B6RCQ2,1099,M,109,F,3.43
6C7Y,A,B,JAK1,SOCS1,P23458,B6RCQ2,1099,M,110,A,7.79
6C7Y,A,B,JAK1,SOCS1,P23458,B6RCQ2,1099,M,131,F,7.92
6C7Y,A,B,JAK1,SOCS1,P23458,B6RCQ2,1100,T,48,S,6.73
6C7Y,A,B,JAK1,SOCS1,P23458,B6RCQ2,1100,T,49,T,7.78
6C7Y,A,B,JAK1,SOCS1,P23458,B6RCQ2,1100,T,51,F,4.1
6C7Y,A,B,JAK1,SOCS1,P23458,B6RCQ2,1100,T,52,R,7.91
6C7Y,A,B,JAK1,SOCS1,P23458,B6RCQ2,1100,T,54,F,6.97
6C7Y,A,B,JAK1,SOCS1,P23458,B6RCQ2,1100,T,79,P,7.67
6C7Y,A,B,JAK1,SOCS1,P23458,B6RCQ2,1100,T,101,D,6.54
6C7Y,A,B,JAK1,SOCS1,P23458,B6RCQ2,1100,T,102,S,6.9
6C7Y,A,B,JAK1,SOCS1,P23458,B6RCQ2,1100,T,103,T,7.47
6C7Y,A,B,JAK1,SOCS1,P23458,B6RCQ2,1100,T,104,Q,7.54
6C7Y,A,B,JAK1,SOCS1,P23458,B6RCQ2,1100,T,105,K,7.45
6C7Y,A,B,JAK1,SOCS1,P23458,B6RCQ2,1100,T,107,C,7.01
6C7Y,A,B,JAK1,SOCS1,P23458,B6RCQ2,1100,T,108,F,6.57
6C7Y,A,B,JAK1,SOCS1,P23458,B6RCQ2,1101,V,49,T,7.99
6C7Y,A,B,JAK1,SOCS1,P23458,B6RCQ2,1101,V,50,H,6.83
6C7Y,A,B,JAK1,SOCS1,P23458,B6RCQ2,1101,V,51,F,3.57
6C7Y,A,B,JAK1,SOCS1,P23458,B6RCQ2,1101,V,52,R,3.93
6C7Y,A,B,JAK1,SOCS1,P23458,B6RCQ2,1101,V,53,T,4.78
6C7Y,A,B,JAK1,SOCS1,P23458,B6RCQ2,1101,V,54,F,3.71
6C7Y,A,B,JAK1,SOCS1,P23458,B6RCQ2,1101,V,60,F,5.52
6C7Y,A,B,JAK1,SOCS1,P23458,B6RCQ2,1101,V,63,I,7.67
6C7Y,A,B,JAK1,SOCS1,P23458,B6RCQ2,1101,V,105,K,6.34
6C7Y,A,B,JAK1,SOCS1,P23458,B6RCQ2,1101,V,108,F,5.82
6C7Y,A,B,JAK1,SOCS1,P23458,B6RCQ2,1102,T,51,F,7.98
6C7Y,A,B,JAK1,SOCS1,P23458,B6RCQ2,1102,T,52,R,7.31
6C7Y,A,B,JAK1,SOCS1,P23458,B6RCQ2,1102,T,54,F,3.23
6C7Y,A,B,JAK1,SOCS1,P23458,B6RCQ2,1102,T,59,D,7.6
6C7Y,A,B,JAK1,SOCS1,P23458,B6RCQ2,1102,T,60,F,4.64
6C7Y,A,B,JAK1,SOCS1,P23458,B6RCQ2,1102,T,63,I,3.71
6C7Y,A,B,JAK1,SOCS1,P23458,B6RCQ2,1102,T,64,T,4.34
6C7Y,A,B,JAK1,SOCS1,P23458,B6RCQ2,1102,T,65,R,7.63
6C7Y,A,B,JAK1,SOCS1,P23458,B6RCQ2,1102,T,67,S,4.56
6C7Y,A,B,JAK1,SOCS1,P23458,B6RCQ2,1102,T,108,F,4.17
6C7Y,A,B,JAK1,SOCS1,P23458,B6RCQ2,1102,T,109,F,6.7
6C7Y,A,B,JAK1,SOCS1,P23458,B6RCQ2,1103,R,54,F,6.62
6C7Y,A,B,JAK1,SOCS1,P23458,B6RCQ2,1103,R,60,F,6.69
6C7Y,A,B,JAK1,SOCS1,P23458,B6RCQ2,1103,R,63,I,7.7
6C7Y,A,B,JAK1,SOCS1,P23458,B6RCQ2,1103,R,64,T,7.69
6C7Y,A,B,JAK1,SOCS1,P23458,B6RCQ2,1103,R,67,S,7.11
6C7Y,A,B,JAK1,SOCS1,P23458,B6RCQ2,1103,R,71,D,6.6
6C7Y,A,B,JAK1,SOCS1,P23458,B6RCQ2,1103,R,76,Y,3.47
6C7Y,A,B,JAK1,SOCS1,P23458,B6RCQ2,1103,R,77,W,6.36
6C7Y,A,B,JAK1,SOCS1,P23458,B6RCQ2,1103,R,78,G,4.1
6C7Y,A,B,JAK1,SOCS1,P23458,B6RCQ2,1103,R,79,P,3.76
6C7Y,A,B,JAK1,SOCS1,P23458,B6RCQ2,1103,R,80,L,7.22
6C7Y,A,B,JAK1,SOCS1,P23458,B6RCQ2,1103,R,100,R,7.29
6C7Y,A,B,JAK1,SOCS1,P23458,B6RCQ2,1103,R,101,D,2.63
6C7Y,A,B,JAK1,SOCS1,P23458,B6RCQ2,1103,R,102,S,7.29
6C7Y,A,B,JAK1,SOCS1,P23458,B6RCQ2,1103,R,108,F,7.26
6C7Y,A,B,JAK1,SOCS1,P23458,B6RCQ2,1103,R,109,F,6.86
6C7Y,A,B,JAK1,SOCS1,P23458,B6RCQ2,1104,L,51,F,7.1
6C7Y,A,B,JAK1,SOCS1,P23458,B6RCQ2,1104,L,54,F,7.77
6C7Y,A,B,JAK1,SOCS1,P23458,B6RCQ2,1104,L,60,F,7.38
6C7Y,A,B,JAK1,SOCS1,P23458,B6RCQ2,1105,V,53,T,7.93
6C7Y,A,B,JAK1,SOCS1,P23458,B6RCQ2,1105,V,54,F,5.11
6C7Y,A,B,JAK1,SOCS1,P23458,B6RCQ2,1105,V,57,Q,7.86
6C7Y,A,B,JAK1,SOCS1,P23458,B6RCQ2,1105,V,60,F,3.54
6C7Y,A,B,JAK1,SOCS1,P23458,B6RCQ2,1105,V,64,T,6.73
6C7Y,A,B,JAK1,SOCS1,P23458,B6RCQ2,1106,N,60,F,4.37
6C7Y,A,B,JAK1,SOCS1,P23458,B6RCQ2,1106,N,64,T,4.85
6C7Y,A,B,JAK1,SOCS1,P23458,B6RCQ2,1106,N,67,S,6.48
6C7Y,A,B,JAK1,SOCS1,P23458,B6RCQ2,1106,N,71,D,7.29
6C7Y,A,B,JAK1,SOCS1,P23458,B6RCQ2,1109,K,57,Q,5.92
6C7Y,A,B,JAK1,SOCS1,P23458,B6RCQ2,1109,K,60,F,3.71
6C7Y,A,B,JAK1,SOCS1,P23458,B6RCQ2,1109,K,61,S,7.82
6C7Y,A,B,JAK1,SOCS1,P23458,B6RCQ2,1109,K,64,T,5.78
6C7Y,A,B,JAK1,SOCS1,P23458,B6RCQ2,1134,F,60,F,7.68
