structure,chain,accession,canonical_residue,sasa_unbound
4GL9,A,Q62120,843,155.56
4GL9,A,Q62120,844,51.91
4GL9,A,Q62120,845,95.82
4GL9,A,Q62120,846,58.47
4GL9,A,Q62120,847,172.74
4GL9,A,Q62120,848,13.19
4GL9,A,Q62120,849,23.71
4GL9,A,Q62120,850,97.06
4GL9,A,Q62120,851,115.3
4GL9,A,Q62120,852,74.27
4GL9,A,Q62120,853,84.96
4GL9,A,Q62120,854,99.76
4GL9,A,Q62120,855,38.05
4GL9,A,Q62120,856,19.32
4GL9,A,Q62120,857,141.14
4GL9,A,Q62120,858,6.04
4GL9,A,Q62120,859,83.38
4GL9,A,Q62120,860,37.44
4GL9,A,Q62120,861,2.14
4GL9,A,Q62120,862,4.56
4GL9,A,Q62120,863,1.21
4GL9,A,Q62120,864,19.29
4GL9,A,Q62120,865,24.23
4GL9,A,Q62120,866,1.29
4GL9,A,Q62120,867,61.65
4GL9,A,Q62120,868,38.47
4GL9,A,Q62120,869,12.33
4GL9,A,Q62120,870,74.43
4GL9,A,Q62120,871,130.78
4GL9,A,Q62120,872,90.46
4GL9,A,Q62120,873,82.96
4GL9,A,Q62120,874,69.7
4GL9,A,Q62120,875,99.07
4GL9,A,Q62120,876,18.1
4GL9,A,Q62120,877,130.71
4GL9,A,Q62120,878,40.97
4GL9,A,Q62120,879,6.04
4GL9,A,Q62120,880,2.28
4GL9,A,Q62120,881,1.21
4GL9,A,Q62120,882,11.96
4GL9,A,Q62120,883,66.8
4GL9,A,Q62120,884,6.43
4GL9,A,Q62120,885,106.41
4GL9,A,Q62120,886,91.69
4GL9,A,Q62120,887,58.67
4GL9,A,Q62120,888,57.83
4GL9,A,Q62120,889,132.47
4GL9,A,Q62120,890,110.45
4GL9,A,Q62120,891,53.04
4GL9,A,Q62120,892,51.93
4GL9,A,Q62120,893,122.29
4GL9,A,Q62120,894,54.0
4GL9,A,Q62120,895,0.0
4GL9,A,Q62120,896,69.27
4GL9,A,Q62120,897,104.37
4GL9,A,Q62120,898,12.35
4GL9,A,Q62120,899,13.28
4GL9,A,Q62120,900,111.09
4GL9,A,Q62120,901,3.62
4GL9,A,Q62120,902,3.62
4GL9,A,Q62120,903,102.61
4GL9,A,Q62120,904,38.24
4GL9,A,Q62120,905,5.36
4GL9,A,Q62120,906,143.91
4GL9,A,Q62120,907,50.54
4GL9,A,Q62120,908,98.52
4GL9,A,Q62120,909,19.4
4GL9,A,Q62120,910,1.21
4GL9,A,Q62120,911,0.0
4GL9,A,Q62120,912,90.41
4GL9,A,Q62120,913,51.55
4GL9,A,Q62120,914,85.34
4GL9,A,Q62120,915,0.0
4GL9,A,Q62120,916,47.62
4GL9,A,Q62120,917,15.12
4GL9,A,Q62120,918,128.26
4GL9,A,Q62120,919,87.78
4GL9,A,Q62120,924,68.13
4GL9,A,Q62120,925,18.11
4GL9,A,Q62120,926,35.54
4GL9,A,Q62120,927,2.42
4GL9,A,Q62120,928,0.0
4GL9,A,Q62120,929,13.92
4GL9,A,Q62120,930,16.89
4GL9,A,Q62120,931,64.66
4GL9,A,Q62120,932,1.21
4GL9,A,Q62120,933,66.11
4GL9,A,Q62120,934,85.4
4GL9,A,Q62120,935,2.42
4GL9,A,Q62120,936,8.87
4GL9,A,Q62120,937,0.0
4GL9,A,Q62120,938,65.14
4GL9,A,Q62120,939,88.56
4GL9,A,Q62120,940,17.42
4GL9,A,Q62120,941,3.62
4GL9,A,Q62120,942,64.55
4GL9,A,Q62120,943,129.63
4GL9,A,Q62120,944,37.73
4GL9,A,Q62120,945,47.62
4GL9,A,Q62120,946,134.45
4GL9,A,Q62120,947,176.64
4GL9,A,Q62120,948,12.47
4GL9,A,Q62120,949,85.79
4GL9,A,Q62120,950,77.83
4GL9,A,Q62120,951,49.81
4GL9,A,Q62120,952,40.72
4GL9,A,Q62120,953,0.0
4GL9,A,Q62120,954,9.66
4GL9,A,Q62120,955,39.63
4GL9,A,Q62120,956,1.21
4GL9,A,Q62120,957,2.42
4GL9,A,Q62120,958,7.5
4GL9,A,Q62120,959,24.02
4GL9,A,Q62120,960,1.21
4GL9,A,Q62120,961,0.0
4GL9,A,Q62120,962,70.75
4GL9,A,Q62120,963,0.0
4GL9,A,Q62120,964,1.21
4GL9,A,Q62120,965,52.67
4GL9,A,Q62120,966,46.17
4GL9,A,Q62120,967,1.21
4GL9,A,Q62120,968,28.95
4GL9,A,Q62120,969,101.47
4GL9,A,Q62120,970,71.64
4GL9,A,Q62120,971,74.96
4GL9,A,Q62120,972,24.92
4GL9,A,Q62120,973,1.21
4GL9,A,Q62120,974,1.21
4GL9,A,Q62120,975,17.61
4GL9,A,Q62120,976,17.42
4GL9,A,Q62120,977,1.21
4GL9,A,Q62120,978,4.83
4GL9,A,Q62120,979,0.0
4GL9,A,Q62120,980,132.7
4GL9,A,Q62120,981,9.82
4GL9,A,Q62120,982,1.21
4GL9,A,Q62120,983,2.42
4GL9,A,Q62120,984,1.21
4GL9,A,Q62120,985,47.84
4GL9,A,Q62120,986,46.3
4GL9,A,Q62120,987,91.13
4GL9,A,Q62120,988,76.55
4GL9,A,Q62120,989,73.77
4GL9,A,Q62120,990,3.49
4GL9,A,Q62120,991,0.0
4GL9,A,Q62120,992,2.42
4GL9,A,Q62120,993,2.42
4GL9,A,Q62120,994,12.42
4GL9,A,Q62120,995,1.21
4GL9,A,Q62120,996,17.14
4GL9,A,Q62120,997,50.61
4GL9,A,Q62120,998,3.21
4GL9,A,Q62120,999,37.91
4GL9,A,Q62120,1000,75.61
4GL9,A,Q62120,1001,18.76
4GL9,A,Q62120,1002,37.44
4GL9,A,Q62120,1003,180.44
4GL9,A,Q62120,1004,109.36
4GL9,A,Q62120,1005,81.64
4GL9,A,Q62120,1006,98.32
4GL9,A,Q62120,1009,88.02
4GL9,A,Q62120,1010,26.43
4GL9,A,Q62120,1011,201.77
4GL9,A,Q62120,1012,172.59
4GL9,A,Q62120,1013,83.0
4GL9,A,Q62120,1014,62.19
4GL9,A,Q62120,1015,113.3
4GL9,A,Q62120,1016,51.65
4GL9,A,Q62120,1017,40.95
4GL9,A,Q62120,1018,32.36
4GL9,A,Q62120,1019,27.64
4GL9,A,Q62120,1020,32.61
4GL9,A,Q62120,1021,9.25
4GL9,A,Q62120,1022,0.0
4GL9,A,Q62120,1023,14.36
4GL9,A,Q62120,1024,33.15
4GL9,A,Q62120,1025,7.5
4GL9,A,Q62120,1026,21.84
4GL9,A,Q62120,1027,88.07
4GL9,A,Q62120,1028,123.0
4GL9,A,Q62120,1029,17.71
4GL9,A,Q62120,1030,32.95
4GL9,A,Q62120,1031,6.04
4GL9,A,Q62120,1032,21.33
4GL9,A,Q62120,1033,52.91
4GL9,A,Q62120,1034,16.34
4GL9,A,Q62120,1035,1.07
4GL9,A,Q62120,1036,0.0
4GL9,A,Q62120,1037,6.04
4GL9,A,Q62120,1038,4.72
4GL9,A,Q62120,1039,0.0
4GL9,A,Q62120,1040,2.42
4GL9,A,Q62120,1041,0.0
4GL9,A,Q62120,1042,1.21
4GL9,A,Q62120,1043,0.0
4GL9,A,Q62120,1044,7.25
4GL9,A,Q62120,1045,0.0
4GL9,A,Q62120,1046,6.43
4GL9,A,Q62120,1047,0.0
4GL9,A,Q62120,1048,4.56
4GL9,A,Q62120,1049,0.0
4GL9,A,Q62120,1050,40.22
4GL9,A,Q62120,1051,11.26
4GL9,A,Q62120,1052,50.26
4GL9,A,Q62120,1053,161.58
4GL9,A,Q62120,1054,65.39
4GL9,A,Q62120,1055,37.75
4GL9,A,Q62120,1056,15.82
4GL9,A,Q62120,1057,1.21
4GL9,A,Q62120,1058,45.89
4GL9,A,Q62120,1059,62.66
4GL9,A,Q62120,1060,3.21
4GL9,A,Q62120,1061,1.21
4GL9,A,Q62120,1062,35.42
4GL9,A,Q62120,1063,128.83
4GL9,A,Q62120,1064,68.24
4GL9,A,Q62120,1065,24.93
4GL9,A,Q62120,1066,21.74
4GL9,A,Q62120,1067,116.66
4GL9,A,Q62120,1068,100.36
4GL9,A,Q62120,1069,67.76
4GL9,A,Q62120,1070,129.65
4GL9,A,Q62120,1071,50.15
4GL9,A,Q62120,1072,158.63
4GL9,A,Q62120,1073,100.86
4GL9,A,Q62120,1074,32.61
4GL9,A,Q62120,1075,38.64
4GL9,A,Q62120,1076,106.16
4GL9,A,Q62120,1077,71.82
4GL9,A,Q62120,1078,1.21
4GL9,A,Q62120,1079,27.78
4GL9,A,Q62120,1080,92.32
4GL9,A,Q62120,1081,26.57
4GL9,A,Q62120,1082,1.21
4GL9,A,Q62120,1083,137.95
4GL9,A,Q62120,1084,75.07
4GL9,A,Q62120,1085,106.62
4GL9,A,Q62120,1086,12.08
4GL9,A,Q62120,1087,33.84
4GL9,A,Q62120,1088,2.42
4GL9,A,Q62120,1089,33.81
4GL9,A,Q62120,1090,103.35
4GL9,A,Q62120,1091,2.14
4GL9,A,Q62120,1092,120.06
4GL9,A,Q62120,1093,58.04
4GL9,A,Q62120,1094,7.64
4GL9,A,Q62120,1095,25.36
4GL9,A,Q62120,1096,104.28
4GL9,A,Q62120,1097,99.17
4GL9,A,Q62120,1098,7.25
4GL9,A,Q62120,1099,55.11
4GL9,A,Q62120,1100,57.97
4GL9,A,Q62120,1101,13.28
4GL9,A,Q62120,1102,0.0
4GL9,A,Q62120,1103,47.04
4GL9,A,Q62120,1104,78.0
4GL9,A,Q62120,1105,0.0
4GL9,A,Q62120,1106,1.07
4GL9,A,Q62120,1107,42.95
4GL9,A,Q62120,1108,46.76
4GL9,A,Q62120,1109,76.25
4GL9,A,Q62120,1110,71.53
4GL9,A,Q62120,1111,95.44
4GL9,A,Q62120,1112,124.48
4GL9,A,Q62120,1113,15.14
4GL9,A,Q62120,1114,30.19
4GL9,A,Q62120,1115,41.88
4GL9,A,Q62120,1116,14.15
4GL9,A,Q62120,1117,156.48
4GL9,A,Q62120,1118,70.75
4GL9,A,Q62120,1119,9.39
4GL9,A,Q62120,1120,4.29
4GL9,A,Q62120,1121,108.41
4GL9,A,Q62120,1122,94.24
4GL9,A,Q62120,1123,9.66
4GL9,A,Q62120,1124,46.38
4GL9,A,Q62120,1125,120.59
4GL9,A,Q62120,1126,24.15
4GL9,A,Q62120,1127,78.25
4GL9,A,Q62120,1128,121.3
4GL9,A,Q62120,1129,90.7
4GL9,A,Q62120,1130,129.55
4GL9,E,O35718,22,164.3
4GL9,E,O35718,23,98.99
4GL9,E,O35718,24,112.97
4GL9,E,O35718,25,79.42
4GL9,E,O35718,26,82.95
4GL9,E,O35718,27,53.24
4GL9,E,O35718,28,146.14
4GL9,E,O35718,29,91.67
4GL9,E,O35718,30,10.07
4GL9,E,O35718,31,102.7
4GL9,E,O35718,32,81.9
4GL9,E,O35718,33,23.88
4GL9,E,O35718,34,19.32
4GL9,E,O35718,35,35.84
4GL9,E,O35718,36,71.64
4GL9,E,O35718,37,0.0
4GL9,E,O35718,38,41.06
4GL9,E,O35718,39,111.96
4GL9,E,O35718,40,94.1
4GL9,E,O35718,41,0.0
4GL9,E,O35718,42,129.33
4GL9,E,O35718,43,122.35
4GL9,E,O35718,44,37.79
4GL9,E,O35718,45,27.5
4GL9,E,O35718,46,20.53
4GL9,E,O35718,47,26.12
4GL9,E,O35718,48,55.55
4GL9,E,O35718,49,76.4
4GL9,E,O35718,50,74.82
4GL9,E,O35718,51,30.19
4GL9,E,O35718,52,63.6
4GL9,E,O35718,53,22.1
4GL9,E,O35718,54,47.83
4GL9,E,O35718,55,77.49
4GL9,E,O35718,56,1.21
4GL9,E,O35718,57,73.23
4GL9,E,O35718,58,117.53
4GL9,E,O35718,59,69.89
4GL9,E,O35718,60,0.0
4GL9,E,O35718,61,68.22
4GL9,E,O35718,62,87.3
4GL9,E,O35718,63,57.06
4GL9,E,O35718,64,63.89
4GL9,E,O35718,65,51.09
4GL9,E,O35718,66,0.0
4GL9,E,O35718,67,0.0
4GL9,E,O35718,68,3.62
4GL9,E,O35718,69,1.21
4GL9,E,O35718,70,1.21
4GL9,E,O35718,71,15.31
4GL9,E,O35718,72,36.99
4GL9,E,O35718,73,24.64
4GL9,E,O35718,74,88.89
4GL9,E,O35718,75,55.6
4GL9,E,O35718,76,97.33
4GL9,E,O35718,77,126.57
4GL9,E,O35718,78,7.64
4GL9,E,O35718,79,60.64
4GL9,E,O35718,80,8.45
4GL9,E,O35718,81,2.28
4GL9,E,O35718,82,10.87
4GL9,E,O35718,83,0.0
4GL9,E,O35718,84,9.66
4GL9,E,O35718,85,38.66
4GL9,E,O35718,86,2.42
4GL9,E,O35718,87,160.87
4GL9,E,O35718,88,81.6
4GL9,E,O35718,89,16.91
4GL9,E,O35718,90,26.92
4GL9,E,O35718,91,81.82
4GL9,E,O35718,92,60.8
4GL9,E,O35718,93,33.81
4GL9,E,O35718,94,83.57
4GL9,E,O35718,95,5.77
4GL9,E,O35718,96,29.58
4GL9,E,O35718,97,4.33
4GL9,E,O35718,98,89.12
4GL9,E,O35718,99,78.86
4GL9,E,O35718,100,27.1
4GL9,E,O35718,101,30.27
4GL9,E,O35718,102,2.42
4GL9,E,O35718,103,0.0
4GL9,E,O35718,104,15.59
4GL9,E,O35718,105,87.29
4GL9,E,O35718,106,74.31
4GL9,E,O35718,107,62.36
4GL9,E,O35718,108,125.82
4GL9,E,O35718,109,136.49
4GL9,E,O35718,110,50.51
4GL9,E,O35718,111,123.25
4GL9,E,O35718,112,137.37
4GL9,E,O35718,113,106.53
4GL9,E,O35718,114,50.04
4GL9,E,O35718,115,34.89
4GL9,E,O35718,116,103.82
4GL9,E,O35718,117,31.4
4GL9,E,O35718,118,104.07
4GL9,E,O35718,119,26.55
4GL9,E,O35718,120,1.07
4GL9,E,O35718,121,28.98
4GL9,E,O35718,122,109.8
4GL9,E,O35718,123,6.04
4GL9,E,O35718,124,10.87
4GL9,E,O35718,125,118.24
4GL9,E,O35718,126,75.72
4GL9,E,O35718,127,25.6
4GL9,E,O35718,128,113.34
4GL9,E,O35718,164,109.76
4GL9,E,O35718,165,94.78
4GL9,E,O35718,166,137.07
4GL9,E,O35718,167,25.36
4GL9,E,O35718,168,91.07
4GL9,E,O35718,173,141.14
4GL9,E,O35718,174,36.23
4GL9,E,O35718,175,66.15
4GL9,E,O35718,176,32.71
4GL9,E,O35718,177,62.57
4GL9,E,O35718,178,20.95
4GL9,E,O35718,179,50.55
4GL9,E,O35718,180,127.52
4GL9,E,O35718,181,66.93
4GL9,E,O35718,182,18.11
4GL9,E,O35718,183,93.47
4GL9,E,O35718,184,104.55
4GL9,F,O35718,171,113.46
4GL9,F,O35718,172,48.95
4GL9,G,O35718,163,101.9
6C7Y,A,P23458,868,88.5
6C7Y,A,P23458,869,170.27
6C7Y,A,P23458,870,74.06
6C7Y,A,P23458,871,62.93
6C7Y,A,P23458,872,68.23
6C7Y,A,P23458,873,101.55
6C7Y,A,P23458,874,62.37
6C7Y,A,P23458,875,48.0
6C7Y,A,P23458,876,53.49
6C7Y,A,P23458,877,61.14
6C7Y,A,P23458,878,98.56
6C7Y,A,P23458,879,144.11
6C7Y,A,P23458,880,117.69
6C7Y,A,P23458,881,34.44
6C7Y,A,P23458,882,15.56
6C7Y,A,P23458,883,151.31
6C7Y,A,P23458,884,17.96
6C7Y,A,P23458,885,126.51
6C7Y,A,P23458,886,59.55
6C7Y,A,P23458,887,4.58
6C7Y,A,P23458,888,41.06
6C7Y,A,P23458,889,3.21
6C7Y,A,P23458,890,42.6
6C7Y,A,P23458,891,10.87
6C7Y,A,P23458,892,6.12
6C7Y,A,P23458,893,28.44
6C7Y,A,P23458,894,65.73
6C7Y,A,P23458,898,116.97
6C7Y,A,P23458,899,121.19
6C7Y,A,P23458,900,134.41
6C7Y,A,P23458,901,76.42
6C7Y,A,P23458,902,28.67
6C7Y,A,P23458,903,69.04
6C7Y,A,P23458,904,117.0
6C7Y,A,P23458,905,19.32
6C7Y,A,P23458,906,0.0
6C7Y,A,P23458,907,8.45
6C7Y,A,P23458,908,4.83
6C7Y,A,P23458,909,38.2
6C7Y,A,P23458,910,57.08
6C7Y,A,P23458,911,47.01
6C7Y,A,P23458,912,169.8
6C7Y,A,P23458,918,148.76
6C7Y,A,P23458,919,95.02
6C7Y,A,P23458,920,44.41
6C7Y,A,P23458,921,45.16
6C7Y,A,P23458,922,8.34
6C7Y,A,P23458,923,54.33
6C7Y,A,P23458,924,128.64
6C7Y,A,P23458,925,15.32
6C7Y,A,P23458,926,18.11
6C7Y,A,P23458,927,86.15
6C7Y,A,P23458,928,20.53
6C7Y,A,P23458,929,8.32
6C7Y,A,P23458,930,64.21
6C7Y,A,P23458,931,62.74
6C7Y,A,P23458,932,11.79
6C7Y,A,P23458,933,175.8
6C7Y,A,P23458,934,43.72
6C7Y,A,P23458,935,119.89
6C7Y,A,P23458,936,6.65
6C7Y,A,P23458,937,2.42
6C7Y,A,P23458,938,5.49
6C7Y,A,P23458,939,61.33
6C7Y,A,P23458,940,70.97
6C7Y,A,P23458,941,90.33
6C7Y,A,P23458,942,0.0
6C7Y,A,P23458,943,20.39
6C7Y,A,P23458,944,10.08
6C7Y,A,P23458,945,98.0
6C7Y,A,P23458,946,191.28
6C7Y,A,P23458,951,45.91
6C7Y,A,P23458,952,60.95
6C7Y,A,P23458,953,81.29
6C7Y,A,P23458,954,1.21
6C7Y,A,P23458,955,8.45
6C7Y,A,P23458,956,16.41
6C7Y,A,P23458,957,30.15
6C7Y,A,P23458,958,31.43
6C7Y,A,P23458,959,4.83
6C7Y,A,P23458,960,90.65
6C7Y,A,P23458,961,40.6
6C7Y,A,P23458,962,6.04
6C7Y,A,P23458,963,0.0
6C7Y,A,P23458,964,0.0
6C7Y,A,P23458,965,79.18
6C7Y,A,P23458,966,67.69
6C7Y,A,P23458,967,19.19
6C7Y,A,P23458,968,0.0
6C7Y,A,P23458,969,67.57
6C7Y,A,P23458,970,158.74
6C7Y,A,P23458,971,34.83
6C7Y,A,P23458,972,122.81
6C7Y,A,P23458,973,162.2
6C7Y,A,P23458,974,100.31
6C7Y,A,P23458,975,2.28
6C7Y,A,P23458,976,83.03
6C7Y,A,P23458,977,63.32
6C7Y,A,P23458,978,63.78
6C7Y,A,P23458,979,23.02
6C7Y,A,P23458,980,6.43
6C7Y,A,P23458,981,8.45
6C7Y,A,P23458,982,29.92
6C7Y,A,P23458,983,0.0
6C7Y,A,P23458,984,1.21
6C7Y,A,P23458,985,15.7
6C7Y,A,P23458,986,26.41
6C7Y,A,P23458,987,4.83
6C7Y,A,P23458,988,0.0
6C7Y,A,P23458,989,76.24
6C7Y,A,P23458,990,1.07
6C7Y,A,P23458,991,4.56
6C7Y,A,P23458,992,53.71
6C7Y,A,P23458,993,41.45
6C7Y,A,P23458,994,1.21
6C7Y,A,P23458,995,15.02
6C7Y,A,P23458,996,78.04
6C7Y,A,P23458,997,97.36
6C7Y,A,P23458,998,61.29
6C7Y,A,P23458,999,31.48
6C7Y,A,P23458,1000,0.0
6C7Y,A,P23458,1001,0.0
6C7Y,A,P23458,1002,8.86
6C7Y,A,P23458,1003,3.35
6C7Y,A,P23458,1004,1.09
6C7Y,A,P23458,1005,1.21
6C7Y,A,P23458,1006,0.0
6C7Y,A,P23458,1007,53.59
6C7Y,A,P23458,1008,2.28
6C7Y,A,P23458,1009,0.0
6C7Y,A,P23458,1010,6.04
6C7Y,A,P23458,1011,0.0
6C7Y,A,P23458,1012,71.01
6C7Y,A,P23458,1013,48.81
6C7Y,A,P23458,1014,64.03
6C7Y,A,P23458,1015,116.64
6C7Y,A,P23458,1016,32.57
6C7Y,A,P23458,1017,0.0
6C7Y,A,P23458,1018,12.37
6C7Y,A,P23458,1019,3.62
6C7Y,A,P23458,1020,4.83
6C7Y,A,P23458,1021,13.1
6C7Y,A,P23458,1022,7.11
6C7Y,A,P23458,1023,11.92
6C7Y,A,P23458,1024,1.21
6C7Y,A,P23458,1025,9.64
6C7Y,A,P23458,1026,26.29
6C7Y,A,P23458,1027,49.06
6C7Y,A,P23458,1028,13.54
6C7Y,A,P23458,1029,108.27
6C7Y,A,P23458,1030,121.05
6C7Y,A,P23458,1031,111.5
6C7Y,A,P23458,1032,120.9
6C7Y,A,P23458,1033,104.21
6C7Y,A,P23458,1035,75.74
6C7Y,A,P23458,1036,28.94
6C7Y,A,P23458,1037,19.3
6C7Y,A,P23458,1038,160.72
6C7Y,A,P23458,1039,45.7
6C7Y,A,P23458,1040,151.97
6C7Y,A,P23458,1041,70.49
6C7Y,A,P23458,1042,92.66
6C7Y,A,P23458,1043,44.97
6C7Y,A,P23458,1044,20.53
6C7Y,A,P23458,1045,30.19
6C7Y,A,P23458,1046,20.53
6C7Y,A,P23458,1047,22.94
6C7Y,A,P23458,1048,4.83
6C7Y,A,P23458,1049,0.0
6C7Y,A,P23458,1050,2.42
6C7Y,A,P23458,1051,2.42
6C7Y,A,P23458,1052,8.57
6C7Y,A,P23458,1053,30.68
6C7Y,A,P23458,1054,66.02
6C7Y,A,P23458,1055,54.49
6C7Y,A,P23458,1056,40.85
6C7Y,A,P23458,1057,21.87
6C7Y,A,P23458,1058,4.83
6C7Y,A,P23458,1059,44.63
6C7Y,A,P23458,1060,64.0
6C7Y,A,P23458,1061,15.47
6C7Y,A,P23458,1062,0.0
6C7Y,A,P23458,1063,5.49
6C7Y,A,P23458,1064,1.21
6C7Y,A,P23458,1065,0.0
6C7Y,A,P23458,1066,0.0
6C7Y,A,P23458,1067,3.62
6C7Y,A,P23458,1068,0.0
6C7Y,A,P23458,1069,0.0
6C7Y,A,P23458,1070,3.49
6C7Y,A,P23458,1071,4.72
6C7Y,A,P23458,1072,2.42
6C7Y,A,P23458,1073,8.98
6C7Y,A,P23458,1074,3.62
6C7Y,A,P23458,1075,10.05
6C7Y,A,P23458,1076,18.1
6C7Y,A,P23458,1077,43.3
6C7Y,A,P23458,1078,12.06
6C7Y,A,P23458,1079,59.63
6C7Y,A,P23458,1080,80.48
6C7Y,A,P23458,1081,120.99
6C7Y,A,P23458,1082,40.99
6C7Y,A,P23458,1083,21.72
6C7Y,A,P23458,1084,0.0
6C7Y,A,P23458,1085,88.35
6C7Y,A,P23458,1086,35.41
6C7Y,A,P23458,1087,13.28
6C7Y,A,P23458,1088,0.0
6C7Y,A,P23458,1089,48.83
6C7Y,A,P23458,1090,146.65
6C7Y,A,P23458,1091,43.46
6C7Y,A,P23458,1092,30.27
6C7Y,A,P23458,1093,23.47
6C7Y,A,P23458,1094,130.8
6C7Y,A,P23458,1095,12.44
6C7Y,A,P23458,1096,125.36
6C7Y,A,P23458,1097,55.62
6C7Y,A,P23458,1098,158.65
6C7Y,A,P23458,1099,98.71
6C7Y,A,P23458,1100,19.99
6C7Y,A,P23458,1101,39.85
6C7Y,A,P23458,1102,67.85
6C7Y,A,P23458,1103,96.19
6C7Y,A,P23458,1104,0.0
6C7Y,A,P23458,1105,13.28
6C7Y,A,P23458,1106,58.42
6C7Y,A,P23458,1107,10.71
6C7Y,A,P23458,1108,0.0
6C7Y,A,P23458,1109,55.99
6C7Y,A,P23458,1110,86.42
6C7Y,A,P23458,1111,6.97
6C7Y,A,P23458,1112,71.57
6C7Y,A,P23458,1113,10.23
6C7Y,A,P23458,1114,0.0
6C7Y,A,P23458,1115,60.38
6C7Y,A,P23458,1116,60.55
6C7Y,A,P23458,1117,6.7
6C7Y,A,P23458,1118,101.83
6C7Y,A,P23458,1119,156.18
6C7Y,A,P23458,1120,18.65
6C7Y,A,P23458,1121,44.68
6C7Y,A,P23458,1122,93.15
6C7Y,A,P23458,1123,93.27
6C7Y,A,P23458,1124,2.42
6C7Y,A,P23458,1125,29.51
6C7Y,A,P23458,1126,84.41
6C7Y,A,P23458,1127,15.56
6C7Y,A,P23458,1128,0.0
6C7Y,A,P23458,1129,82.94
6C7Y,A,P23458,1130,93.44
6C7Y,A,P23458,1131,1.29
6C7Y,A,P23458,1132,6.84
6C7Y,A,P23458,1133,82.38
6C7Y,A,P23458,1134,20.19
6C7Y,A,P23458,1135,70.6
6C7Y,A,P23458,1136,19.44
6C7Y,A,P23458,1137,93.58
6C7Y,A,P23458,1138,92.24
6C7Y,A,P23458,1139,21.43
6C7Y,A,P23458,1140,28.56
6C7Y,A,P23458,1141,43.11
6C7Y,A,P23458,1142,9.2
6C7Y,A,P23458,1143,112.4
6C7Y,A,P23458,1144,73.84
6C7Y,A,P23458,1145,0.0
6C7Y,A,P23458,1146,16.91
6C7Y,A,P23458,1147,117.39
6C7Y,A,P23458,1148,13.01
6C7Y,A,P23458,1149,0.0
6C7Y,A,P23458,1150,90.58
6C7Y,A,P23458,1151,76.96
6C7Y,A,P23458,1152,71.33
6C7Y,A,P23458,1153,105.67
6C7Y,B,B6RCQ2,48,120.81
6C7Y,B,B6RCQ2,49,85.27
6C7Y,B,B6RCQ2,50,131.08
6C7Y,B,B6RCQ2,51,133.54
6C7Y,B,B6RCQ2,52,158.02
6C7Y,B,B6RCQ2,53,113.1
6C7Y,B,B6RCQ2,54,78.92
6C7Y,B,B6RCQ2,55,209.75
6C7Y,B,B6RCQ2,56,33.93
6C7Y,B,B6RCQ2,57,117.5
6C7Y,B,B6RCQ2,58,45.53
6C7Y,B,B6RCQ2,59,8.57
6C7Y,B,B6RCQ2,60,84.53
6C7Y,B,B6RCQ2,61,25.73
6C7Y,B,B6RCQ2,62,11.79
6C7Y,B,B6RCQ2,63,15.7
6C7Y,B,B6RCQ2,64,62.08
6C7Y,B,B6RCQ2,65,124.63
6C7Y,B,B6RCQ2,66,3.62
6C7Y,B,B6RCQ2,67,34.59
6C7Y,B,B6RCQ2,68,69.41
6C7Y,B,B6RCQ2,69,74.33
6C7Y,B,B6RCQ2,70,1.07
6C7Y,B,B6RCQ2,71,108.13
6C7Y,B,B6RCQ2,72,88.36
6C7Y,B,B6RCQ2,73,23.34
6C7Y,B,B6RCQ2,74,16.52
6C7Y,B,B6RCQ2,75,24.15
6C7Y,B,B6RCQ2,76,43.01
6C7Y,B,B6RCQ2,77,52.45
6C7Y,B,B6RCQ2,78,4.83
6C7Y,B,B6RCQ2,79,104.36
6C7Y,B,B6RCQ2,80,9.66
6C7Y,B,B6RCQ2,81,56.08
6C7Y,B,B6RCQ2,82,54.12
6C7Y,B,B6RCQ2,83,78.63
6C7Y,B,B6RCQ2,84,26.3
6C7Y,B,B6RCQ2,85,0.0
6C7Y,B,B6RCQ2,86,34.86
6C7Y,B,B6RCQ2,87,52.56
6C7Y,B,B6RCQ2,88,77.06
6C7Y,B,B6RCQ2,89,0.0
6C7Y,B,B6RCQ2,90,100.13
6C7Y,B,B6RCQ2,91,84.58
6C7Y,B,B6RCQ2,92,62.42
6C7Y,B,B6RCQ2,93,80.91
6C7Y,B,B6RCQ2,94,123.98
6C7Y,B,B6RCQ2,95,3.62
6C7Y,B,B6RCQ2,96,6.72
6C7Y,B,B6RCQ2,97,13.28
6C7Y,B,B6RCQ2,98,0.0
6C7Y,B,B6RCQ2,99,0.0
6C7Y,B,B6RCQ2,100,0.0
6C7Y,B,B6RCQ2,101,43.56
6C7Y,B,B6RCQ2,102,16.07
6C7Y,B,B6RCQ2,103,75.72
6C7Y,B,B6RCQ2,104,72.87
6C7Y,B,B6RCQ2,105,109.49
6C7Y,B,B6RCQ2,106,82.68
6C7Y,B,B6RCQ2,107,15.62
6C7Y,B,B6RCQ2,108,58.63
6C7Y,B,B6RCQ2,109,10.87
6C7Y,B,B6RCQ2,110,1.21
6C7Y,B,B6RCQ2,111,21.6
6C7Y,B,B6RCQ2,112,0.0
6C7Y,B,B6RCQ2,113,16.79
6C7Y,B,B6RCQ2,114,39.26
6C7Y,B,B6RCQ2,115,55.75
6C7Y,B,B6RCQ2,116,86.88
6C7Y,B,B6RCQ2,117,124.96
6C7Y,B,B6RCQ2,118,9.66
6C7Y,B,B6RCQ2,119,33.39
6C7Y,B,B6RCQ2,120,52.98
6C7Y,B,B6RCQ2,121,42.81
6C7Y,B,B6RCQ2,122,66.42
6C7Y,B,B6RCQ2,123,85.0
6C7Y,B,B6RCQ2,124,3.21
6C7Y,B,B6RCQ2,125,54.62
6C7Y,B,B6RCQ2,126,38.11
6C7Y,B,B6RCQ2,127,134.64
6C7Y,B,B6RCQ2,128,107.59
6C7Y,B,B6RCQ2,129,12.74
6C7Y,B,B6RCQ2,130,100.09
6C7Y,B,B6RCQ2,131,2.42
6C7Y,B,B6RCQ2,132,17.3
6C7Y,B,B6RCQ2,133,25.36
6C7Y,B,B6RCQ2,134,82.77
6C7Y,B,B6RCQ2,135,83.48
6C7Y,B,B6RCQ2,136,33.12
6C7Y,B,B6RCQ2,137,204.39
6C7Y,B,B6RCQ2,138,28.98
6C7Y,B,B6RCQ2,139,78.08
6C7Y,B,B6RCQ2,140,33.81
6C7Y,B,B6RCQ2,141,99.15
6C7Y,B,B6RCQ2,142,36.29
6C7Y,B,B6RCQ2,143,0.0
6C7Y,B,B6RCQ2,144,55.94
6C7Y,B,B6RCQ2,145,36.76
6C7Y,B,B6RCQ2,146,0.0
6C7Y,B,B6RCQ2,147,21.46
6C7Y,B,B6RCQ2,148,60.8
6C7Y,B,B6RCQ2,149,83.6
6C7Y,B,B6RCQ2,150,46.69
6C7Y,B,B6RCQ2,151,90.11
6C7Y,B,B6RCQ2,152,94.61
6C7Y,B,B6RCQ2,153,28.27
6C7Y,B,B6RCQ2,154,134.66
6C7Y,B,B6RCQ2,155,70.56
6C7Y,B,B6RCQ2,156,72.01
6C7Y,B,B6RCQ2,157,78.91
6C7Y,B,B6RCQ2,158,18.91
6C7Y,B,B6RCQ2,159,86.37
6C7Y,B,B6RCQ2,160,68.92
6C7Y,B,B6RCQ2,161,51.37
6C7Y,B,B6RCQ2,162,25.36
6C7Y,B,B6RCQ2,163,151.09
6C7Y,B,B6RCQ2,164,118.09
