structure,side,n_interface,n_control,shift_sd,power
4GL9,JAK,42,209,0.1,0.15833333333333333
4GL9,JAK,42,209,0.2,0.31333333333333335
4GL9,JAK,42,209,0.3,0.5966666666666667
4GL9,JAK,42,209,0.4,0.7716666666666666
4GL9,JAK,42,209,0.5,0.9383333333333334
4GL9,JAK,42,209,0.75,0.9966666666666667
4GL9,JAK,42,209,1.0,1.0
4GL9,SOCS,31,53,0.1,0.11166666666666666
4GL9,SOCS,31,53,0.2,0.20333333333333334
4GL9,SOCS,31,53,0.3,0.3416666666666667
4GL9,SOCS,31,53,0.4,0.5216666666666666
4GL9,SOCS,31,53,0.5,0.6766666666666666
4GL9,SOCS,31,53,0.75,0.9433333333333334
4GL9,SOCS,31,53,1.0,0.9883333333333333
6C7Y,JAK,51,195,0.1,0.14166666666666666
6C7Y,JAK,51,195,0.2,0.30666666666666664
6C7Y,JAK,51,195,0.3,0.5766666666666667
6C7Y,JAK,51,195,0.4,0.785
6C7Y,JAK,51,195,0.5,0.9283333333333333
6C7Y,JAK,51,195,0.75,0.9966666666666667
6C7Y,JAK,51,195,1.0,1.0
6C7Y,SOCS,31,64,0.1,0.08333333333333333
6C7Y,SOCS,31,64,0.2,0.205
6C7Y,SOCS,31,64,0.3,0.32166666666666666
6C7Y,SOCS,31,64,0.4,0.48
6C7Y,SOCS,31,64,0.5,0.63
6C7Y,SOCS,31,64,0.75,0.8866666666666667
6C7Y,SOCS,31,64,1.0,0.9816666666666667
