structure,side,column,jsd,sasa,gap_fraction,domain,stratum,is_interface
4GL9,SOCS,69,0.4128,35.84,0.0651,ESS,ESS|1|2,True
4GL9,SOCS,70,0.2669,71.64,0.0641,ESS,ESS|1|2,True
4GL9,SOCS,72,0.512,41.06,0.0308,ESS,ESS|1|2,True
4GL9,SOCS,73,0.5335,111.96,0.0303,ESS,ESS|2|2,True
4GL9,SOCS,74,0.648,94.1,0.0298,ESS,ESS|2|2,False
4GL9,SOCS,76,0.5749,129.33,0.0288,ESS,ESS|2|2,True
4GL9,SOCS,77,0.64,122.35,0.0278,ESS,ESS|2|2,False
4GL9,SOCS,97,0.7767,37.79,0.0298,ESS,ESS|1|2,False
4GL9,SOCS,100,0.7354,27.5,0.0164,ESS,ESS|1|2,False
4GL9,SOCS,101,0.8355,20.53,0.0134,SH2,SH2|0|2,False
4GL9,SOCS,102,0.8544,26.12,0.0134,SH2,SH2|0|2,True
4GL9,SOCS,103,0.8764,55.55,0.0129,SH2,SH2|1|2,True
4GL9,SOCS,104,0.5892,76.4,0.0129,SH2,SH2|1|2,True
4GL9,SOCS,105,0.5569,74.82,0.0124,SH2,SH2|1|2,True
4GL9,SOCS,106,0.5742,30.19,0.005,SH2,SH2|1|1,True
4GL9,SOCS,107,0.5459,63.6,0.005,SH2,SH2|1|1,True
4GL9,SOCS,108,0.8118,22.1,0.005,SH2,SH2|0|1,True
4GL9,SOCS,109,0.4293,47.83,0.005,SH2,SH2|1|1,True
4GL9,SOCS,110,0.6793,77.49,0.005,SH2,SH2|2|1,True
4GL9,SOCS,111,0.7931,1.21,0.005,SH2,SH2|0|2,False
4GL9,SOCS,112,0.6047,73.23,0.005,SH2,SH2|1|2,False
4GL9,SOCS,113,0.2479,117.53,0.004,SH2,SH2|2|1,False
4GL9,SOCS,114,0.5846,69.89,0.004,SH2,SH2|1|1,False
4GL9,SOCS,115,0.7627,0.0,0.004,SH2,SH2|0|1,False
4GL9,SOCS,116,0.4593,68.22,0.0035,SH2,SH2|1|1,False
4GL9,SOCS,117,0.3374,87.3,0.0035,SH2,SH2|2|1,False
4GL9,SOCS,118,0.7165,57.06,0.0035,SH2,SH2|1|1,False
4GL9,SOCS,119,0.4653,63.89,0.004,SH2,SH2|1|1,False
4GL9,SOCS,120,0.439,51.09,0.004,SH2,SH2|1|1,False
4GL9,SOCS,121,0.8129,0.0,0.004,SH2,SH2|0|1,False
4GL9,SOCS,122,0.7237,0.0,0.001,SH2,SH2|0|0,False
4GL9,SOCS,123,0.8748,3.62,0.0015,SH2,SH2|0|1,False
4GL9,SOCS,124,0.7633,1.21,0.0015,SH2,SH2|0|1,False
4GL9,SOCS,125,0.6813,1.21,0.0015,SH2,SH2|0|1,False
4GL9,SOCS,126,0.8481,15.31,0.0015,SH2,SH2|0|1,True
4GL9,SOCS,127,0.7877,36.99,0.0005,SH2,SH2|1|0,True
4GL9,SOCS,128,0.8144,24.64,0.0005,SH2,SH2|0|0,True
4GL9,SOCS,129,0.7455,88.89,0.0005,SH2,SH2|2|0,True
4GL9,SOCS,130,0.848,55.6,0.0005,SH2,SH2|1|0,True
4GL9,SOCS,131,0.5756,97.33,0.001,SH2,SH2|2|0,True
4GL9,SOCS,132,0.7496,126.57,0.0,SH2,SH2|2|0,True
4GL9,SOCS,133,0.8682,7.64,0.0,SH2,SH2|0|0,True
4GL9,SOCS,134,0.6724,60.64,0.0,SH2,SH2|1|0,True
4GL9,SOCS,135,0.838,8.45,0.0,SH2,SH2|0|0,True
4GL9,SOCS,136,0.7255,2.28,0.0,SH2,SH2|0|0,True
4GL9,SOCS,137,0.7031,10.87,0.0,SH2,SH2|0|0,False
4GL9,SOCS,138,0.7859,0.0,0.0,SH2,SH2|0|0,False
4GL9,SOCS,139,0.6839,9.66,0.0,SH2,SH2|0|0,False
4GL9,SOCS,140,0.6921,38.66,0.0,SH2,SH2|1|0,False
4GL9,SOCS,141,0.8439,2.42,0.0,SH2,SH2|0|0,False
4GL9,SOCS,142,0.3371,160.87,0.0,SH2,SH2|2|0,False
4GL9,SOCS,143,0.4056,81.6,0.0,SH2,SH2|2|0,False
4GL9,SOCS,144,0.7892,16.91,0.0,SH2,SH2|0|0,False
4GL9,SOCS,145,0.6743,26.92,0.0,SH2,SH2|1|0,False
4GL9,SOCS,146,0.6936,81.82,0.0,SH2,SH2|2|0,False
4GL9,SOCS,147,0.806,60.8,0.0,SH2,SH2|1|0,False
4GL9,SOCS,148,0.6945,33.81,0.0005,SH2,SH2|1|0,False
4GL9,SOCS,149,0.8491,83.57,0.0005,SH2,SH2|2|0,False
4GL9,SOCS,150,0.7563,5.77,0.0005,SH2,SH2|0|0,True
4GL9,SOCS,151,0.7251,29.58,0.0005,SH2,SH2|1|0,True
4GL9,SOCS,152,0.6254,4.33,0.001,SH2,SH2|0|0,True
4GL9,SOCS,153,0.6067,89.12,0.001,SH2,SH2|2|0,True
4GL9,SOCS,154,0.325,78.86,0.001,SH2,SH2|2|0,True
4GL9,SOCS,155,0.3506,27.1,0.002,SH2,SH2|1|1,True
4GL9,SOCS,156,0.5378,30.27,0.0015,SH2,SH2|1|1,False
4GL9,SOCS,157,0.8755,2.42,0.0015,SH2,SH2|0|1,False
4GL9,SOCS,158,0.5471,0.0,0.0015,SH2,SH2|0|1,False
4GL9,SOCS,159,0.7368,15.59,0.0015,SH2,SH2|0|1,False
4GL9,SOCS,160,0.6906,87.29,0.001,SH2,SH2|2|0,False
4GL9,SOCS,161,0.574,74.31,0.001,SH2,SH2|1|0,False
4GL9,SOCS,162,0.6882,62.36,0.2864,SH2,SH2|1|2,False
4GL9,SOCS,165,0.4684,50.51,0.2815,SH2,SH2|1|2,False
4GL9,SOCS,166,0.8563,31.4,0.002,SH2,SH2|1|1,False
4GL9,SOCS,167,0.6106,104.07,0.002,SH2,SH2|2|1,False
4GL9,SOCS,168,0.9411,26.55,0.002,SH2,SH2|0|1,False
4GL9,SOCS,169,0.7518,1.07,0.002,SH2,SH2|0|1,False
4GL9,SOCS,170,0.6936,28.98,0.002,SH2,SH2|1|1,False
4GL9,SOCS,171,0.7265,109.8,0.002,SH2,SH2|2|1,False
4GL9,SOCS,172,0.7485,6.04,0.002,SH2,SH2|0|1,False
4GL9,SOCS,173,0.6411,10.87,0.0025,SH2,SH2|0|1,False
4GL9,SOCS,174,0.4732,118.24,0.002,SH2,SH2|2|1,False
4GL9,SOCS,175,0.7854,75.72,0.002,SH2,SH2|1|1,False
4GL9,SOCS,176,0.8789,25.6,0.002,SH2,SH2|0|1,False
4GL9,SOCS,177,0.742,113.34,0.0025,SH2,SH2|2|1,False
4GL9,JAK,15,0.7586,23.71,0.0038,JH1,JH1|1|0,False
4GL9,JAK,16,0.7223,97.06,0.0025,JH1,JH1|2|0,False
4GL9,JAK,17,0.8566,115.3,0.0025,JH1,JH1|2|0,False
4GL9,JAK,18,0.6608,74.27,0.0038,JH1,JH1|2|0,False
4GL9,JAK,19,0.681,84.96,0.0031,JH1,JH1|2|0,False
4GL9,JAK,20,0.7401,99.76,0.0031,JH1,JH1|2|0,False
4GL9,JAK,21,0.7491,38.05,0.0025,JH1,JH1|1|0,False
4GL9,JAK,22,0.8004,19.32,0.0025,JH1,JH1|1|0,False
4GL9,JAK,23,0.7139,141.14,0.0025,JH1,JH1|2|0,False
4GL9,JAK,29,0.8712,83.38,0.0013,JH1,JH1|2|0,False
4GL9,JAK,30,0.8758,37.44,0.0019,JH1,JH1|1|0,False
4GL9,JAK,34,0.7999,19.29,0.0019,JH1,JH1|1|0,False
4GL9,JAK,35,0.7511,24.23,0.0019,JH1,JH1|1|0,False
4GL9,JAK,37,0.8491,61.65,0.0019,JH1,JH1|1|0,False
4GL9,JAK,38,0.8992,38.47,0.0019,JH1,JH1|1|0,False
4GL9,JAK,40,0.7455,74.43,0.0025,JH1,JH1|2|0,False
4GL9,JAK,41,0.7449,130.78,0.0019,JH1,JH1|2|0,False
4GL9,JAK,42,0.7475,90.46,0.0019,JH1,JH1|2|0,False
4GL9,JAK,43,0.848,82.96,0.0019,JH1,JH1|2|0,False
4GL9,JAK,44,0.689,69.7,0.0019,JH1,JH1|2|0,False
4GL9,JAK,45,0.8439,99.07,0.0019,JH1,JH1|2|0,False
4GL9,JAK,46,0.8151,18.1,0.0019,JH1,JH1|1|0,False
4GL9,JAK,47,0.7574,130.71,0.0013,JH1,JH1|2|0,False
4GL9,JAK,48,0.6738,40.97,0.0013,JH1,JH1|1|0,False
4GL9,JAK,53,0.8346,66.8,0.0006,JH1,JH1|2|0,False
4GL9,JAK,55,0.8469,106.41,0.0006,JH1,JH1|2|0,False
4GL9,JAK,56,0.7932,91.69,0.0013,JH1,JH1|2|0,False
4GL9,JAK,57,0.6687,58.67,0.0013,JH1,JH1|1|0,False
4GL9,JAK,58,0.7088,57.83,0.005,JH1,JH1|1|1,False
4GL9,JAK,59,0.5571,132.47,0.0057,JH1,JH1|2|1,False
4GL9,JAK,60,0.7217,110.45,0.0453,JH1,JH1|2|2,False
4GL9,JAK,61,0.7524,53.04,0.0057,JH1,JH1|1|1,False
4GL9,JAK,62,0.548,51.93,0.0044,JH1,JH1|1|0,False
4GL9,JAK,63,0.7147,122.29,0.0069,JH1,JH1|2|1,False
4GL9,JAK,64,0.766,54.0,0.005,JH1,JH1|1|1,False
4GL9,JAK,66,0.7961,69.27,0.0019,JH1,JH1|2|0,False
4GL9,JAK,67,0.7307,104.37,0.0019,JH1,JH1|2|0,False
4GL9,JAK,70,0.7205,111.09,0.0019,JH1,JH1|2|0,False
4GL9,JAK,73,0.7758,102.61,0.0019,JH1,JH1|2|0,False
4GL9,JAK,74,0.7992,38.24,0.0025,JH1,JH1|1|0,False
4GL9,JAK,76,0.7512,143.91,0.0025,JH1,JH1|2|0,False
4GL9,JAK,77,0.8962,50.54,0.0025,JH1,JH1|1|0,False
4GL9,JAK,78,0.7175,98.52,0.0025,JH1,JH1|2|0,False
4GL9,JAK,79,0.855,19.4,0.0025,JH1,JH1|1|0,False
4GL9,JAK,82,0.7416,90.41,0.0031,JH1,JH1|2|0,False
4GL9,JAK,83,0.8693,51.55,0.0031,JH1,JH1|1|0,False
4GL9,JAK,84,0.7188,85.34,0.0025,JH1,JH1|2|0,False
4GL9,JAK,86,0.7256,47.62,0.0031,JH1,JH1|1|0,False
4GL9,JAK,87,0.9228,15.12,0.0031,JH1,JH1|1|0,False
4GL9,JAK,88,0.7924,128.26,0.0069,JH1,JH1|2|1,False
4GL9,JAK,89,0.6644,87.78,0.0038,JH1,JH1|2|0,False
4GL9,JAK,94,0.712,68.13,0.0057,JH1,JH1|2|1,False
4GL9,JAK,95,0.6353,18.11,0.0057,JH1,JH1|1|1,False
4GL9,JAK,96,0.6681,35.54,0.0063,JH1,JH1|1|1,False
4GL9,JAK,97,0.6898,2.42,0.0057,JH1,JH1|0|1,False
4GL9,JAK,98,0.688,0.0,0.0063,JH1,JH1|0|1,False
4GL9,JAK,99,0.8586,13.92,0.0057,JH1,JH1|0|1,False
4GL9,JAK,100,0.7458,16.89,0.0057,JH1,JH1|1|1,False
4GL9,JAK,101,0.7559,64.66,0.0057,JH1,JH1|1|1,False
4GL9,JAK,102,0.7575,1.21,0.0057,JH1,JH1|0|1,False
4GL9,JAK,103,0.8109,66.11,0.0057,JH1,JH1|1|1,False
4GL9,JAK,104,0.7276,85.4,0.0057,JH1,JH1|2|1,False
4GL9,JAK,105,0.7266,2.42,0.0057,JH1,JH1|0|1,False
4GL9,JAK,106,0.7271,8.87,0.0057,JH1,JH1|0|1,False
4GL9,JAK,107,0.701,0.0,0.005,JH1,JH1|0|1,False
4GL9,JAK,108,0.7536,65.14,0.0044,JH1,JH1|1|0,False
4GL9,JAK,109,0.6992,88.56,0.0038,JH1,JH1|2|0,False
4GL9,JAK,110,0.8131,17.42,0.0038,JH1,JH1|1|0,False
4GL9,JAK,112,0.4452,64.55,0.0044,JH1,JH1|1|0,False
4GL9,JAK,113,0.7356,129.63,0.0044,JH1,JH1|2|0,False
4GL9,JAK,114,0.6689,37.73,0.0038,JH1,JH1|1|0,False
4GL9,JAK,115,0.7074,47.62,0.0038,JH1,JH1|1|0,False
4GL9,JAK,116,0.5628,134.45,0.2263,JH1,JH1|2|2,False
4GL9,JAK,117,0.6343,176.64,0.2269,JH1,JH1|2|2,False
4GL9,JAK,118,0.4398,12.47,0.005,JH1,JH1|0|1,False
4GL9,JAK,119,0.7156,85.79,0.0075,JH1,JH1|2|1,False
4GL9,JAK,120,0.5593,77.83,0.0038,JH1,JH1|2|0,False
4GL9,JAK,121,0.5726,49.81,0.0038,JH1,JH1|1|0,False
4GL9,JAK,122,0.674,40.72,0.0038,JH1,JH1|1|0,False
4GL9,JAK,124,0.6098,9.66,0.005,JH1,JH1|0|1,False
4GL9,JAK,125,0.5625,39.63,0.005,JH1,JH1|1|1,False
4GL9,JAK,126,0.8124,1.21,0.0057,JH1,JH1|0|1,False
4GL9,JAK,127,0.615,2.42,0.005,JH1,JH1|0|1,False
4GL9,JAK,128,0.625,7.5,0.0057,JH1,JH1|0|1,False
4GL9,JAK,129,0.822,24.02,0.0063,JH1,JH1|1|1,False
4GL9,JAK,130,0.7596,1.21,0.0057,JH1,JH1|0|1,False
4GL9,JAK,132,0.74,70.75,0.0038,JH1,JH1|2|0,False
4GL9,JAK,133,0.7055,0.0,0.0069,JH1,JH1|0|1,False
4GL9,JAK,134,0.8581,1.21,0.0063,JH1,JH1|0|1,False
4GL9,JAK,135,0.6898,52.67,0.0075,JH1,JH1|1|1,False
4GL9,JAK,136,0.8053,46.17,0.0082,JH1,JH1|1|1,False
4GL9,JAK,137,0.7449,1.21,0.0082,JH1,JH1|0|1,False
4GL9,JAK,138,0.5338,28.95,0.0082,JH1,JH1|1|1,False
4GL9,JAK,139,0.5049,101.47,0.0082,JH1,JH1|2|1,False
4GL9,JAK,140,0.7317,71.64,0.0082,JH1,JH1|2|1,False
4GL9,JAK,141,0.7972,74.96,0.0082,JH1,JH1|2|1,False
4GL9,JAK,142,0.7928,24.92,0.0088,JH1,JH1|1|1,False
4GL9,JAK,143,0.7142,1.21,0.0075,JH1,JH1|0|1,False
4GL9,JAK,144,0.9159,1.21,0.0075,JH1,JH1|0|1,False
4GL9,JAK,145,0.8441,17.61,0.0069,JH1,JH1|1|1,True
4GL9,JAK,146,0.826,17.42,0.0082,JH1,JH1|1|1,False
4GL9,JAK,147,0.7443,1.21,0.0082,JH1,JH1|0|1,False
4GL9,JAK,148,0.7917,4.83,0.0075,JH1,JH1|0|1,False
4GL9,JAK,149,0.7337,0.0,0.0069,JH1,JH1|0|1,False
4GL9,JAK,150,0.8125,132.7,0.0069,JH1,JH1|2|1,False
4GL9,JAK,151,0.8491,9.82,0.0063,JH1,JH1|0|1,False
4GL9,JAK,152,0.7793,1.21,0.0063,JH1,JH1|0|1,False
4GL9,JAK,153,0.7629,2.42,0.0063,JH1,JH1|0|1,False
4GL9,JAK,154,0.802,1.21,0.0069,JH1,JH1|0|1,False
4GL9,JAK,155,0.7702,47.84,0.0069,JH1,JH1|1|1,False
4GL9,JAK,156,0.6751,46.3,0.0063,JH1,JH1|1|1,False
4GL9,JAK,157,0.7453,91.13,0.0063,JH1,JH1|2|1,False
4GL9,JAK,158,0.4875,76.55,0.0069,JH1,JH1|2|1,False
4GL9,JAK,159,0.7207,73.77,0.0063,JH1,JH1|2|1,False
4GL9,JAK,160,0.7897,3.49,0.0063,JH1,JH1|0|1,False
4GL9,JAK,161,0.8166,0.0,0.0069,JH1,JH1|0|1,False
4GL9,JAK,162,0.8172,2.42,0.0069,JH1,JH1|0|1,False
4GL9,JAK,163,0.7975,2.42,0.0069,JH1,JH1|0|1,False
4GL9,JAK,164,0.8191,12.42,0.0063,JH1,JH1|0|1,False
4GL9,JAK,165,0.8473,1.21,0.0063,JH1,JH1|0|1,False
4GL9,JAK,166,0.7975,17.14,0.0063,JH1,JH1|1|1,False
4GL9,JAK,167,0.7476,50.61,0.005,JH1,JH1|1|1,False
4GL9,JAK,169,0.7646,37.91,0.0038,JH1,JH1|1|0,False
4GL9,JAK,170,0.7082,75.61,0.005,JH1,JH1|2|1,False
4GL9,JAK,171,0.7019,18.76,0.005,JH1,JH1|1|1,False
4GL9,JAK,172,0.8432,37.44,0.0038,JH1,JH1|1|0,False
4GL9,JAK,173,0.7327,180.44,0.0044,JH1,JH1|2|0,False
4GL9,JAK,174,0.7392,109.36,0.0044,JH1,JH1|2|0,False
4GL9,JAK,175,0.7468,81.64,0.0044,JH1,JH1|2|0,False
4GL9,JAK,176,0.7551,98.32,0.0044,JH1,JH1|2|0,False
4GL9,JAK,179,0.6418,88.02,0.005,JH1,JH1|2|1,True
4GL9,JAK,180,0.7535,26.43,0.005,JH1,JH1|1|1,True
4GL9,JAK,181,0.5975,201.77,0.0057,JH1,JH1|2|1,True
4GL9,JAK,182,0.7252,172.59,0.0057,JH1,JH1|2|1,True
4GL9,JAK,183,0.8611,83.0,0.0044,JH1,JH1|2|0,True
4GL9,JAK,184,0.8145,62.19,0.0044,JH1,JH1|1|0,True
4GL9,JAK,185,0.8088,113.3,0.005,JH1,JH1|2|1,True
4GL9,JAK,186,0.7974,51.65,0.0038,JH1,JH1|1|0,True
4GL9,JAK,187,0.8331,40.95,0.0038,JH1,JH1|1|0,True
4GL9,JAK,188,0.8013,32.36,0.005,JH1,JH1|1|1,True
4GL9,JAK,189,0.8106,27.64,0.0057,JH1,JH1|1|1,True
4GL9,JAK,190,0.9061,32.61,0.0069,JH1,JH1|1|1,False
4GL9,JAK,191,0.8452,9.25,0.0094,JH1,JH1|0|1,True
4GL9,JAK,192,0.6915,0.0,0.0088,JH1,JH1|0|1,True
4GL9,JAK,193,0.6736,14.36,0.0082,JH1,JH1|1|1,True
4GL9,JAK,194,0.7392,33.15,0.0088,JH1,JH1|1|1,True
4GL9,JAK,195,0.776,7.5,0.0088,JH1,JH1|0|1,True
4GL9,JAK,196,0.7112,21.84,0.0088,JH1,JH1|1|1,True
4GL9,JAK,197,0.6963,88.07,0.0088,JH1,JH1|2|1,True
4GL9,JAK,198,0.6801,123.0,0.0094,JH1,JH1|2|1,True
4GL9,JAK,199,0.7338,17.71,0.0088,JH1,JH1|1|1,True
4GL9,JAK,200,0.7378,32.95,0.0088,JH1,JH1|1|1,True
4GL9,JAK,201,0.8546,6.04,0.0088,JH1,JH1|0|1,True
4GL9,JAK,202,0.7029,21.33,0.0094,JH1,JH1|1|1,False
4GL9,JAK,203,0.6446,52.91,0.0094,JH1,JH1|1|1,False
4GL9,JAK,204,0.7242,16.34,0.0094,JH1,JH1|1|1,False
4GL9,JAK,205,0.7559,1.07,0.0094,JH1,JH1|0|1,False
4GL9,JAK,206,0.7904,0.0,0.0094,JH1,JH1|0|1,False
4GL9,JAK,207,0.6814,6.04,0.0101,JH1,JH1|0|1,False
4GL9,JAK,208,0.9002,4.72,0.0088,JH1,JH1|0|1,False
4GL9,JAK,209,0.7635,0.0,0.0101,JH1,JH1|0|1,False
4GL9,JAK,210,0.8286,2.42,0.0101,JH1,JH1|0|2,False
4GL9,JAK,218,0.7857,0.0,0.0107,JH1,JH1|0|2,False
4GL9,JAK,219,0.758,1.21,0.0113,JH1,JH1|0|2,False
4GL9,JAK,220,0.7808,0.0,0.0119,JH1,JH1|0|2,False
4GL9,JAK,221,0.7034,7.25,0.0126,JH1,JH1|0|2,False
4GL9,JAK,222,0.8435,0.0,0.0126,JH1,JH1|0|2,False
4GL9,JAK,223,0.8018,6.43,0.0113,JH1,JH1|0|2,False
4GL9,JAK,224,0.7235,0.0,0.0119,JH1,JH1|0|2,False
4GL9,JAK,225,0.7976,4.56,0.0126,JH1,JH1|0|2,False
4GL9,JAK,226,0.799,0.0,0.0132,JH1,JH1|0|2,False
4GL9,JAK,227,0.7155,40.22,0.0126,JH1,JH1|1|2,False
4GL9,JAK,228,0.6024,11.26,0.0113,JH1,JH1|0|2,False
4GL9,JAK,229,0.6544,50.26,0.0113,JH1,JH1|1|2,False
4GL9,JAK,230,0.7643,161.58,0.0119,JH1,JH1|2|2,False
4GL9,JAK,231,0.4308,65.39,0.0119,JH1,JH1|1|2,False
4GL9,JAK,232,0.5895,37.75,0.0107,JH1,JH1|1|2,False
4GL9,JAK,233,0.7126,15.82,0.0113,JH1,JH1|1|2,False
4GL9,JAK,234,0.816,1.21,0.0119,JH1,JH1|0|2,False
4GL9,JAK,235,0.816,45.89,0.0113,JH1,JH1|1|2,False
4GL9,JAK,236,0.5016,62.66,0.0189,JH1,JH1|1|2,False
4GL9,JAK,237,0.6434,3.21,0.0264,JH1,JH1|0|2,False
4GL9,JAK,238,0.7782,1.21,0.027,JH1,JH1|0|2,False
4GL9,JAK,239,0.783,35.42,0.027,JH1,JH1|1|2,True
4GL9,JAK,240,0.4449,128.83,0.0277,JH1,JH1|2|2,False
4GL9,JAK,241,0.6495,68.24,0.027,JH1,JH1|2|2,False
4GL9,JAK,242,0.7053,24.93,0.0277,JH1,JH1|1|2,True
4GL9,JAK,243,0.7565,21.74,0.0289,JH1,JH1|1|2,True
4GL9,JAK,244,0.4927,116.66,0.0277,JH1,JH1|2|2,True
4GL9,JAK,245,0.6005,100.36,0.616,JH1,JH1|2|2,True
4GL9,JAK,246,0.7042,67.76,0.0289,JH1,JH1|2|2,True
4GL9,JAK,247,0.765,129.65,0.0283,JH1,JH1|2|2,True
4GL9,JAK,248,0.7263,50.15,0.027,JH1,JH1|1|2,True
4GL9,JAK,249,0.8009,158.63,0.027,JH1,JH1|2|2,True
4GL9,JAK,250,0.6852,100.86,0.0283,JH1,JH1|2|2,True
4GL9,JAK,251,0.6921,32.61,0.0258,JH1,JH1|1|2,True
4GL9,JAK,252,0.7849,38.64,0.0264,JH1,JH1|1|2,True
4GL9,JAK,253,0.6713,106.16,0.0264,JH1,JH1|2|2,True
4GL9,JAK,254,0.736,71.82,0.0258,JH1,JH1|2|2,True
4GL9,JAK,255,0.7096,1.21,0.0245,JH1,JH1|0|2,True
4GL9,JAK,256,0.6695,27.78,0.0245,JH1,JH1|1|2,True
4GL9,JAK,257,0.6109,92.32,0.0251,JH1,JH1|2|2,True
4GL9,JAK,258,0.6515,26.57,0.0264,JH1,JH1|1|2,True
4GL9,JAK,259,0.7079,1.21,0.0258,JH1,JH1|0|2,False
4GL9,JAK,260,0.6824,137.95,0.0264,JH1,JH1|2|2,True
4GL9,JAK,261,0.4505,75.07,0.0283,JH1,JH1|2|2,False
4GL9,JAK,262,0.6041,106.62,0.0295,JH1,JH1|2|2,False
4GL9,JAK,263,0.3847,12.08,0.0302,JH1,JH1|0|2,False
4GL9,JAK,264,0.7718,33.84,0.0308,JH1,JH1|1|2,False
4GL9,JAK,265,0.7092,2.42,0.0295,JH1,JH1|0|2,False
4GL9,JAK,266,0.7149,33.81,0.0289,JH1,JH1|1|2,False
4GL9,JAK,267,0.4467,103.35,0.0295,JH1,JH1|2|2,False
4GL9,JAK,268,0.7999,2.14,0.0295,JH1,JH1|0|2,False
4GL9,JAK,269,0.3566,120.06,0.0289,JH1,JH1|2|2,False
4GL9,JAK,270,0.5421,58.04,0.0289,JH1,JH1|1|2,False
4GL9,JAK,271,0.8529,7.64,0.0277,JH1,JH1|0|2,False
4GL9,JAK,272,0.739,25.36,0.0277,JH1,JH1|1|2,False
4GL9,JAK,273,0.321,104.28,0.1075,JH1,JH1|2|2,False
4GL9,JAK,274,0.6257,99.17,0.0308,JH1,JH1|2|2,False
4GL9,JAK,275,0.6422,7.25,0.027,JH1,JH1|0|2,False
4GL9,JAK,276,0.5866,55.11,0.203,JH1,JH1|1|2,False
4GL9,JAK,277,0.2119,57.97,0.0396,JH1,JH1|1|2,False
4GL9,JAK,278,0.5863,13.28,0.0383,JH1,JH1|0|2,False
4GL9,JAK,279,0.7403,0.0,0.0333,JH1,JH1|0|2,False
4GL9,JAK,280,0.3288,47.04,0.0327,JH1,JH1|1|2,False
4GL9,JAK,283,0.599,78.0,0.0339,JH1,JH1|2|2,False
4GL9,JAK,284,0.874,0.0,0.0358,JH1,JH1|0|2,False
4GL9,JAK,285,0.8244,1.07,0.0358,JH1,JH1|0|2,False
4GL9,JAK,290,0.4561,42.95,0.0358,JH1,JH1|1|2,False
4GL9,JAK,291,0.4606,46.76,0.0365,JH1,JH1|1|2,False
4GL9,JAK,292,0.5085,76.25,0.0371,JH1,JH1|2|2,False
4GL9,JAK,293,0.4604,71.53,0.0365,JH1,JH1|2|2,False
4GL9,JAK,294,0.2316,95.44,0.0377,JH1,JH1|2|2,False
4GL9,JAK,295,0.4549,124.48,0.039,JH1,JH1|2|2,False
4GL9,JAK,296,0.705,15.14,0.0396,JH1,JH1|1|2,False
4GL9,JAK,297,0.7883,30.19,0.0402,JH1,JH1|1|2,False
4GL9,JAK,298,0.4617,41.88,0.0383,JH1,JH1|1|2,False
4GL9,JAK,299,0.75,14.15,0.0383,JH1,JH1|0|2,False
4GL9,JAK,300,0.5161,156.48,0.039,JH1,JH1|2|2,False
4GL9,JAK,301,0.4464,70.75,0.039,JH1,JH1|2|2,False
4GL9,JAK,302,0.6698,9.39,0.0377,JH1,JH1|0|2,False
4GL9,JAK,303,0.4331,4.29,0.0396,JH1,JH1|0|2,False
4GL9,JAK,304,0.4098,108.41,0.0396,JH1,JH1|2|2,False
4GL9,JAK,305,0.501,94.24,0.0383,JH1,JH1|2|2,False
4GL9,JAK,306,0.6251,9.66,0.0396,JH1,JH1|0|2,False
4GL9,JAK,307,0.6708,46.38,0.0409,JH1,JH1|1|2,False
4GL9,JAK,308,0.3007,120.59,0.0409,JH1,JH1|2|2,False
4GL9,JAK,309,0.4795,24.15,0.0421,JH1,JH1|1|2,False
4GL9,JAK,310,0.6739,78.25,0.0421,JH1,JH1|2|2,False
4GL9,JAK,311,0.5768,121.3,0.1138,JH1,JH1|2|2,False
4GL9,JAK,312,0.4251,90.7,0.3118,JH1,JH1|2|2,False
6C7Y,SOCS,55,0.6427,8.57,0.0706,KIR,KIR|0|2,True
6C7Y,SOCS,66,0.2362,25.73,0.0681,KIR,KIR|0|2,True
6C7Y,SOCS,67,0.4077,11.79,0.0661,KIR,KIR|0|2,False
6C7Y,SOCS,68,0.7126,15.7,0.0651,ESS,ESS|0|2,True
6C7Y,SOCS,69,0.4406,62.08,0.0651,ESS,ESS|1|2,True
6C7Y,SOCS,70,0.3687,124.63,0.0641,ESS,ESS|2|2,True
6C7Y,SOCS,71,0.667,3.62,0.0636,ESS,ESS|0|2,True
6C7Y,SOCS,72,0.398,34.59,0.0308,ESS,ESS|1|2,True
6C7Y,SOCS,73,0.3168,69.41,0.0303,ESS,ESS|1|2,False
6C7Y,SOCS,74,0.4424,74.33,0.0298,ESS,ESS|1|2,False
6C7Y,SOCS,75,0.7627,1.07,0.0298,ESS,ESS|0|2,True
6C7Y,SOCS,76,0.4322,108.13,0.0288,ESS,ESS|2|2,True
6C7Y,SOCS,77,0.3595,88.36,0.0278,ESS,ESS|2|2,False
6C7Y,SOCS,97,0.7615,23.34,0.0298,ESS,ESS|0|2,False
6C7Y,SOCS,100,0.7274,16.52,0.0164,ESS,ESS|0|2,False
6C7Y,SOCS,101,0.8181,24.15,0.0134,SH2,SH2|0|2,False
6C7Y,SOCS,102,0.8992,43.01,0.0134,SH2,SH2|1|2,True
6C7Y,SOCS,103,0.9337,52.45,0.0129,SH2,SH2|1|2,True
6C7Y,SOCS,104,0.8151,4.83,0.0129,SH2,SH2|0|2,True
6C7Y,SOCS,105,0.7183,104.36,0.0124,SH2,SH2|2|1,True
6C7Y,SOCS,106,0.6546,9.66,0.005,SH2,SH2|0|1,True
6C7Y,SOCS,107,0.4379,56.08,0.005,SH2,SH2|1|1,True
6C7Y,SOCS,108,0.6942,54.12,0.005,SH2,SH2|1|1,True
6C7Y,SOCS,109,0.469,78.63,0.005,SH2,SH2|2|1,False
6C7Y,SOCS,110,0.4302,26.3,0.005,SH2,SH2|0|1,True
6C7Y,SOCS,111,0.7964,0.0,0.005,SH2,SH2|0|1,False
6C7Y,SOCS,112,0.8808,34.86,0.005,SH2,SH2|1|1,False
6C7Y,SOCS,113,0.271,52.56,0.004,SH2,SH2|1|1,False
6C7Y,SOCS,114,0.4846,77.06,0.004,SH2,SH2|1|1,False
6C7Y,SOCS,115,0.7627,0.0,0.004,SH2,SH2|0|1,False
6C7Y,SOCS,116,0.3863,100.13,0.0035,SH2,SH2|2|1,False
6C7Y,SOCS,117,0.2045,84.58,0.0035,SH2,SH2|2|1,False
6C7Y,SOCS,118,0.4636,62.42,0.0035,SH2,SH2|1|1,False
6C7Y,SOCS,119,0.6396,80.91,0.004,SH2,SH2|2|1,False
6C7Y,SOCS,120,0.3672,123.98,0.004,SH2,SH2|2|1,False
6C7Y,SOCS,121,0.8151,3.62,0.004,SH2,SH2|0|1,False
6C7Y,SOCS,122,0.7118,6.72,0.001,SH2,SH2|0|0,False
6C7Y,SOCS,123,0.8395,13.28,0.0015,SH2,SH2|0|0,False
6C7Y,SOCS,124,0.7641,0.0,0.0015,SH2,SH2|0|0,False
6C7Y,SOCS,125,0.658,0.0,0.0015,SH2,SH2|0|1,False
6C7Y,SOCS,126,0.8491,0.0,0.0015,SH2,SH2|0|1,True
6C7Y,SOCS,127,0.848,43.56,0.0005,SH2,SH2|1|0,True
6C7Y,SOCS,128,0.8144,16.07,0.0005,SH2,SH2|0|0,True
6C7Y,SOCS,129,0.4085,75.72,0.0005,SH2,SH2|1|0,True
6C7Y,SOCS,130,0.8426,72.87,0.0005,SH2,SH2|1|0,True
6C7Y,SOCS,131,0.3758,109.49,0.001,SH2,SH2|2|0,True
6C7Y,SOCS,132,0.7103,82.68,0.0,SH2,SH2|2|0,True
6C7Y,SOCS,133,0.6425,15.62,0.0,SH2,SH2|0|0,True
6C7Y,SOCS,134,0.8003,58.63,0.0,SH2,SH2|1|0,True
6C7Y,SOCS,135,0.8544,10.87,0.0,SH2,SH2|0|0,True
6C7Y,SOCS,136,0.6519,1.21,0.0,SH2,SH2|0|0,True
6C7Y,SOCS,137,0.624,21.6,0.0,SH2,SH2|0|0,False
6C7Y,SOCS,138,0.8015,0.0,0.0,SH2,SH2|0|0,False
6C7Y,SOCS,139,0.7061,16.79,0.0,SH2,SH2|0|0,False
6C7Y,SOCS,140,0.5559,39.26,0.0,SH2,SH2|1|0,False
6C7Y,SOCS,141,0.4488,55.75,0.0,SH2,SH2|1|0,False
6C7Y,SOCS,142,0.3075,86.88,0.0,SH2,SH2|2|0,False
6C7Y,SOCS,143,0.3433,124.96,0.0,SH2,SH2|2|0,False
6C7Y,SOCS,144,0.6626,9.66,0.0,SH2,SH2|0|0,False
6C7Y,SOCS,145,0.7813,33.39,0.0,SH2,SH2|1|0,False
6C7Y,SOCS,146,0.578,52.98,0.0,SH2,SH2|1|0,False
6C7Y,SOCS,147,0.7698,42.81,0.0,SH2,SH2|1|0,False
6C7Y,SOCS,148,0.6561,66.42,0.0005,SH2,SH2|1|0,False
6C7Y,SOCS,149,0.8284,85.0,0.0005,SH2,SH2|2|0,False
6C7Y,SOCS,150,0.6534,3.21,0.0005,SH2,SH2|0|0,False
6C7Y,SOCS,151,0.2999,54.62,0.0005,SH2,SH2|1|0,False
6C7Y,SOCS,152,0.6374,38.11,0.001,SH2,SH2|1|0,True
6C7Y,SOCS,153,0.4456,134.64,0.001,SH2,SH2|2|0,True
6C7Y,SOCS,154,0.3085,107.59,0.001,SH2,SH2|2|0,False
6C7Y,SOCS,155,0.4276,12.74,0.002,SH2,SH2|0|1,False
6C7Y,SOCS,156,0.4202,100.09,0.0015,SH2,SH2|2|1,False
6C7Y,SOCS,157,0.8758,2.42,0.0015,SH2,SH2|0|1,True
6C7Y,SOCS,158,0.5504,17.3,0.0015,SH2,SH2|0|1,False
6C7Y,SOCS,159,0.7402,25.36,0.0015,SH2,SH2|0|1,False
6C7Y,SOCS,160,0.3369,82.77,0.001,SH2,SH2|2|0,False
6C7Y,SOCS,161,0.7568,83.48,0.001,SH2,SH2|2|0,False
6C7Y,SOCS,162,0.67,33.12,0.2864,SH2,SH2|1|2,False
6C7Y,SOCS,164,0.4938,28.98,0.2815,SH2,SH2|1|2,False
6C7Y,SOCS,165,0.5005,78.08,0.2815,SH2,SH2|1|2,False
6C7Y,SOCS,166,0.8227,33.81,0.002,SH2,SH2|1|1,False
6C7Y,SOCS,167,0.4612,99.15,0.002,SH2,SH2|2|1,False
6C7Y,SOCS,168,0.6875,36.29,0.002,SH2,SH2|1|1,False
6C7Y,SOCS,169,0.6133,0.0,0.002,SH2,SH2|0|1,False
6C7Y,SOCS,170,0.776,55.94,0.002,SH2,SH2|1|1,False
6C7Y,SOCS,171,0.385,36.76,0.002,SH2,SH2|1|1,False
6C7Y,SOCS,172,0.7449,0.0,0.002,SH2,SH2|0|1,False
6C7Y,SOCS,173,0.6833,21.46,0.0025,SH2,SH2|0|1,False
6C7Y,SOCS,174,0.4531,60.8,0.002,SH2,SH2|1|1,False
6C7Y,SOCS,175,0.7312,83.6,0.002,SH2,SH2|2|1,False
6C7Y,SOCS,176,0.8051,46.69,0.002,SH2,SH2|1|1,False
6C7Y,SOCS,177,0.414,90.11,0.0025,SH2,SH2|2|1,False
6C7Y,SOCS,178,0.2689,94.61,0.0075,SH2,SH2|2|1,False
6C7Y,SOCS,179,0.5505,28.27,0.2675,SH2,SH2|0|2,False
6C7Y,SOCS,181,0.435,70.56,0.2616,SH2,SH2|1|2,False
6C7Y,SOCS,182,0.5914,72.01,0.0522,SH2,SH2|1|2,False
6C7Y,JAK,15,0.7333,48.0,0.0038,JH1,JH1|1|0,False
6C7Y,JAK,16,0.6628,53.49,0.0025,JH1,JH1|1|0,False
6C7Y,JAK,17,0.6116,61.14,0.0025,JH1,JH1|1|0,False
6C7Y,JAK,18,0.674,98.56,0.0038,JH1,JH1|2|0,False
6C7Y,JAK,19,0.7432,144.11,0.0031,JH1,JH1|2|0,False
6C7Y,JAK,20,0.6118,117.69,0.0031,JH1,JH1|2|0,False
6C7Y,JAK,21,0.7221,34.44,0.0025,JH1,JH1|1|0,False
6C7Y,JAK,22,0.7783,15.56,0.0025,JH1,JH1|1|0,False
6C7Y,JAK,23,0.7608,151.31,0.0025,JH1,JH1|2|0,False
6C7Y,JAK,28,0.7824,17.96,0.0019,JH1,JH1|1|0,True
6C7Y,JAK,29,0.8477,126.51,0.0013,JH1,JH1|2|0,True
6C7Y,JAK,30,0.8386,59.55,0.0019,JH1,JH1|1|0,True
6C7Y,JAK,32,0.7419,41.06,0.0019,JH1,JH1|1|0,False
6C7Y,JAK,34,0.782,42.6,0.0019,JH1,JH1|1|0,False
6C7Y,JAK,37,0.6564,28.44,0.0019,JH1,JH1|1|0,False
6C7Y,JAK,38,0.8748,65.73,0.0019,JH1,JH1|2|0,False
6C7Y,JAK,42,0.7266,116.97,0.0019,JH1,JH1|2|0,False
6C7Y,JAK,43,0.825,121.19,0.0019,JH1,JH1|2|0,False
6C7Y,JAK,44,0.5804,134.41,0.0019,JH1,JH1|2|0,False
6C7Y,JAK,45,0.7569,76.42,0.0019,JH1,JH1|2|0,False
6C7Y,JAK,46,0.793,28.67,0.0019,JH1,JH1|1|0,False
6C7Y,JAK,47,0.7393,69.04,0.0013,JH1,JH1|2|0,False
6C7Y,JAK,48,0.6087,117.0,0.0013,JH1,JH1|2|0,False
6C7Y,JAK,49,0.8071,19.32,0.0013,JH1,JH1|1|0,False
6C7Y,JAK,53,0.7693,38.2,0.0006,JH1,JH1|1|0,False
6C7Y,JAK,54,0.7462,57.08,0.0006,JH1,JH1|1|0,False
6C7Y,JAK,55,0.8063,47.01,0.0006,JH1,JH1|1|0,False
6C7Y,JAK,56,0.7668,169.8,0.0013,JH1,JH1|2|0,False
6C7Y,JAK,61,0.6913,148.76,0.0057,JH1,JH1|2|1,False
6C7Y,JAK,62,0.4883,95.02,0.0044,JH1,JH1|2|0,False
6C7Y,JAK,63,0.5144,44.41,0.0069,JH1,JH1|1|1,False
6C7Y,JAK,64,0.6678,45.16,0.005,JH1,JH1|1|1,False
6C7Y,JAK,66,0.5231,54.33,0.0019,JH1,JH1|1|0,False
6C7Y,JAK,67,0.5667,128.64,0.0019,JH1,JH1|2|0,False
6C7Y,JAK,68,0.826,15.32,0.0013,JH1,JH1|1|0,False
6C7Y,JAK,69,0.7985,18.11,0.0013,JH1,JH1|1|0,False
6C7Y,JAK,70,0.514,86.15,0.0019,JH1,JH1|2|0,False
6C7Y,JAK,71,0.753,20.53,0.0019,JH1,JH1|1|0,False
6C7Y,JAK,73,0.7405,64.21,0.0019,JH1,JH1|2|0,False
6C7Y,JAK,74,0.5099,62.74,0.0025,JH1,JH1|2|0,False
6C7Y,JAK,76,0.8485,175.8,0.0025,JH1,JH1|2|0,False
6C7Y,JAK,77,0.9213,43.72,0.0025,JH1,JH1|1|0,False
6C7Y,JAK,78,0.6029,119.89,0.0025,JH1,JH1|2|0,False
6C7Y,JAK,82,0.8016,61.33,0.0031,JH1,JH1|1|0,False
6C7Y,JAK,83,0.8983,70.97,0.0031,JH1,JH1|2|0,False
6C7Y,JAK,84,0.7876,90.33,0.0025,JH1,JH1|2|0,False
6C7Y,JAK,86,0.7826,20.39,0.0031,JH1,JH1|1|0,False
6C7Y,JAK,88,0.4396,98.0,0.0069,JH1,JH1|2|1,False
6C7Y,JAK,89,0.7703,191.28,0.0038,JH1,JH1|2|0,False
6C7Y,JAK,94,0.4811,45.91,0.0057,JH1,JH1|1|1,False
6C7Y,JAK,95,0.6426,60.95,0.0057,JH1,JH1|1|1,False
6C7Y,JAK,96,0.7735,81.29,0.0063,JH1,JH1|2|1,False
6C7Y,JAK,97,0.7288,1.21,0.0057,JH1,JH1|0|1,False
6C7Y,JAK,98,0.7888,8.45,0.0063,JH1,JH1|0|1,False
6C7Y,JAK,99,0.8895,16.41,0.0057,JH1,JH1|1|1,False
6C7Y,JAK,100,0.7884,30.15,0.0057,JH1,JH1|1|1,False
6C7Y,JAK,101,0.7848,31.43,0.0057,JH1,JH1|1|1,False
6C7Y,JAK,102,0.6885,4.83,0.0057,JH1,JH1|0|1,False
6C7Y,JAK,103,0.818,90.65,0.0057,JH1,JH1|2|1,False
6C7Y,JAK,104,0.4772,40.6,0.0057,JH1,JH1|1|1,False
6C7Y,JAK,105,0.7896,6.04,0.0057,JH1,JH1|0|1,False
6C7Y,JAK,106,0.7953,0.0,0.0057,JH1,JH1|0|1,False
6C7Y,JAK,107,0.7529,0.0,0.005,JH1,JH1|0|1,False
6C7Y,JAK,108,0.7697,79.18,0.0044,JH1,JH1|2|0,False
6C7Y,JAK,109,0.7038,67.69,0.0038,JH1,JH1|2|0,False
6C7Y,JAK,110,0.8461,19.19,0.0038,JH1,JH1|1|0,False
6C7Y,JAK,112,0.8297,67.57,0.0044,JH1,JH1|2|0,False
6C7Y,JAK,113,0.6678,158.74,0.0044,JH1,JH1|2|0,False
6C7Y,JAK,114,0.6909,34.83,0.0038,JH1,JH1|1|0,False
6C7Y,JAK,115,0.6964,122.81,0.0038,JH1,JH1|2|0,False
6C7Y,JAK,116,0.4336,162.2,0.2263,JH1,JH1|2|2,False
6C7Y,JAK,117,0.5752,100.31,0.2269,JH1,JH1|2|2,False
6C7Y,JAK,118,0.6598,2.28,0.005,JH1,JH1|0|1,False
6C7Y,JAK,119,0.5536,83.03,0.0075,JH1,JH1|2|1,False
6C7Y,JAK,120,0.5879,63.32,0.0038,JH1,JH1|2|0,False
6C7Y,JAK,121,0.4081,63.78,0.0038,JH1,JH1|2|0,False
6C7Y,JAK,122,0.5227,23.02,0.0038,JH1,JH1|1|0,False
6C7Y,JAK,124,0.7034,8.45,0.005,JH1,JH1|0|1,False
6C7Y,JAK,125,0.4373,29.92,0.005,JH1,JH1|1|1,False
6C7Y,JAK,126,0.8443,0.0,0.0057,JH1,JH1|0|1,False
6C7Y,JAK,127,0.6201,1.21,0.005,JH1,JH1|0|1,False
6C7Y,JAK,128,0.4836,15.7,0.0057,JH1,JH1|1|1,False
6C7Y,JAK,129,0.8483,26.41,0.0063,JH1,JH1|1|1,False
6C7Y,JAK,130,0.7925,4.83,0.0057,JH1,JH1|0|1,False
6C7Y,JAK,132,0.5716,76.24,0.0038,JH1,JH1|2|0,False
6C7Y,JAK,133,0.7843,1.07,0.0069,JH1,JH1|0|1,False
6C7Y,JAK,134,0.8835,4.56,0.0063,JH1,JH1|0|1,False
6C7Y,JAK,135,0.6555,53.71,0.0075,JH1,JH1|1|1,False
6C7Y,JAK,136,0.8823,41.45,0.0082,JH1,JH1|1|1,False
6C7Y,JAK,137,0.7498,1.21,0.0082,JH1,JH1|0|1,False
6C7Y,JAK,138,0.7999,15.02,0.0082,JH1,JH1|1|1,False
6C7Y,JAK,139,0.71,78.04,0.0082,JH1,JH1|2|1,False
6C7Y,JAK,140,0.6204,97.36,0.0082,JH1,JH1|2|1,False
6C7Y,JAK,141,0.6761,61.29,0.0082,JH1,JH1|1|1,False
6C7Y,JAK,142,0.846,31.48,0.0088,JH1,JH1|1|1,False
6C7Y,JAK,143,0.6834,0.0,0.0075,JH1,JH1|0|1,False
6C7Y,JAK,144,0.894,0.0,0.0075,JH1,JH1|0|1,False
6C7Y,JAK,145,0.8435,8.86,0.0069,JH1,JH1|0|1,True
6C7Y,JAK,146,0.8316,3.35,0.0082,JH1,JH1|0|1,True
6C7Y,JAK,147,0.7494,1.09,0.0082,JH1,JH1|0|1,False
6C7Y,JAK,148,0.781,1.21,0.0075,JH1,JH1|0|1,False
6C7Y,JAK,149,0.7697,0.0,0.0069,JH1,JH1|0|1,False
6C7Y,JAK,150,0.8327,53.59,0.0069,JH1,JH1|1|1,True
6C7Y,JAK,151,0.8544,2.28,0.0063,JH1,JH1|0|1,True
6C7Y,JAK,152,0.7612,0.0,0.0063,JH1,JH1|0|1,False
6C7Y,JAK,153,0.7494,6.04,0.0063,JH1,JH1|0|1,False
6C7Y,JAK,154,0.734,0.0,0.0069,JH1,JH1|0|1,False
6C7Y,JAK,155,0.7799,71.01,0.0069,JH1,JH1|2|1,False
6C7Y,JAK,156,0.6788,48.81,0.0063,JH1,JH1|1|1,False
6C7Y,JAK,157,0.7373,64.03,0.0063,JH1,JH1|2|1,False
6C7Y,JAK,158,0.5002,116.64,0.0069,JH1,JH1|2|1,False
6C7Y,JAK,159,0.4684,32.57,0.0063,JH1,JH1|1|1,False
6C7Y,JAK,160,0.787,0.0,0.0063,JH1,JH1|0|1,False
6C7Y,JAK,161,0.8185,12.37,0.0069,JH1,JH1|0|1,False
6C7Y,JAK,162,0.8191,3.62,0.0069,JH1,JH1|0|1,False
6C7Y,JAK,163,0.7994,4.83,0.0069,JH1,JH1|0|1,False
6C7Y,JAK,164,0.8316,13.1,0.0063,JH1,JH1|0|1,True
6C7Y,JAK,165,0.8589,7.11,0.0063,JH1,JH1|0|1,False
6C7Y,JAK,166,0.7994,11.92,0.0063,JH1,JH1|0|1,False
6C7Y,JAK,167,0.7494,1.21,0.005,JH1,JH1|0|1,True
6C7Y,JAK,169,0.8031,26.29,0.0038,JH1,JH1|1|0,False
6C7Y,JAK,170,0.5818,49.06,0.005,JH1,JH1|1|1,False
6C7Y,JAK,171,0.761,13.54,0.005,JH1,JH1|1|1,False
6C7Y,JAK,172,0.6595,108.27,0.0038,JH1,JH1|2|0,False
6C7Y,JAK,173,0.5958,121.05,0.0044,JH1,JH1|2|0,False
6C7Y,JAK,174,0.7193,111.5,0.0044,JH1,JH1|2|0,False
6C7Y,JAK,175,0.6344,120.9,0.0044,JH1,JH1|2|0,False
6C7Y,JAK,176,0.5823,104.21,0.0044,JH1,JH1|2|0,False
6C7Y,JAK,178,0.8933,75.74,0.0057,JH1,JH1|2|1,False
6C7Y,JAK,179,0.6756,28.94,0.005,JH1,JH1|1|1,True
6C7Y,JAK,180,0.8143,19.3,0.005,JH1,JH1|1|1,True
6C7Y,JAK,181,0.6552,160.72,0.0057,JH1,JH1|2|1,True
6C7Y,JAK,182,0.7669,45.7,0.0057,JH1,JH1|1|1,True
6C7Y,JAK,183,0.7362,151.97,0.0044,JH1,JH1|2|0,True
6C7Y,JAK,184,0.4727,70.49,0.0044,JH1,JH1|2|0,True
6C7Y,JAK,185,0.7556,92.66,0.005,JH1,JH1|2|1,True
6C7Y,JAK,186,0.7985,44.97,0.0038,JH1,JH1|1|0,True
6C7Y,JAK,187,0.8562,20.53,0.0038,JH1,JH1|1|0,True
6C7Y,JAK,188,0.796,30.19,0.005,JH1,JH1|1|1,True
6C7Y,JAK,189,0.8237,20.53,0.0057,JH1,JH1|1|1,True
6C7Y,JAK,190,0.9456,22.94,0.0069,JH1,JH1|1|1,True
6C7Y,JAK,191,0.8293,4.83,0.0094,JH1,JH1|0|1,True
6C7Y,JAK,192,0.7412,0.0,0.0088,JH1,JH1|0|1,True
6C7Y,JAK,193,0.7639,2.42,0.0082,JH1,JH1|0|1,True
6C7Y,JAK,194,0.7365,2.42,0.0088,JH1,JH1|0|1,True
6C7Y,JAK,195,0.8552,8.57,0.0088,JH1,JH1|0|1,True
6C7Y,JAK,196,0.6922,30.68,0.0088,JH1,JH1|1|1,True
6C7Y,JAK,197,0.4819,66.02,0.0088,JH1,JH1|2|1,True
6C7Y,JAK,198,0.5872,54.49,0.0094,JH1,JH1|1|1,True
6C7Y,JAK,199,0.6398,40.85,0.0088,JH1,JH1|1|1,True
6C7Y,JAK,200,0.7758,21.87,0.0088,JH1,JH1|1|1,True
6C7Y,JAK,201,0.7997,4.83,0.0088,JH1,JH1|0|1,True
6C7Y,JAK,202,0.8174,44.63,0.0094,JH1,JH1|1|1,False
6C7Y,JAK,203,0.4776,64.0,0.0094,JH1,JH1|2|1,False
6C7Y,JAK,204,0.7238,15.47,0.0094,JH1,JH1|1|1,False
6C7Y,JAK,205,0.7563,0.0,0.0094,JH1,JH1|0|1,False
6C7Y,JAK,206,0.786,5.49,0.0094,JH1,JH1|0|2,False
6C7Y,JAK,207,0.7761,1.21,0.0101,JH1,JH1|0|2,False
6C7Y,JAK,208,0.9438,0.0,0.0088,JH1,JH1|0|1,False
6C7Y,JAK,209,0.751,0.0,0.0101,JH1,JH1|0|2,False
6C7Y,JAK,210,0.8145,3.62,0.0101,JH1,JH1|0|2,False
6C7Y,JAK,218,0.7511,0.0,0.0107,JH1,JH1|0|2,False
6C7Y,JAK,219,0.7662,0.0,0.0113,JH1,JH1|0|2,False
6C7Y,JAK,220,0.7885,3.49,0.0119,JH1,JH1|0|2,False
6C7Y,JAK,221,0.6791,4.72,0.0126,JH1,JH1|0|2,False
6C7Y,JAK,222,0.815,2.42,0.0126,JH1,JH1|0|2,False
6C7Y,JAK,223,0.7616,8.98,0.0113,JH1,JH1|0|2,False
6C7Y,JAK,224,0.6257,3.62,0.0119,JH1,JH1|0|2,False
6C7Y,JAK,225,0.5655,10.05,0.0126,JH1,JH1|0|2,False
6C7Y,JAK,226,0.7438,18.1,0.0132,JH1,JH1|1|2,False
6C7Y,JAK,227,0.7942,43.3,0.0126,JH1,JH1|1|2,False
6C7Y,JAK,228,0.9012,12.06,0.0113,JH1,JH1|0|2,False
6C7Y,JAK,229,0.6786,59.63,0.0113,JH1,JH1|1|2,False
6C7Y,JAK,230,0.5153,80.48,0.0119,JH1,JH1|2|2,False
6C7Y,JAK,231,0.3688,120.99,0.0119,JH1,JH1|2|2,False
6C7Y,JAK,232,0.4122,40.99,0.0107,JH1,JH1|1|2,False
6C7Y,JAK,233,0.6492,21.72,0.0113,JH1,JH1|1|2,False
6C7Y,JAK,234,0.8005,0.0,0.0119,JH1,JH1|0|2,False
6C7Y,JAK,235,0.7122,88.35,0.0113,JH1,JH1|2|2,True
6C7Y,JAK,236,0.3931,35.41,0.0189,JH1,JH1|1|2,False
6C7Y,JAK,237,0.4365,13.28,0.0264,JH1,JH1|1|2,False
6C7Y,JAK,238,0.7517,0.0,0.027,JH1,JH1|0|2,False
6C7Y,JAK,239,0.5607,48.83,0.027,JH1,JH1|1|2,True
6C7Y,JAK,240,0.3822,146.65,0.0277,JH1,JH1|2|2,False
6C7Y,JAK,241,0.6766,43.46,0.027,JH1,JH1|1|2,False
6C7Y,JAK,242,0.6212,30.27,0.0277,JH1,JH1|1|2,True
6C7Y,JAK,243,0.662,23.47,0.0289,JH1,JH1|1|2,True
6C7Y,JAK,244,0.5496,130.8,0.0277,JH1,JH1|2|2,True
6C7Y,JAK,246,0.5961,12.44,0.0289,JH1,JH1|0|2,True
6C7Y,JAK,247,0.7277,125.36,0.0283,JH1,JH1|2|2,True
6C7Y,JAK,248,0.7402,55.62,0.027,JH1,JH1|1|2,True
6C7Y,JAK,249,0.7415,158.65,0.027,JH1,JH1|2|2,True
6C7Y,JAK,250,0.7915,98.71,0.0283,JH1,JH1|2|2,True
6C7Y,JAK,251,0.6842,19.99,0.0258,JH1,JH1|1|2,True
6C7Y,JAK,252,0.5575,39.85,0.0264,JH1,JH1|1|2,True
6C7Y,JAK,253,0.4502,67.85,0.0264,JH1,JH1|2|2,True
6C7Y,JAK,254,0.6718,96.19,0.0258,JH1,JH1|2|2,True
6C7Y,JAK,255,0.6668,0.0,0.0245,JH1,JH1|0|2,True
6C7Y,JAK,256,0.641,13.28,0.0245,JH1,JH1|1|2,True
6C7Y,JAK,257,0.387,58.42,0.0251,JH1,JH1|1|2,True
6C7Y,JAK,258,0.4188,10.71,0.0264,JH1,JH1|0|2,False
6C7Y,JAK,259,0.7128,0.0,0.0258,JH1,JH1|0|2,False
6C7Y,JAK,260,0.3906,55.99,0.0264,JH1,JH1|1|2,True
6C7Y,JAK,261,0.4805,86.42,0.0283,JH1,JH1|2|2,False
6C7Y,JAK,262,0.5615,6.97,0.0295,JH1,JH1|0|2,False
6C7Y,JAK,263,0.5463,71.57,0.0302,JH1,JH1|2|2,False
6C7Y,JAK,264,0.719,10.23,0.0308,JH1,JH1|0|2,False
6C7Y,JAK,265,0.6287,0.0,0.0295,JH1,JH1|0|2,False
6C7Y,JAK,266,0.7188,60.38,0.0289,JH1,JH1|1|2,False
6C7Y,JAK,267,0.6083,60.55,0.0295,JH1,JH1|1|2,False
6C7Y,JAK,268,0.6945,6.7,0.0295,JH1,JH1|0|2,False
6C7Y,JAK,269,0.3764,101.83,0.0289,JH1,JH1|2|2,False
6C7Y,JAK,270,0.3134,156.18,0.0289,JH1,JH1|2|2,False
6C7Y,JAK,271,0.8376,18.65,0.0277,JH1,JH1|1|2,False
6C7Y,JAK,272,0.6963,44.68,0.0277,JH1,JH1|1|2,False
6C7Y,JAK,273,0.5044,93.15,0.1075,JH1,JH1|2|2,False
6C7Y,JAK,274,0.3118,93.27,0.0308,JH1,JH1|2|2,False
6C7Y,JAK,275,0.6546,2.42,0.027,JH1,JH1|0|2,False
6C7Y,JAK,276,0.5554,29.51,0.203,JH1,JH1|1|2,False
6C7Y,JAK,277,0.333,84.41,0.0396,JH1,JH1|2|2,False
6C7Y,JAK,278,0.5292,15.56,0.0383,JH1,JH1|1|2,False
6C7Y,JAK,279,0.7299,0.0,0.0333,JH1,JH1|0|2,False
6C7Y,JAK,280,0.5371,82.94,0.0327,JH1,JH1|2|2,False
6C7Y,JAK,283,0.525,93.44,0.0339,JH1,JH1|2|2,False
6C7Y,JAK,284,0.8657,1.29,0.0358,JH1,JH1|0|2,False
6C7Y,JAK,285,0.8179,6.84,0.0358,JH1,JH1|0|2,False
6C7Y,JAK,290,0.4337,82.38,0.0358,JH1,JH1|2|2,False
6C7Y,JAK,291,0.4162,20.19,0.0365,JH1,JH1|1|2,True
6C7Y,JAK,292,0.2764,70.6,0.0371,JH1,JH1|2|2,False
6C7Y,JAK,293,0.7126,19.44,0.0365,JH1,JH1|1|2,False
6C7Y,JAK,294,0.4404,93.58,0.0377,JH1,JH1|2|2,False
6C7Y,JAK,295,0.3488,92.24,0.039,JH1,JH1|2|2,False
6C7Y,JAK,296,0.7195,21.43,0.0396,JH1,JH1|1|2,False
6C7Y,JAK,297,0.5223,28.56,0.0402,JH1,JH1|1|2,False
6C7Y,JAK,298,0.4817,43.11,0.0383,JH1,JH1|1|2,False
6C7Y,JAK,299,0.7667,9.2,0.0383,JH1,JH1|0|2,False
6C7Y,JAK,300,0.4321,112.4,0.039,JH1,JH1|2|2,False
6C7Y,JAK,301,0.3102,73.84,0.039,JH1,JH1|2|2,False
6C7Y,JAK,302,0.6564,0.0,0.0377,JH1,JH1|0|2,False
6C7Y,JAK,303,0.6137,16.91,0.0396,JH1,JH1|1|2,False
6C7Y,JAK,304,0.3294,117.39,0.0396,JH1,JH1|2|2,False
6C7Y,JAK,305,0.3772,13.01,0.0383,JH1,JH1|0|2,False
6C7Y,JAK,306,0.6481,0.0,0.0396,JH1,JH1|0|2,False
6C7Y,JAK,307,0.4873,90.58,0.0409,JH1,JH1|2|2,False
6C7Y,JAK,308,0.1953,76.96,0.0409,JH1,JH1|2|2,False
6C7Y,JAK,309,0.4929,71.33,0.0421,JH1,JH1|2|2,False
