construct,mutation,SOCS1_residue,column,at_6C7Y_interface_column,at_4GL9_interface_column,at_any_interface_column,jsd_SOCS1,SOCS1_consensus,SOCS1_consensus_freq,freq_of_introduced_residue,reverts_to_consensus,jsd_SOCS3,SOCS3_consensus,SOCS3_consensus_freq,jsd_SOCS2,SOCS2_consensus,SOCS2_consensus_freq,specificity_mi_bits,specificity_percentile,gapfrac_contrast
H3F,H54F,54,44,True,False,True,0.852,H,0.9688,0.0,False,0.6959,R,0.9091,0.0623,-,0.9866,0.8785,99,0.9064
E91L,E142L,142,164,False,False,False,0.4938,E,0.7955,0.0014,False,0.4624,R,0.5327,0.1053,-,0.9431,0.8685,99,0.8184
R90K,R141K,141,163,False,False,False,0.4025,K,0.6236,0.6236,True,0.6071,P,0.9602,0.098,-,0.9448,0.7361,95,0.8228
V35T,V86T,86,108,True,True,True,0.6942,V,0.9304,0.0014,False,0.8118,G,0.9886,0.4432,V,0.5485,0.5658,88,0.0009
Q57E,Q108E,108,130,True,True,True,0.8426,Q,0.9957,0.0,False,0.848,D,1.0,0.5677,H,0.5686,0.4386,81,0.0005
F156Y,F207Y,207,230,False,False,False,0.811,F,0.9119,0.0881,False,0.7747,Y,0.9943,0.884,Y,0.9983,0.3203,68,0.0
S154A,S205A,205,228,False,False,False,0.258,K,0.5469,0.0057,False,0.4478,D,0.723,0.1819,K,0.2926,0.3137,68,0.0
A69G,A120G,120,142,False,False,False,0.3075,A,0.7443,0.0014,False,0.3371,E,0.544,0.2856,S,0.806,0.3086,66,0.0
F62Y,F113Y,113,135,True,True,True,0.8544,F,0.9943,0.0057,False,0.838,F,0.9844,0.6741,L,0.5836,0.295,64,0.0
R142K,R193K,193,216,False,False,False,0.3506,Q,0.4858,0.0114,False,0.4462,K,0.8963,0.1887,E,0.3829,0.2494,59,0.0137
R150K,R201K,201,224,False,False,False,0.5915,K,0.6932,0.6932,True,0.6215,K,0.6662,0.4863,K,0.8946,0.1109,39,0.0
V77I,V128I,128,150,False,True,True,0.6534,I,0.723,0.723,True,0.7563,I,0.9759,0.6618,I,0.9064,0.0485,27,0.0024
