construct,mutation,SOCS1_residue,SOCS3_res,column,domain,in_6C7Y_interface,SOCS1_aa,jsd_SOCS1,jsd_SOCS3,jsd_SOCS2,spec_MI,spec_percentile,gap_SOCS2,SOCS1_consensus,SOCS1_freq,freq_of_introduced_aa,reverts_to_SOCS1_consensus,SOCS3_consensus,SOCS2_consensus
H3F,H54F,54,21.0,44,KIR,True,H,0.852,0.696,0.062,0.879,99,0.906,H,0.969,0.0,False,R,-
E91L,E142L,142,109.0,164,SH2,False,E,0.494,0.462,0.105,0.868,99,0.818,E,0.795,0.001,False,R,-
R90K,R141K,141,108.0,163,SH2,False,R,0.403,0.607,0.098,0.736,95,0.823,K,0.624,0.624,True,P,-
V35T,V86T,86,53.0,108,SH2,True,V,0.694,0.812,0.443,0.566,88,0.001,V,0.93,0.001,False,G,V
Q57E,Q108E,108,75.0,130,SH2,True,Q,0.843,0.848,0.568,0.439,81,0.001,Q,0.996,0.0,False,D,H
F156Y,F207Y,207,221.0,230,SOCS_box,False,F,0.811,0.775,0.884,0.32,68,0.0,F,0.912,0.088,False,Y,Y
S154A,S205A,205,219.0,228,SOCS_box,False,S,0.258,0.448,0.182,0.314,68,0.0,K,0.547,0.006,False,D,K
A69G,A120G,120,87.0,142,SH2,False,A,0.307,0.337,0.286,0.309,66,0.0,A,0.744,0.001,False,E,S
F62Y,F113Y,113,80.0,135,SH2,True,F,0.854,0.838,0.674,0.295,64,0.0,F,0.994,0.006,False,F,L
R142K,R193K,193,206.0,216,SOCS_box,False,R,0.351,0.446,0.189,0.249,59,0.014,Q,0.486,0.011,False,K,E
R150K,R201K,201,215.0,224,SOCS_box,False,R,0.592,0.622,0.486,0.111,39,0.0,K,0.693,0.693,True,K,K
V77I,V128I,128,95.0,150,SH2,False,V,0.653,0.756,0.662,0.049,27,0.002,I,0.723,0.723,True,I,I
