variant,SOCS1_pos,human_SOCS1,substitution,SOCS1_consensus,SOCS1_freq,SOCS1_freq_of_F,SOCS3_consensus,SOCS3_freq,SOCS3_freq_of_F,SOCS2_consensus,SOCS2_freq,SOCS2_freq_of_F,SOCS1_freq_of_T,SOCS3_freq_of_T,SOCS2_freq_of_T,SOCS1_freq_of_E,SOCS3_freq_of_E,SOCS2_freq_of_E,SOCS1_freq_of_Y,SOCS3_freq_of_Y,SOCS2_freq_of_Y,SOCS1_freq_of_G,SOCS3_freq_of_G,SOCS2_freq_of_G,SOCS1_freq_of_I,SOCS3_freq_of_I,SOCS2_freq_of_I,SOCS1_freq_of_K,SOCS3_freq_of_K,SOCS2_freq_of_K,SOCS1_freq_of_L,SOCS3_freq_of_L,SOCS2_freq_of_L,SOCS1_freq_of_A,SOCS3_freq_of_A,SOCS2_freq_of_A,reverts_to_SOCS1_consensus
H54F,54,H,H->F,H,0.969,0.0,R,0.909,0.0,-,0.987,0.0,,,,,,,,,,,,,,,,,,,,,,,,,False
V86T,86,V,V->T,V,0.93,,G,0.989,,V,0.548,,0.001,0.0,0.0,,,,,,,,,,,,,,,,,,,,,,False
Q108E,108,Q,Q->E,Q,0.996,,D,1.0,,H,0.569,,,,,0.0,0.0,0.0,,,,,,,,,,,,,,,,,,,False
F113Y,113,F,F->Y,F,0.994,,F,0.984,,L,0.584,,,,,,,,0.006,0.016,0.043,,,,,,,,,,,,,,,,False
A120G,120,A,A->G,A,0.744,,E,0.544,,S,0.806,,,,,,,,,,,0.001,0.007,0.0,,,,,,,,,,,,,False
V128I,128,V,V->I,I,0.723,,I,0.976,,I,0.906,,,,,,,,,,,,,,0.723,0.976,0.906,,,,,,,,,,True
R141K,141,R,R->K,K,0.624,,P,0.96,,-,0.945,,,,,,,,,,,,,,,,,0.624,0.0,0.002,,,,,,,True
E142L,142,E,E->L,E,0.795,,R,0.533,,-,0.943,,,,,,,,,,,,,,,,,,,,0.001,0.0,0.0,,,,False
R193K,193,R,R->K,Q,0.486,,K,0.896,,E,0.383,,,,,,,,,,,,,,,,,0.011,0.896,0.065,,,,,,,False
R201K,201,R,R->K,K,0.693,,K,0.666,,K,0.895,,,,,,,,,,,,,,,,,0.693,0.666,0.895,,,,,,,True
S205A,205,S,S->A,K,0.547,,D,0.723,,K,0.293,,,,,,,,,,,,,,,,,,,,,,,0.006,0.001,0.043,False
F207Y,207,F,F->Y,F,0.912,,Y,0.994,,Y,0.998,,,,,,,,0.088,0.994,0.998,,,,,,,,,,,,,,,,False
