path,bytes,sha256
.gitignore,140,b3c895345c0dc4f4cff12b71352c59dd942e5710bb56295783536ca19d68d765
MANIFEST.csv,11607,9f32c8b3991961c3993f49d5ca3f421f80ec08fb3bf849000cce396037a5998b
README.md,8618,d0fdc40f100a2d420926461f0bf91280b0b82d663a48859febe40f1888274fa4
data/alignments/jak_family.fasta,536609,f47cda89d5191567091d57f68c5fd9bef4a45034cbfc057d55f1aa2049f5e1dd
data/alignments/socs_family.fasta,507470,1a10ac21991b55086c6f3102d5d2ebd6636dde861a4d27d2265f14c4ae65b465
data/reference/alignment_column_provenance.csv,37253,bab53bf9a3bcd0e2f26c708f8267a45cf84f213accc1696866e78113dc0b34f8
data/reference/coordinate_maps.json,47697,b6a661440e1a990af690d41bfa6b0280c6ed13fc0c986cf5764466e8121f6de9
data/reference/human_reference_signatures.json,2314,a03c2da6ea53463b80e70a04b23c537c9b985ec46c8593f653135921d35e2a00
data/reference/literature_references.csv,8823,e2f589083dae14ca6d1b72cba36fd120cd32792afd1b66c7191ed5f9de3a59f8
data/reference/paralogue_assignment.csv,2059935,46dc8b363c7d427fd7f9a36a7634366983d509ccaf986f3879510c2f7d2267b6
data/reference/uniprot_domain_projection.csv,49512,7e08fd2edbdb29635361f8cd51cb2e0c5aa223c69aefdaef154a98a3c0f39d4a
data/reference/uniprot_domain_ranges.csv,1071,e1b3f55a6348b3a6859333ce7c205fe085b12206972e2c0e6fbfbe2050667583
data/sequences/jak1.fasta,724839,05b57c748ccf99d15ddac32fa5d4225b5ed6944c2dd4f0aa76b7fd6ad474d7fa
data/sequences/jak2.fasta,743620,222129822d0a638e478c1d7caaa21831853569f1d2b92261df09bc14bd4e3dfe
data/sequences/socs1.fasta,172560,073077cdfebace6b349b3e0cd97a97998a2337ede394c0dde5de0735a89f4747
data/sequences/socs3.fasta,176842,27cfd5975dbaf6ada4aed558ac01849cfaa16b37799ded63cd83c774321c4536
data/sequences/tyk2.fasta,444141,03a08f75b68ebec53748dfbb1a4d89ca1093cb86c9944132ce4b1d1fd193a3e9
docs/depth_scoping_report.md,6460,93e05cc1818ce0f64f0ef7eddb682f170681614c5c07e38fa006d24895bcfa16
docs/methods_maintext_paragraph.md,1483,bd99ac874bd9416a0637050e13bc770abed44aad16f5faacdfc5bf281ce2f302
docs/methods_review.md,22417,d38b5e993b35608e0542696c871c7c724c365b5bc7ff31a0c636440cc204b2d1
docs/results_replacement_paragraph.md,12848,df685527b4b8ede2f6b15b5791e8a1b2cb999cae2553bfc6a67f095da962f03c
docs/results_summary.md,13616,954156944b5b0468da17815b845d886c0ca0101cce7877468e1da2279cf07a0f
docs/retrieval_report.md,2015,09a3532e89847ff80257b47ba1bb58017019dac44b3c1a8534a1eeff7d648025
docs/supplementary_methods.md,16786,eaca4847ac0add7e124c22bc10ded70719841f8fbae2dec39adbe36845f03e58
environment.yml,279,62db00828063335bc43c9b4f05d9ff237fcd0a2dab0e6f8f8d8628fe2b8766cb
requirements.txt,233,8a105bf9100beeda94628fb25d9292c37ac663da48f12cd199b63a80e5808812
results/figures/fig1_depth_scoping.pdf,35736,9a04883bbd15faa5e41dc262773f93309dcae4be3cd196a18749230e191ace1f
results/figures/fig1_depth_scoping.png,492987,41b75a4b1cce0e3f815c6721f452a4c529d2816814df6b68017b19512e34f1dc
results/figures/fig1_depth_scoping.svg,113207,47c6c4b675a82114dddecfbf2f411b956ba8782b331e94057cc2024decdea3d0
results/figures/fig2_depth_gate_and_coupling_null.pdf,27369,0845464e6e623bf9a10efe847154af40e4046d1d1e69063849c7109990e345e0
results/figures/fig2_depth_gate_and_coupling_null.png,339124,0ea2a09783b65f3a1c2530ce2df60feacb420661a81c2c99f406c0513339969c
results/figures/fig2_depth_gate_and_coupling_null.svg,90650,fd5c5337b4a4b9b10565f74e112e41c3e3f151edb86cac24a8a61d8443a337bf
results/figures/fig3_constraint_profiles.pdf,43982,d0e0970360316f7192796818b1255ebdb3a0a47c478c4f5714b659fdc578f7de
results/figures/fig3_constraint_profiles.png,1238568,71e0f4adab1e4e2776551cb6231723b094a13a57387377859dbe216db0549b93
results/figures/fig3_constraint_profiles.svg,139602,2a366146a0dc11f4ac2fe3f230b57bfe36aa087a956f469246d7213e14494167
results/figures/fig4_specificity_positions.pdf,30579,19e903757a00cbf0591f4ca8164be071fd0681384836cbe39a1ec4c653c9c1de
results/figures/fig4_specificity_positions.png,436999,b7fcf9ce8359767f81d158f52a75f93a0a15f0560a3e9b9d7c913a79be26656e
results/figures/fig4_specificity_positions.svg,131320,7ceab7fddc020e7a67716da74c3ef42f7088c5e2bd618f0daa3af3994e86f43f
results/figures/fig5_declared_motif_tests.pdf,34272,1f97d7ec10ae6a4ed33d1deb6949ccb7c7569ed446d7275011636edadff78c3b
results/figures/fig5_declared_motif_tests.png,296098,86360e07bc6124dd5d58905fa48f087cd560e2b6640ce4b28f79d8b14a0dcf40
results/figures/fig5_declared_motif_tests.svg,92805,3d59edc600a26ea27f2e7c0b528d5b68adea4fcb7eaecd659b823db5067b0e98
results/figures/fig6_interface_constraint_test.pdf,45604,36b298054fdb9924703ed9cc11673c9a8fc0406bace5c9f6b6e5b610506000c0
results/figures/fig6_interface_constraint_test.png,438827,af7af44db908093e6bd0ffab3d12731d42eb806491aea1b56789506a76618cea
results/figures/fig6_interface_constraint_test.svg,153617,47cc01a66f27aacd69a6ebcdeffe2dc71e99e4673d3098dd52c04f53b5df78f7
results/figures/fig7_consistency_and_meta_analysis.pdf,30250,6693831a8abd7cb254c0a111f408e15136d80bf4461f999cb6828cd05c9e988b
results/figures/fig7_consistency_and_meta_analysis.png,290380,39730e376f53189d634b0c652b5797df01fa57abd9624b31474fafd869bbe2f8
results/figures/fig7_consistency_and_meta_analysis.svg,78566,846fadc79a589b0054d1f056b87c917e31d182e7a94fba16766ca91a309e1eec
results/logs/analysis.log,4831,044bffdb7f248a0fe22d9df892bfe5f57e262e52f6c29ea7dd7a5df7e4c6cfbf
results/logs/stage05.log,4179,79597d9e98d72abd7a206bf8b279a99b1a2e057fd7a7dbf25a8ce28aa12f4f4c
results/logs/stage08.log,1434,dc495578a1ce7c8f220e50b88c5d3f6855fd41ab8ee5afbc8f9299838fdba652
results/logs/stage09.log,10625,1c0f8bfe78794af3facc7f12183e17d2c3b7083c6e808aa47711288416a31f81
results/logs/stage11.log,2497,e4e8aa19e60df9e86ae068c32fb124ee83a180b30dae6fc22b59fd1645b06308
results/logs/uniprot_queries.json,5039,5aec78a662d3f952d13d3a5e663e296c935bd51f017f3619547c95fd9d555916
results/tables/01_depth_scoping_designs.csv,1316,ff6fbe56fb8adafc34974653f8533b872a3d191bfd1601b065918c5593f13830
results/tables/01_paired_species_per_paralogue_pair.csv,186,afac5159f92b2a941caea1cba50ba4eb7cc7ef686a0d786d4ebc87a5bace0d49
results/tables/01_retrieval_yield_by_route_tier.csv,413,28dd525862cff1e6e7ce0374b9ca9d53c2a45a0d8040c0aca4f3775b532e1036
results/tables/02_retrieval_summary.json,2296,44a4ee2715a3cc84cb8969f421ce66fe447cbefae3ffd607c1b4241126bd65ef
results/tables/03_alignment_dimensions.json,685,c620d29f0311f74b4bd49f6cda618681a6c0ddd00d4ea62482fdfe1cc9b3b2ba
results/tables/03_alignment_quality_per_paralogue.csv,206,76dc6460055dffbdde899102b4fb86c4c2dd43ac081dbe607429b1455ebe48fb
results/tables/04_provenance_assertions.json,455,e9991e1b551bc6f9f1c8a7a56417ca8af3a14ea484612915c1b57a4746f93dc0
results/tables/05_constraint_effective_sample_sizes.csv,447,d5373a5d7f583d026da1117888d05f41ad1235a840d4977872c970baadd725b9
results/tables/05_module_constraint.csv,1412,078a036d01a15680016c888090759fc48260a4c8f29c2effcdc5fafcb0d89b24
results/tables/05_module_constraint_gap_decomposition.csv,784,e1842e457957608af056dc9dbc6ab0f061e0d69bb6cdb10e13796a537a1ba8c5
results/tables/05_module_deficit_test.csv,1103,a520fe3c627562aa42c72114b3e3efa80f7d11587c4dd81a3fe661295e4ba4b0
results/tables/05_residue_constraint.csv,135934,5f50783aa597cdd07b17851b639ce283a4de2d371127302d3aef56cb557055a7
results/tables/06_specificity_axis_overlap.csv,129,5fdacf745d40ac3f81972a94732f5ad4b20c7f6da63f836b9ec5e57299520ba1
results/tables/06_specificity_by_feature.csv,204,99391025ba4eed56b74e4060b5fdf3267a0671db6b8d037b5af90e2b3cea0028
results/tables/06_specificity_by_module.csv,282,31c220f88f7698393a038c415b3953f73409b91e404a5fbd271625d2cf053f51
results/tables/06_specificity_gap_decomposition.csv,187,6b56ed30f86e2132c02a68e77075bc53f87ee2df54361fad6b84154a114228f1
results/tables/06_specificity_null_distributions.npz,25147,0e5c92e3a2eed957731e3ededc4b50ef15459f120daab20825c655af8e26cdf1
results/tables/06_specificity_per_column.csv,171482,18ef492e46807cc8304b32860e973d8e8a252c11656c0166a0b9604e9e6ac3a3
results/tables/07_interface_residues.csv,6491,363ca8d7e8f86269d84e952a9af7d1fed70650777913600c021806efb5cd4dcc
results/tables/07_structural_contact_pairs.csv,68015,c89f5d67ab038bf7faf48d6773080f084049cdae6a5cc9691b2d6f37be70fd6f
results/tables/07_structure_metadata.json,2776,28094d168c3704cffa4604e67b216296b64219cdbe4058663bc46303d129569f
results/tables/07_unbound_chain_sasa.csv,19186,6a4cb3c1517aa690a0fa6f55f6284d7dcbbba51f6d0d99164660e1cd930c4944
results/tables/08_interface_constraint_tests.csv,927,d46b9e7d8140f432da04dda19ceff4db59e400f4f2f8c214dc76a580dfb42669
results/tables/08_interface_min_detectable_effect.csv,95,d2eea39858c0ced25bb3fce33d9fd5ad36febf861776f9b7aec812eebc3625f6
results/tables/08_interface_null_distributions.npz,275443,07d049007bb5081d90c4f6cf5456be7ad0ec0dde118485b5763715b87eb54bc9
results/tables/08_interface_power_curve.csv,1072,a450a45818a92fe186242be5c4b9017235cff6ba8b3229040e977f0d12187eae
results/tables/08_matched_control_residues.csv,33971,4a48dd1f9baccdbe9dba18c72c922e5656f96f89ad58fb99daab1ecda3a666ea
results/tables/09_declared_motif_tests.csv,12692,c92e5a6b3588d5539016c8d2cd6610ab54733e2e97066026c0269eeee0e8bb5a
results/tables/09_multiple_testing_correction.csv,4943,3ee3862d7d1acfd856c929a0462ae2346b634759b78d84adbafec016ce0d8fe9
results/tables/10_coupling_depth_gate.csv,234,1fd6d6d47d399ad15a4c736ce126fd6a275a7462403565dc450e8bae34795935
results/tables/10_coupling_null_distributions.npz,166940,419c4234b79df9b82b79a48a0d2f148dd066f2c3f13b17d32c8afd60aa8b0ad7
results/tables/10_coupling_vs_scrambled_null.csv,411,8699f2d7cdce0dd9132df7368dfc0124eb953d028f6c86ad9299999a6cfa942d
results/tables/11_constraint_profile_concordance.csv,409,50a5f37222013b7af4b5ba47c82824b303a14bfd1492bffaacc04ab0914e5d3a
results/tables/11_interface_meta_analysis.csv,330,27e719257a898424aa1eb40da2364ffe57a664797e62d9ad91b519facb88a7c7
results/tables/11_kir_leave_one_binder_out.csv,257,b98087483070b7211b614b0ffa34121516da9e8cd00ef4db213735c9e1a2bd97
results/tables/13_mutant_panel_scores.csv,1688,932d91273799d2a498537101a7fa3e25181adca363df391c0fbabdeb49452592
results/tables/MANIFEST.csv,8248,eb82b88095cc15eaec7f2a63156ffd556cb5f39f8fcd1063b514d473c05e70cf
run_pipeline.sh,5086,1ac44ef1a04cf6aee60b413d65aa5348b0a58519f3034600949cfb7e36c05c53
src/01_depth_scoping.py,9419,ef2e700e842c3b03ec6b50ae801ee51980242fc5e0041d10421853c89eeed49b
src/02_retrieval.py,11011,cbb337729f9c968e314daa46cb72adc41cdeaf272ae7e3f3456c86001335b685
src/03_align.py,12285,f29a1e1b0a3fe3abf77e9e87332f635dac4b15dd7bd7daf28f563d17a4242a3a
src/04_provenance.py,8896,6b40a796a8748a88271a664839b70b0e030c304e81d09c1ca38aa28d2afe468f
src/05_constraint.py,12644,f070fbaa9c9da073ab2134e2ff84df7d682b0680089e2cc2eeddd2231506a1cd
src/06_specificity.py,6744,f35edeb738e43bd509e10b1f218e36524c1348e0de374952556a8696cc71d4c6
src/07_structures.py,12385,d906419f7fe7acd907516080d814efb82149ebedc9798b69d8ea58f494812d10
src/08_interface_test.py,10147,44fc4a56496741d6fc17305b99ead790d97d96548a51b5556330771371c47cf2
src/09_motif_tests.py,12174,5a3f599fa5020f746a0add43371a5ed2e315ace4b2a12218fb960b5bfdcdd070
src/10_coupling_power.py,10097,19ae7e237c74ebb808729fe11aebf029b4ad1a3f33709ab8cb1893d91ae3065a
src/11_consistency.py,8676,bf2d9eaebe446ac4ebd7a7269a70a6e94fb6a9a9a84fc9be6812c1bd8b1dedde
src/12_package.py,13349,6ee0b2db95416f72e4fcf475fd57d03643d11a9b173942b8ba770676c71c79c7
src/13_mutant_panel.py,10460,f1303210e04e7d51f4c73882843f5f130664d87cb6cbcc75fc0113deadc1ae0d
src/lib_constraint.py,15376,a33105c380cc5411502aa76f51966672b3e67ef9ee26707a08f476963cda29ae
src/lib_sequence.py,12309,6209cb99901c38d5de903186636cf50f999d3d6f320db1034b34064c63b59f4c
