family,column,gap_fraction,effective_occupancy,JAK1_residue,JAK1_letter,JAK1_feature,JAK2_residue,JAK2_letter,JAK2_feature,TYK2_residue,TYK2_letter,TYK2_feature,features,in_required_feature,SOCS1_residue,SOCS1_letter,SOCS1_feature,SOCS3_residue,SOCS3_letter,SOCS3_feature,SOCS2_residue,SOCS2_letter,SOCS2_feature
jak,0,0.6084,0.2945,,,,834,G,,,,,,False,,,,,,,,,
jak,1,0.6091,0.2939,,,,835,A,,,,,,False,,,,,,,,,
jak,2,0.6072,0.2969,,,,836,F,,,,,,False,,,,,,,,,
jak,3,0.6078,0.2965,,,,837,E,,,,,,False,,,,,,,,,
jak,4,0.3872,0.6652,,,,838,D,,886,A,,,False,,,,,,,,,
jak,5,0.0044,0.9744,865,V,,839,R,,887,S,,,False,,,,,,,,,
jak,6,0.0044,0.9744,866,D,,840,D,,888,D,,,False,,,,,,,,,
jak,7,0.0038,0.9751,867,P,,841,P,,889,P,,,False,,,,,,,,,
jak,8,0.0038,0.9751,868,T,,842,T,,890,T,,,False,,,,,,,,,
jak,9,0.0057,0.9691,869,H,,843,Q,,891,V,,,False,,,,,,,,,
jak,10,0.0044,0.9713,870,F,,844,F,,892,F,,,False,,,,,,,,,
jak,11,0.0044,0.9713,871,E,,845,E,,893,H,,,False,,,,,,,,,
jak,12,0.0044,0.9713,872,K,,846,E,,894,K,,,False,,,,,,,,,
jak,13,0.0044,0.9713,873,R,,847,R,,895,R,,,False,,,,,,,,,
jak,14,0.0044,0.9713,874,F,,848,H,,896,Y,,,False,,,,,,,,,
jak,15,0.0038,0.9741,875,L,JH1,849,L,JH1,897,L,JH1,JH1,True,,,,,,,,,
jak,16,0.0025,0.9936,876,K,JH1,850,K,JH1,898,K,JH1,JH1,True,,,,,,,,,
jak,17,0.0025,0.9936,877,R,JH1,851,F,JH1,899,K,JH1,JH1,True,,,,,,,,,
jak,18,0.0038,0.9868,878,I,JH1,852,L,JH1,900,I,JH1,JH1,True,,,,,,,,,
jak,19,0.0031,0.9903,879,R,JH1,853,Q,JH1,901,R,JH1,JH1,True,,,,,,,,,
jak,20,0.0031,0.9903,880,D,JH1,854,Q,JH1,902,D,JH1,JH1,True,,,,,,,,,
jak,21,0.0025,0.9922,881,L,JH1,855,L,JH1,903,L,JH1,JH1,True,,,,,,,,,
jak,22,0.0025,0.9922,882,G,JH1,856,G,JH1,904,G,JH1,JH1,True,,,,,,,,,
jak,23,0.0025,0.9922,883,E,JH1,857,K,JH1,905,E,JH1,JH1,True,,,,,,,,,
jak,24,0.9994,0.0173,,,,,,,,,,,False,,,,,,,,,
jak,25,0.9994,0.0173,,,,,,,,,,,False,,,,,,,,,
jak,26,0.9994,0.0173,,,,,,,,,,,False,,,,,,,,,
jak,27,0.9994,0.0173,,,,,,,,,,,False,,,,,,,,,
jak,28,0.0019,0.996,884,G,JH1,858,G,JH1,906,G,JH1,JH1,True,,,,,,,,,
jak,29,0.0013,0.9962,885,H,JH1,859,N,JH1,907,H,JH1,JH1,True,,,,,,,,,
jak,30,0.0019,0.991,886,F,JH1,860,F,JH1,908,F,JH1,JH1,True,,,,,,,,,
jak,31,0.0019,0.991,887,G,JH1,861,G,JH1,909,G,JH1,JH1,True,,,,,,,,,
jak,32,0.0019,0.991,888,K,JH1,862,S,JH1,910,K,JH1,JH1,True,,,,,,,,,
jak,33,0.0019,0.991,889,V,JH1,863,V,JH1,911,V,JH1,JH1,True,,,,,,,,,
jak,34,0.0019,0.991,890,E,JH1,864,E,JH1,912,S,JH1,JH1,True,,,,,,,,,
jak,35,0.0019,0.991,891,L,JH1,865,M,JH1,913,L,JH1,JH1,True,,,,,,,,,
jak,36,0.0019,0.991,892,C,JH1,866,C,JH1,914,Y,JH1,JH1,True,,,,,,,,,
jak,37,0.0019,0.991,893,R,JH1,867,R,JH1,915,C,JH1,JH1,True,,,,,,,,,
jak,38,0.0019,0.991,894,Y,JH1,868,Y,JH1,916,Y,JH1,JH1,True,,,,,,,,,
jak,39,0.0019,0.991,895,D,JH1,869,D,JH1,917,D,JH1,JH1,True,,,,,,,,,
jak,40,0.0025,0.9908,896,P,JH1,870,P,JH1,918,P,JH1,JH1,True,,,,,,,,,
jak,41,0.0019,0.991,897,E,JH1,871,L,JH1,919,T,JH1,JH1,True,,,,,,,,,
jak,42,0.0019,0.991,898,G,JH1,872,Q,JH1,920,N,JH1,JH1,True,,,,,,,,,
jak,43,0.0019,0.991,899,D,JH1,873,D,JH1,921,D,JH1,JH1,True,,,,,,,,,
jak,44,0.0019,0.991,900,N,JH1,874,N,JH1,922,G,JH1,JH1,True,,,,,,,,,
jak,45,0.0019,0.991,901,T,JH1,875,T,JH1,923,T,JH1,JH1,True,,,,,,,,,
jak,46,0.0019,0.991,902,G,JH1,876,G,JH1,924,G,JH1,JH1,True,,,,,,,,,
jak,47,0.0013,0.9962,903,E,JH1,877,E,JH1,925,E,JH1,JH1,True,,,,,,,,,
jak,48,0.0013,0.9962,904,Q,JH1,878,V,JH1,926,M,JH1,JH1,True,,,,,,,,,
jak,49,0.0013,0.9962,905,V,JH1,879,V,JH1,927,V,JH1,JH1,True,,,,,,,,,
jak,50,0.0013,0.9962,906,A,JH1,880,A,JH1,928,A,JH1,JH1,True,,,,,,,,,
jak,51,0.0006,0.9997,907,V,JH1,881,V,JH1,929,V,JH1,JH1,True,,,,,,,,,
jak,52,0.0006,0.9997,908,K,JH1,882,K,JH1,930,K,JH1,JH1,True,,,,,,,,,
jak,53,0.0006,0.9997,909,S,JH1,883,K,JH1,931,A,JH1,JH1,True,,,,,,,,,
jak,54,0.0006,0.9997,910,L,JH1,884,L,JH1,932,L,JH1,JH1,True,,,,,,,,,
jak,55,0.0006,0.9997,911,K,JH1,885,Q,JH1,933,K,JH1,JH1,True,,,,,,,,,
jak,56,0.0013,0.9932,912,P,JH1,886,H,JH1,934,A,JH1,JH1,True,,,,,,,,,
jak,57,0.0013,0.9932,913,E,JH1,887,S,JH1,935,D,JH1,JH1,True,,,,,,,,,
jak,58,0.005,0.966,915,G,JH1,888,T,JH1,936,C,JH1,JH1,True,,,,,,,,,
jak,59,0.0057,0.9639,916,G,JH1,889,E,JH1,937,G,JH1,JH1,True,,,,,,,,,
jak,60,0.0453,0.867,917,N,JH1,890,E,JH1,938,P,JH1,JH1,True,,,,,,,,,
jak,61,0.0057,0.9503,918,H,JH1,891,H,JH1,939,Q,JH1,JH1,True,,,,,,,,,
jak,62,0.0044,0.9589,919,I,JH1,892,L,JH1,940,H,JH1,JH1,True,,,,,,,,,
jak,63,0.0069,0.9646,920,A,JH1,893,R,JH1,941,R,JH1,JH1,True,,,,,,,,,
jak,64,0.005,0.9681,921,D,JH1,894,D,JH1,942,S,JH1,JH1,True,,,,,,,,,
jak,65,0.0019,0.9759,922,L,JH1,895,F,JH1,944,W,JH1,JH1,True,,,,,,,,,
jak,66,0.0019,0.9759,923,K,JH1,896,E,JH1,945,K,JH1,JH1,True,,,,,,,,,
jak,67,0.0019,0.9759,924,K,JH1,897,R,JH1,946,Q,JH1,JH1,True,,,,,,,,,
jak,68,0.0013,0.9824,925,E,JH1,898,E,JH1,947,E,JH1,JH1,True,,,,,,,,,
jak,69,0.0013,0.9824,926,I,JH1,899,I,JH1,948,I,JH1,JH1,True,,,,,,,,,
jak,70,0.0019,0.9798,927,E,JH1,900,E,JH1,949,D,JH1,JH1,True,,,,,,,,,
jak,71,0.0019,0.9798,928,I,JH1,901,I,JH1,950,I,JH1,JH1,True,,,,,,,,,
jak,72,0.0019,0.9798,929,L,JH1,902,L,JH1,951,L,JH1,JH1,True,,,,,,,,,
jak,73,0.0019,0.9798,930,R,JH1,903,K,JH1,952,R,JH1,JH1,True,,,,,,,,,
jak,74,0.0025,0.9733,931,N,JH1,904,S,JH1,953,T,JH1,JH1,True,,,,,,,,,
jak,75,0.0025,0.9733,932,L,JH1,905,L,JH1,954,L,JH1,JH1,True,,,,,,,,,
jak,76,0.0025,0.9733,933,Y,JH1,906,Q,JH1,955,Y,JH1,JH1,True,,,,,,,,,
jak,77,0.0025,0.9733,934,H,JH1,907,H,JH1,956,H,JH1,JH1,True,,,,,,,,,
jak,78,0.0025,0.9733,935,E,JH1,908,D,JH1,957,E,JH1,JH1,True,,,,,,,,,
jak,79,0.0025,0.9733,936,N,JH1,909,N,JH1,958,H,JH1,JH1,True,,,,,,,,,
jak,80,0.0025,0.9733,937,I,JH1,910,I,JH1,959,I,JH1,JH1,True,,,,,,,,,
jak,81,0.0025,0.9733,938,V,JH1,911,V,JH1,960,I,JH1,JH1,True,,,,,,,,,
jak,82,0.0031,0.9729,939,K,JH1,912,K,JH1,961,K,JH1,JH1,True,,,,,,,,,
jak,83,0.0031,0.9729,940,Y,JH1,913,Y,JH1,962,Y,JH1,JH1,True,,,,,,,,,
jak,84,0.0025,0.9794,941,K,JH1,914,K,JH1,963,K,JH1,JH1,True,,,,,,,,,
jak,85,0.0031,0.9785,942,G,JH1,915,G,JH1,964,G,JH1,JH1,True,,,,,,,,,
jak,86,0.0031,0.9785,943,I,JH1,916,V,JH1,965,C,JH1,JH1,True,,,,,,,,,
jak,87,0.0031,0.9785,944,C,JH1,917,C,JH1,966,C,JH1,JH1,True,,,,,,,,,
jak,88,0.0069,0.9686,945,T,JH1,918,Y,JH1,967,E,JH1,JH1,True,,,,,,,,,
jak,89,0.0038,0.9719,946,E,JH1,919,S,JH1,968,D,JH1,JH1,True,,,,,,,,,
jak,90,0.0038,0.9707,947,D,JH1,920,A,JH1,969,Q,JH1,JH1,True,,,,,,,,,
jak,91,0.0038,0.9864,948,G,JH1,921,G,JH1,970,G,JH1,JH1,True,,,,,,,,,
jak,92,0.0069,0.9662,949,G,JH1,922,R,JH1,971,E,JH1,JH1,True,,,,,,,,,
jak,93,0.0063,0.9592,950,N,JH1,923,R,JH1,972,K,JH1,JH1,True,,,,,,,,,
jak,94,0.0057,0.9696,951,G,JH1,924,N,JH1,973,S,JH1,JH1,True,,,,,,,,,
jak,95,0.0057,0.9696,952,I,JH1,925,L,JH1,974,L,JH1,JH1,True,,,,,,,,,
jak,96,0.0063,0.9622,953,K,JH1,926,K,JH1,975,Q,JH1,JH1,True,,,,,,,,,
jak,97,0.0057,0.9696,954,L,JH1,927,L,JH1,976,L,JH1,JH1,True,,,,,,,,,
jak,98,0.0063,0.9669,955,I,JH1,928,I,JH1,977,V,JH1,JH1,True,,,,,,,,,
jak,99,0.0057,0.9842,956,M,JH1,929,M,JH1,978,M,JH1,JH1,True,,,,,,,,,
jak,100,0.0057,0.9842,957,E,JH1,930,E,JH1,979,E,JH1,JH1,True,,,,,,,,,
jak,101,0.0057,0.9842,958,F,JH1,931,Y,JH1,980,Y,JH1,JH1,True,,,,,,,,,
jak,102,0.0057,0.9842,959,L,JH1,932,L,JH1,981,V,JH1,JH1,True,,,,,,,,,
jak,103,0.0057,0.9842,960,P,JH1,933,P,JH1,982,P,JH1,JH1,True,,,,,,,,,
jak,104,0.0057,0.9842,961,S,JH1,934,Y,JH1,983,L,JH1,JH1,True,,,,,,,,,
jak,105,0.0057,0.9842,962,G,JH1,935,G,JH1,984,G,JH1,JH1,True,,,,,,,,,
jak,106,0.0057,0.9702,963,S,JH1,936,S,JH1,985,S,JH1,JH1,True,,,,,,,,,
jak,107,0.005,0.9729,964,L,JH1,937,L,JH1,986,L,JH1,JH1,True,,,,,,,,,
jak,108,0.0044,0.9781,965,K,JH1,938,R,JH1,987,R,JH1,JH1,True,,,,,,,,,
jak,109,0.0038,0.9798,966,E,JH1,939,D,JH1,988,D,JH1,JH1,True,,,,,,,,,
jak,110,0.0038,0.9798,967,Y,JH1,940,Y,JH1,989,Y,JH1,JH1,True,,,,,,,,,
jak,111,0.0038,0.9798,968,L,JH1,941,L,JH1,990,L,JH1,JH1,True,,,,,,,,,
jak,112,0.0044,0.9789,969,P,JH1,942,Q,JH1,991,P,JH1,JH1,True,,,,,,,,,
jak,113,0.0044,0.996,970,K,JH1,943,K,JH1,992,R,JH1,JH1,True,,,,,,,,,
jak,114,0.0038,0.9944,971,N,JH1,944,H,JH1,993,H,JH1,JH1,True,,,,,,,,,
jak,115,0.0038,0.9944,972,K,JH1,945,K,JH1,994,S,JH1,JH1,True,,,,,,,,,
jak,116,0.2263,0.6228,973,N,JH1,946,E,JH1,,,,JH1,True,,,,,,,,,
jak,117,0.2269,0.6176,974,K,JH1,947,R,JH1,,,,JH1,True,,,,,,,,,
jak,118,0.005,0.9828,975,I,JH1,948,I,JH1,995,I,JH1,JH1,True,,,,,,,,,
jak,119,0.0075,0.9834,976,N,JH1,949,D,JH1,996,G,JH1,JH1,True,,,,,,,,,
jak,120,0.0038,0.9895,977,L,JH1,950,H,JH1,997,L,JH1,JH1,True,,,,,,,,,
jak,121,0.0038,0.9895,978,K,JH1,951,I,JH1,998,A,JH1,JH1,True,,,,,,,,,
jak,122,0.0038,0.9895,979,Q,JH1,952,K,JH1,999,Q,JH1,JH1,True,,,,,,,,,
jak,123,0.0044,0.9855,980,Q,JH1,953,L,JH1,1000,L,JH1,JH1,True,,,,,,,,,
jak,124,0.005,0.9851,981,L,JH1,954,L,JH1,1001,L,JH1,JH1,True,,,,,,,,,
jak,125,0.005,0.9851,982,K,JH1,955,Q,JH1,1002,L,JH1,JH1,True,,,,,,,,,
jak,126,0.0057,0.9849,983,Y,JH1,956,Y,JH1,1003,F,JH1,JH1,True,,,,,,,,,
jak,127,0.005,0.9851,984,A,JH1,957,T,JH1,1004,A,JH1,JH1,True,,,,,,,,,
jak,128,0.0057,0.9724,985,V,JH1,958,S,JH1,1005,Q,JH1,JH1,True,,,,,,,,,
jak,129,0.0063,0.9607,986,Q,JH1,959,Q,JH1,1006,Q,JH1,JH1,True,,,,,,,,,
jak,130,0.0057,0.9734,987,I,JH1,960,I,JH1,1007,I,JH1,JH1,True,,,,,,,,,
jak,131,0.0044,0.9661,988,C,JH1,961,C,JH1,1008,C,JH1,JH1,True,,,,,,,,,
jak,132,0.0038,0.9778,989,K,JH1,962,K,JH1,1009,E,JH1,JH1,True,,,,,,,,,
jak,133,0.0069,0.9353,990,G,JH1,963,G,JH1,1010,G,JH1,JH1,True,,,,,,,,,
jak,134,0.0063,0.9356,991,M,JH1,964,M,JH1,1011,M,JH1,JH1,True,,,,,,,,,
jak,135,0.0075,0.929,992,D,JH1,965,E,JH1,1012,A,JH1,JH1,True,,,,,,,,,
jak,136,0.0082,0.9181,993,Y,JH1,966,Y,JH1,1013,Y,JH1,JH1,True,,,,,,,,,
jak,137,0.0082,0.9181,994,L,JH1,967,L,JH1,1014,L,JH1,JH1,True,,,,,,,,,
jak,138,0.0082,0.9181,995,G,JH1,968,G,JH1,1015,H,JH1,JH1,True,,,,,,,,,
jak,139,0.0082,0.9124,996,S,JH1,969,T,JH1,1016,A,JH1,JH1,True,,,,,,,,,
jak,140,0.0082,0.9124,997,R,JH1,970,K,JH1,1017,Q,JH1,JH1,True,,,,,,,,,
jak,141,0.0082,0.9124,998,Q,JH1,971,R,JH1,1018,H,JH1,JH1,True,,,,,,,,,
jak,142,0.0088,0.9183,999,Y,JH1,972,Y,JH1,1019,Y,JH1,JH1,True,,,,,,,,,
jak,143,0.0075,0.9475,1000,V,JH1,973,I,JH1,1020,I,JH1,JH1,True,,,,,,,,,
jak,144,0.0075,0.9475,1001,H,JH1,974,H,JH1,1021,H,JH1,JH1,True,,,,,,,,,
jak,145,0.0069,0.9586,1002,R,JH1,975,R,JH1,1022,R,JH1,JH1,True,,,,,,,,,
jak,146,0.0082,0.948,1003,D,JH1,976,D,JH1,1023,D,JH1,JH1,True,,,,,,,,,
jak,147,0.0082,0.948,1004,L,JH1,977,L,JH1,1024,L,JH1,JH1,True,,,,,,,,,
jak,148,0.0075,0.9545,1005,A,JH1,978,A,JH1,1025,A,JH1,JH1,True,,,,,,,,,
jak,149,0.0069,0.9616,1006,A,JH1,979,T,JH1,1026,A,JH1,JH1,True,,,,,,,,,
jak,150,0.0069,0.9616,1007,R,JH1,980,R,JH1,1027,R,JH1,JH1,True,,,,,,,,,
jak,151,0.0063,0.9546,1008,N,JH1,981,N,JH1,1028,N,JH1,JH1,True,,,,,,,,,
jak,152,0.0063,0.9546,1009,V,JH1,982,I,JH1,1029,V,JH1,JH1,True,,,,,,,,,
jak,153,0.0063,0.9546,1010,L,JH1,983,L,JH1,1030,L,JH1,JH1,True,,,,,,,,,
jak,154,0.0069,0.9481,1011,V,JH1,984,V,JH1,1031,L,JH1,JH1,True,,,,,,,,,
jak,155,0.0069,0.9481,1012,E,JH1,985,E,JH1,1032,D,JH1,JH1,True,,,,,,,,,
jak,156,0.0063,0.9507,1013,S,JH1,986,N,JH1,1033,N,JH1,JH1,True,,,,,,,,,
jak,157,0.0063,0.9507,1014,E,JH1,987,E,JH1,1034,D,JH1,JH1,True,,,,,,,,,
jak,158,0.0069,0.9498,1015,H,JH1,988,N,JH1,1035,R,JH1,JH1,True,,,,,,,,,
jak,159,0.0063,0.9507,1016,Q,JH1,989,R,JH1,1036,L,JH1,JH1,True,,,,,,,,,
jak,160,0.0063,0.9507,1017,V,JH1,990,V,JH1,1037,V,JH1,JH1,True,,,,,,,,,
jak,161,0.0069,0.94,1018,K,JH1,991,K,JH1,1038,K,JH1,JH1,True,,,,,,,,,
jak,162,0.0069,0.94,1019,I,JH1,992,I,JH1,1039,I,JH1,JH1,True,,,,,,,,,
jak,163,0.0069,0.94,1020,G,JH1,993,G,JH1,1040,G,JH1,JH1,True,,,,,,,,,
jak,164,0.0063,0.9509,1021,D,JH1,994,D,JH1,1041,D,JH1,JH1,True,,,,,,,,,
jak,165,0.0063,0.9509,1022,F,JH1,995,F,JH1,1042,F,JH1,JH1,True,,,,,,,,,
jak,166,0.0063,0.9509,1023,G,JH1,996,G,JH1,1043,G,JH1,JH1,True,,,,,,,,,
jak,167,0.005,0.9788,1024,L,JH1,997,L,JH1,1044,L,JH1,JH1,True,,,,,,,,,
jak,168,0.0044,0.9828,1025,T,JH1,998,T,JH1,1045,A,JH1,JH1,True,,,,,,,,,
jak,169,0.0038,0.9913,1026,K,JH1,999,K,JH1,1046,K,JH1,JH1,True,,,,,,,,,
jak,170,0.005,0.9634,1027,A,JH1,1000,V,JH1,1047,A,JH1,JH1,True,,,,,,,,,
jak,171,0.005,0.9634,1028,I,JH1,1001,L,JH1,1048,V,JH1,JH1,True,,,,,,,,,
jak,172,0.0038,0.9913,1029,E,JH1,1002,P,JH1,1049,P,JH1,JH1,True,,,,,,,,,
jak,173,0.0044,0.9828,1030,T,JH1,1003,Q,JH1,1050,E,JH1,JH1,True,,,,,,,,,
jak,174,0.0044,0.9828,1031,D,JH1,1004,D,JH1,1051,G,JH1,JH1,True,,,,,,,,,
jak,175,0.0044,0.9828,1032,K,JH1,1005,K,JH1,1052,H,JH1,JH1,True,,,,,,,,,
jak,176,0.0044,0.9828,1033,E,JH1,1006,E,JH1,1053,E,JH1,JH1,True,,,,,,,,,
jak,177,0.0057,0.9549,1034,Y,JH1,1007,Y,JH1,1054,Y,JH1,JH1,True,,,,,,,,,
jak,178,0.0057,0.9549,1035,Y,JH1,1008,Y,JH1,1055,Y,JH1,JH1,True,,,,,,,,,
jak,179,0.005,0.9718,1036,T,JH1,1009,K,JH1,1056,R,JH1,JH1,True,,,,,,,,,
jak,180,0.005,0.9718,1037,V,JH1,1010,V,JH1,1057,V,JH1,JH1,True,,,,,,,,,
jak,181,0.0057,0.9545,1038,K,JH1,1011,K,JH1,1058,R,JH1,JH1,True,,,,,,,,,
jak,182,0.0057,0.9545,1039,D,JH1,1012,E,JH1,1059,E,JH1,JH1,True,,,,,,,,,
jak,183,0.0044,0.9613,1040,D,JH1,1013,P,JH1,1060,D,JH1,JH1,True,,,,,,,,,
jak,184,0.0044,0.9613,1041,R,JH1,1014,G,JH1,1061,G,JH1,JH1,True,,,,,,,,,
jak,185,0.005,0.9548,1042,D,JH1,1015,E,JH1,1062,D,JH1,JH1,True,,,,,,,,,
jak,186,0.0038,0.9806,1043,S,JH1,1016,S,JH1,1063,S,JH1,JH1,True,,,,,,,,,
jak,187,0.0038,0.9806,1044,P,JH1,1017,P,JH1,1064,P,JH1,JH1,True,,,,,,,,,
jak,188,0.005,0.9692,1045,V,JH1,1018,I,JH1,1065,V,JH1,JH1,True,,,,,,,,,
jak,189,0.0057,0.9674,1046,F,JH1,1019,F,JH1,1066,F,JH1,JH1,True,,,,,,,,,
jak,190,0.0069,0.9667,1047,W,JH1,1020,W,JH1,1067,W,JH1,JH1,True,,,,,,,,,
jak,191,0.0094,0.9508,1048,Y,JH1,1021,Y,JH1,1068,Y,JH1,JH1,True,,,,,,,,,
jak,192,0.0088,0.951,1049,A,JH1,1022,A,JH1,1069,A,JH1,JH1,True,,,,,,,,,
jak,193,0.0082,0.9549,1050,P,JH1,1023,P,JH1,1070,P,JH1,JH1,True,,,,,,,,,
jak,194,0.0088,0.9538,1051,E,JH1,1024,E,JH1,1071,E,JH1,JH1,True,,,,,,,,,
jak,195,0.0088,0.9557,1052,C,JH1,1025,S,JH1,1072,C,JH1,JH1,True,,,,,,,,,
jak,196,0.0088,0.9557,1053,L,JH1,1026,L,JH1,1073,L,JH1,JH1,True,,,,,,,,,
jak,197,0.0088,0.9572,1054,M,JH1,1027,T,JH1,1074,K,JH1,JH1,True,,,,,,,,,
jak,198,0.0094,0.9533,1055,Q,JH1,1028,E,JH1,1075,E,JH1,JH1,True,,,,,,,,,
jak,199,0.0088,0.9584,1056,S,JH1,1029,S,JH1,1076,Y,JH1,JH1,True,,,,,,,,,
jak,200,0.0088,0.9584,1057,K,JH1,1030,K,JH1,1077,K,JH1,JH1,True,,,,,,,,,
jak,201,0.0088,0.9584,1058,F,JH1,1031,F,JH1,1078,F,JH1,JH1,True,,,,,,,,,
jak,202,0.0094,0.9533,1059,Y,JH1,1032,S,JH1,1079,Y,JH1,JH1,True,,,,,,,,,
jak,203,0.0094,0.9533,1060,I,JH1,1033,V,JH1,1080,Y,JH1,JH1,True,,,,,,,,,
jak,204,0.0094,0.9466,1061,A,JH1,1034,A,JH1,1081,A,JH1,JH1,True,,,,,,,,,
jak,205,0.0094,0.9466,1062,S,JH1,1035,S,JH1,1082,S,JH1,JH1,True,,,,,,,,,
jak,206,0.0094,0.9466,1063,D,JH1,1036,D,JH1,1083,D,JH1,JH1,True,,,,,,,,,
jak,207,0.0101,0.9296,1064,V,JH1,1037,V,JH1,1084,V,JH1,JH1,True,,,,,,,,,
jak,208,0.0088,0.9584,1065,W,JH1,1038,W,JH1,1085,W,JH1,JH1,True,,,,,,,,,
jak,209,0.0101,0.9424,1066,S,JH1,1039,S,JH1,1086,S,JH1,JH1,True,,,,,,,,,
jak,210,0.0101,0.9424,1067,F,JH1,1040,F,JH1,1087,F,JH1,JH1,True,,,,,,,,,
jak,211,0.9994,0.0089,,,,,,,,,,,False,,,,,,,,,
jak,212,0.9994,0.0089,,,,,,,,,,,False,,,,,,,,,
jak,213,0.9994,0.0089,,,,,,,,,,,False,,,,,,,,,
jak,214,0.9994,0.0089,,,,,,,,,,,False,,,,,,,,,
jak,215,0.9994,0.0089,,,,,,,,,,,False,,,,,,,,,
jak,216,0.9994,0.0089,,,,,,,,,,,False,,,,,,,,,
jak,217,0.9994,0.0089,,,,,,,,,,,False,,,,,,,,,
jak,218,0.0107,0.9255,1068,G,JH1,1041,G,JH1,1088,G,JH1,JH1,True,,,,,,,,,
jak,219,0.0113,0.9204,1069,V,JH1,1042,V,JH1,1089,V,JH1,JH1,True,,,,,,,,,
jak,220,0.0119,0.919,1070,T,JH1,1043,V,JH1,1090,T,JH1,JH1,True,,,,,,,,,
jak,221,0.0126,0.9138,1071,L,JH1,1044,L,JH1,1091,L,JH1,JH1,True,,,,,,,,,
jak,222,0.0126,0.9138,1072,H,JH1,1045,Y,JH1,1092,Y,JH1,JH1,True,,,,,,,,,
jak,223,0.0113,0.9241,1073,E,JH1,1046,E,JH1,1093,E,JH1,JH1,True,,,,,,,,,
jak,224,0.0119,0.9152,1074,L,JH1,1047,L,JH1,1094,L,JH1,JH1,True,,,,,,,,,
jak,225,0.0126,0.91,1075,L,JH1,1048,F,JH1,1095,L,JH1,JH1,True,,,,,,,,,
jak,226,0.0132,0.8981,1076,T,JH1,1049,T,JH1,1096,T,JH1,JH1,True,,,,,,,,,
jak,227,0.0126,0.91,1077,Y,JH1,1050,Y,JH1,1097,H,JH1,JH1,True,,,,,,,,,
jak,228,0.0113,0.9272,1078,C,JH1,1051,I,JH1,1098,C,JH1,JH1,True,,,,,,,,,
jak,229,0.0113,0.9321,1079,D,JH1,1052,E,JH1,1099,D,JH1,JH1,True,,,,,,,,,
jak,230,0.0119,0.9297,1080,S,JH1,1053,K,JH1,1100,S,JH1,JH1,True,,,,,,,,,
jak,231,0.0119,0.9351,1081,D,JH1,1054,S,JH1,1101,S,JH1,JH1,True,,,,,,,,,
jak,232,0.0107,0.9379,1082,S,JH1,1055,K,JH1,1102,Q,JH1,JH1,True,,,,,,,,,
jak,233,0.0113,0.9304,1083,S,JH1,1056,S,JH1,1103,S,JH1,JH1,True,,,,,,,,,
jak,234,0.0119,0.9233,1084,P,JH1,1057,P,JH1,1104,P,JH1,JH1,True,,,,,,,,,
jak,235,0.0113,0.9284,1085,M,JH1,1058,P,JH1,1105,P,JH1,JH1,True,,,,,,,,,
jak,236,0.0189,0.881,1086,A,JH1,1059,A,JH1,1106,T,JH1,JH1,True,,,,,,,,,
jak,237,0.0264,0.8889,1087,L,JH1,1060,E,JH1,1107,K,JH1,JH1,True,,,,,,,,,
jak,238,0.027,0.8925,1088,F,JH1,1061,F,JH1,1108,F,JH1,JH1,True,,,,,,,,,
jak,239,0.027,0.8933,1089,L,JH1,1062,M,JH1,1109,L,JH1,JH1,True,,,,,,,,,
jak,240,0.0277,0.8916,1090,K,JH1,1063,R,JH1,1110,E,JH1,JH1,True,,,,,,,,,
jak,241,0.027,0.892,1091,M,JH1,1064,M,JH1,1111,L,JH1,JH1,True,,,,,,,,,
jak,242,0.0277,0.891,1092,I,JH1,1065,I,JH1,1112,I,JH1,JH1,True,,,,,,,,,
jak,243,0.0289,0.8767,1093,G,JH1,1066,G,JH1,1113,G,JH1,JH1,True,,,,,,,,,
jak,244,0.0277,0.8841,1094,P,JH1,1067,N,JH1,1114,I,JH1,JH1,True,,,,,,,,,
jak,245,0.616,0.2956,,,,1068,D,JH1,,,,JH1,True,,,,,,,,,
jak,246,0.0289,0.8696,1095,T,JH1,1069,K,JH1,1115,A,JH1,JH1,True,,,,,,,,,
jak,247,0.0283,0.8762,1096,H,JH1,1070,Q,JH1,1116,Q,JH1,JH1,True,,,,,,,,,
jak,248,0.027,0.8871,1097,G,JH1,1071,G,JH1,1117,G,JH1,JH1,True,,,,,,,,,
jak,249,0.027,0.8885,1098,Q,JH1,1072,Q,JH1,1118,Q,JH1,JH1,True,,,,,,,,,
jak,250,0.0283,0.9037,1099,M,JH1,1073,M,JH1,1119,M,JH1,JH1,True,,,,,,,,,
jak,251,0.0258,0.9082,1100,T,JH1,1074,I,JH1,1120,T,JH1,JH1,True,,,,,,,,,
jak,252,0.0264,0.9072,1101,V,JH1,1075,V,JH1,1121,V,JH1,JH1,True,,,,,,,,,
jak,253,0.0264,0.907,1102,T,JH1,1076,F,JH1,1122,L,JH1,JH1,True,,,,,,,,,
jak,254,0.0258,0.9081,1103,R,JH1,1077,H,JH1,1123,R,JH1,JH1,True,,,,,,,,,
jak,255,0.0245,0.9118,1104,L,JH1,1078,L,JH1,1124,L,JH1,JH1,True,,,,,,,,,
jak,256,0.0245,0.9146,1105,V,JH1,1079,I,JH1,1125,T,JH1,JH1,True,,,,,,,,,
jak,257,0.0251,0.9082,1106,N,JH1,1080,E,JH1,1126,E,JH1,JH1,True,,,,,,,,,
jak,258,0.0264,0.9036,1107,T,JH1,1081,L,JH1,1127,L,JH1,JH1,True,,,,,,,,,
jak,259,0.0258,0.9031,1108,L,JH1,1082,L,JH1,1128,L,JH1,JH1,True,,,,,,,,,
jak,260,0.0264,0.9011,1109,K,JH1,1083,K,JH1,1129,E,JH1,JH1,True,,,,,,,,,
jak,261,0.0283,0.8804,1110,E,JH1,1084,N,JH1,1130,R,JH1,JH1,True,,,,,,,,,
jak,262,0.0295,0.8731,1111,G,JH1,1085,N,JH1,1131,G,JH1,JH1,True,,,,,,,,,
jak,263,0.0302,0.8609,1112,K,JH1,1086,G,JH1,1132,E,JH1,JH1,True,,,,,,,,,
jak,264,0.0308,0.8608,1113,R,JH1,1087,R,JH1,1133,R,JH1,JH1,True,,,,,,,,,
jak,265,0.0295,0.8659,1114,L,JH1,1088,L,JH1,1134,L,JH1,JH1,True,,,,,,,,,
jak,266,0.0289,0.8822,1115,P,JH1,1089,P,JH1,1135,P,JH1,JH1,True,,,,,,,,,
jak,267,0.0295,0.882,1116,C,JH1,1090,R,JH1,1136,R,JH1,JH1,True,,,,,,,,,
jak,268,0.0295,0.882,1117,P,JH1,1091,P,JH1,1137,P,JH1,JH1,True,,,,,,,,,
jak,269,0.0289,0.8993,1118,P,JH1,1092,D,JH1,1138,D,JH1,JH1,True,,,,,,,,,
jak,270,0.0289,0.8993,1119,N,JH1,1093,G,JH1,1139,K,JH1,JH1,True,,,,,,,,,
jak,271,0.0277,0.9059,1120,C,JH1,1094,C,JH1,1140,C,JH1,JH1,True,,,,,,,,,
jak,272,0.0277,0.9059,1121,P,JH1,1095,P,JH1,1141,P,JH1,JH1,True,,,,,,,,,
jak,273,0.1075,0.7447,1122,D,JH1,1096,D,JH1,1142,C,JH1,JH1,True,,,,,,,,,
jak,274,0.0308,0.9248,1123,E,JH1,1097,E,JH1,1143,E,JH1,JH1,True,,,,,,,,,
jak,275,0.027,0.9268,1124,V,JH1,1098,I,JH1,1144,V,JH1,JH1,True,,,,,,,,,
jak,276,0.203,0.824,1125,Y,JH1,1099,Y,JH1,1145,Y,JH1,JH1,True,,,,,,,,,
jak,277,0.0396,0.9044,1126,Q,JH1,1100,M,JH1,1146,H,JH1,JH1,True,,,,,,,,,
jak,278,0.0383,0.906,1127,L,JH1,1101,I,JH1,1147,L,JH1,JH1,True,,,,,,,,,
jak,279,0.0333,0.9227,1128,M,JH1,1102,M,JH1,1148,M,JH1,JH1,True,,,,,,,,,
jak,280,0.0327,0.9208,1129,R,JH1,1103,T,JH1,1149,K,JH1,JH1,True,,,,,,,,,
jak,281,0.9994,0.0005,,,,,,,,,,,False,,,,,,,,,
jak,282,0.9994,0.0005,,,,,,,,,,,False,,,,,,,,,
jak,283,0.0339,0.9085,1130,K,JH1,1104,E,JH1,1150,N,JH1,JH1,True,,,,,,,,,
jak,284,0.0358,0.8943,1131,C,JH1,1105,C,JH1,1151,C,JH1,JH1,True,,,,,,,,,
jak,285,0.0358,0.8973,1132,W,JH1,1106,W,JH1,1152,W,JH1,JH1,True,,,,,,,,,
jak,286,0.9994,0.0029,,,,,,,,,,,False,,,,,,,,,
jak,287,0.9994,0.0029,,,,,,,,,,,False,,,,,,,,,
jak,288,0.9994,0.0029,,,,,,,,,,,False,,,,,,,,,
jak,289,0.9994,0.0029,,,,,,,,,,,False,,,,,,,,,
jak,290,0.0358,0.9045,1133,E,JH1,1107,N,JH1,1153,E,JH1,JH1,True,,,,,,,,,
jak,291,0.0365,0.8971,1134,F,JH1,1108,N,JH1,1154,T,JH1,JH1,True,,,,,,,,,
jak,292,0.0371,0.8963,1135,Q,JH1,1109,N,JH1,1155,E,JH1,JH1,True,,,,,,,,,
jak,293,0.0365,0.897,1136,P,JH1,1110,V,JH1,1156,A,JH1,JH1,True,,,,,,,,,
jak,294,0.0377,0.8953,1137,S,JH1,1111,N,JH1,1157,S,JH1,JH1,True,,,,,,,,,
jak,295,0.039,0.8924,1138,N,JH1,1112,Q,JH1,1158,F,JH1,JH1,True,,,,,,,,,
jak,296,0.0396,0.8918,1139,R,JH1,1113,R,JH1,1159,R,JH1,JH1,True,,,,,,,,,
jak,297,0.0402,0.8911,1140,T,JH1,1114,P,JH1,1160,P,JH1,JH1,True,,,,,,,,,
jak,298,0.0383,0.8942,1141,S,JH1,1115,S,JH1,1161,T,JH1,JH1,True,,,,,,,,,
jak,299,0.0383,0.8942,1142,F,JH1,1116,F,JH1,1162,F,JH1,JH1,True,,,,,,,,,
jak,300,0.039,0.8905,1143,Q,JH1,1117,R,JH1,1163,E,JH1,JH1,True,,,,,,,,,
jak,301,0.039,0.8905,1144,N,JH1,1118,D,JH1,1164,N,JH1,JH1,True,,,,,,,,,
jak,302,0.0377,0.8939,1145,L,JH1,1119,L,JH1,1165,L,JH1,JH1,True,,,,,,,,,
jak,303,0.0396,0.8746,1146,I,JH1,1120,A,JH1,1166,I,JH1,JH1,True,,,,,,,,,
jak,304,0.0396,0.875,1147,E,JH1,1121,L,JH1,1167,P,JH1,JH1,True,,,,,,,,,
jak,305,0.0383,0.8779,1148,G,JH1,1122,R,JH1,1168,I,JH1,JH1,True,,,,,,,,,
jak,306,0.0396,0.8726,1149,F,JH1,1123,V,JH1,1169,L,JH1,JH1,True,,,,,,,,,
jak,307,0.0409,0.8695,1150,E,JH1,1124,D,JH1,1170,K,JH1,JH1,True,,,,,,,,,
jak,308,0.0409,0.8633,1151,A,JH1,1125,Q,,1171,T,JH1,JH1,True,,,,,,,,,
jak,309,0.0421,0.8635,1152,L,JH1,1126,I,,1172,V,JH1,JH1,True,,,,,,,,,
jak,310,0.0421,0.8637,1154,K,,1127,R,,1173,H,JH1,JH1,True,,,,,,,,,
jak,311,0.1138,0.8263,,,,1128,D,,1174,E,JH1,JH1,True,,,,,,,,,
jak,312,0.3118,0.7267,,,,1129,N,,1175,K,JH1,JH1,True,,,,,,,,,
jak,313,0.3941,0.5961,,,,1130,M,,1177,Q,,,False,,,,,,,,,
jak,314,0.6235,0.2806,,,,1131,A,,,,,,False,,,,,,,,,
jak,315,0.6279,0.2699,,,,1132,G,,,,,,False,,,,,,,,,
jak,316,0.9981,0.0082,,,,,,,,,,,False,,,,,,,,,
jak,317,0.9987,0.0045,,,,,,,,,,,False,,,,,,,,,
jak,318,0.9987,0.0045,,,,,,,,,,,False,,,,,,,,,
socs,0,0.9985,0.0273,,,,,,,,,,,False,,,,,,,,,
socs,1,0.999,0.0193,,,,,,,,,,,False,,,,,,,,,
socs,2,0.9995,0.0064,,,,,,,,,,,False,,,,,,,,,
socs,3,0.9498,0.0594,,,,,,,,,,,False,25,P,,,,,,,
socs,4,0.9383,0.0688,,,,,,,,,,,False,26,S,,,,,,,
socs,5,0.9259,0.1141,,,,,,,,,,,False,27,S,,,,,,,
socs,6,0.9175,0.1445,,,,,,,,,,,False,28,S,,,,,,,
socs,7,0.8946,0.2021,,,,,,,,,,,False,29,S,,,,,,,
socs,8,0.8921,0.2111,,,,,,,,,,,False,30,S,,,,,,,
socs,9,0.8861,0.2384,,,,,,,,,,,False,31,S,,,,,,,
socs,10,0.6529,0.4029,,,,,,,,,,,False,32,S,,,,,,,
socs,11,0.4605,0.6277,,,,,,,,,,,False,33,P,,,,,9,S,
socs,12,0.4416,0.6364,,,,,,,,,,,False,34,A,,,,,13,G,
socs,13,0.6405,0.5654,,,,,,,,,,,False,35,A,,,,,14,E,
socs,14,0.4391,0.6527,,,,,,,,,,,False,36,P,,,,,15,G,
socs,15,0.4441,0.6396,,,,,,,,,,,False,37,A,,,,,17,R,
socs,16,0.4515,0.6155,,,,,,,,,,,False,38,R,,,,,18,S,
socs,17,0.8299,0.1944,,,,,,,,,,,False,,,,,,,25,S,
socs,18,0.9751,0.101,,,,,,,,,,,False,,,,,,,,,
socs,19,0.998,0.0236,,,,,,,,,,,False,,,,,,,,,
socs,20,0.9985,0.0187,,,,,,,,,,,False,,,,,,,,,
socs,21,0.9985,0.0161,,,,,,,,,,,False,,,,,,,,,
socs,22,0.999,0.0118,,,,,,,,,,,False,,,,,,,,,
socs,23,0.9876,0.0731,,,,,,,,,,,False,,,,,,,,,
socs,24,0.6549,0.4117,,,,,,,,,,,False,39,P,,,,,,,
socs,25,0.8414,0.3641,,,,,,,,,,,False,40,R,,,,,,,
socs,26,0.6554,0.4171,,,,,,,,,,,False,41,P,,,,,,,
socs,27,0.6688,0.3321,,,,,,,,,,,False,42,C,,,,,,,
socs,28,0.6753,0.3083,,,,,,,,,,,False,43,P,,,,,,,
socs,29,0.6877,0.2745,,,,,,,,,,,False,44,A,,,,,,,
socs,30,0.9239,0.1116,,,,,,,,,,,False,45,V,,,,,,,
socs,31,0.999,0.0088,,,,,,,,,,,False,,,,,,,,,
socs,32,0.9995,0.003,,,,,,,,,,,False,,,,,,,,,
socs,33,0.9816,0.0679,,,,,,,,,,,False,,,,,,,,,
socs,34,0.918,0.1126,,,,,,,,,,,False,46,P,,,,,,,
socs,35,0.6972,0.24,,,,,,,,,,,False,47,A,,,,,,,
socs,36,0.999,0.0017,,,,,,,,,,,False,,,,,,,,,
socs,37,0.9697,0.1221,,,,,,,,,,,False,,,,,,,,,
socs,38,0.6768,0.3146,,,,,,,,,,,False,48,P,,,,,,,
socs,39,0.6678,0.3303,,,,,,,,,,,False,49,A,,,,,,,
socs,40,0.6459,0.3859,,,,,,,,,,,False,50,P,,,,,,,
socs,41,0.5564,0.4881,,,,,,,,,,,False,51,G,,,,,,,
socs,42,0.3058,0.5315,,,,,,,,,,,False,52,D,,18,T,,,,
socs,43,0.3018,0.5544,,,,,,,,,,,False,53,T,,20,L,,,,
socs,44,0.3013,0.5568,,,,,,,,,,,False,54,H,,21,R,,,,
socs,45,0.2999,0.5703,,,,,,,,,,KIR,True,55,F,KIR,22,L,KIR,,,
socs,46,0.2999,0.5703,,,,,,,,,,KIR,True,56,R,KIR,23,K,KIR,,,
socs,47,0.9975,0.0334,,,,,,,,,,,False,,,,,,,,,
socs,48,0.996,0.0451,,,,,,,,,,,False,,,,,,,,,
socs,49,0.2785,0.6758,,,,,,,,,,KIR,True,57,T,KIR,24,T,KIR,,,
socs,50,0.264,0.7163,,,,,,,,,,KIR,True,58,F,KIR,25,F,KIR,,,
socs,51,0.1009,0.8406,,,,,,,,,,KIR,True,59,R,KIR,26,S,KIR,26,A,
socs,52,0.088,0.8854,,,,,,,,,,KIR,True,60,S,KIR,27,S,KIR,29,P,
socs,53,0.0825,0.8819,,,,,,,,,,KIR,True,61,H,KIR,28,K,KIR,30,S,
socs,54,0.0746,0.8868,,,,,,,,,,KIR,True,62,A,KIR,29,S,KIR,31,P,
socs,55,0.0706,0.9034,,,,,,,,,,KIR,True,63,D,KIR,30,E,KIR,32,Q,
socs,56,0.0701,0.9104,,,,,,,,,,KIR,True,64,Y,KIR,31,Y,KIR,33,A,
socs,57,0.999,0.0285,,,,,,,,,,,False,,,,,,,,,
socs,58,0.999,0.0285,,,,,,,,,,,False,,,,,,,,,
socs,59,0.999,0.0285,,,,,,,,,,,False,,,,,,,,,
socs,60,0.9995,0.0153,,,,,,,,,,,False,,,,,,,,,
socs,61,0.9995,0.0153,,,,,,,,,,,False,,,,,,,,,
socs,62,0.999,0.0245,,,,,,,,,,,False,,,,,,,,,
socs,63,0.999,0.0245,,,,,,,,,,,False,,,,,,,,,
socs,64,0.999,0.0245,,,,,,,,,,,False,,,,,,,,,
socs,65,0.999,0.0245,,,,,,,,,,,False,,,,,,,,,
socs,66,0.0681,0.9217,,,,,,,,,,KIR,True,65,R,KIR,32,Q,KIR,34,A,
socs,67,0.0661,0.9298,,,,,,,,,,KIR,True,66,R,KIR,33,L,KIR,35,R,
socs,68,0.0651,0.9306,,,,,,,,,,ESS,True,67,I,ESS,34,V,ESS,36,L,
socs,69,0.0651,0.9306,,,,,,,,,,ESS,True,68,T,ESS,35,V,ESS,37,A,
socs,70,0.0641,0.9464,,,,,,,,,,ESS,True,69,R,ESS,36,N,ESS,38,K,
socs,71,0.0636,0.9609,,,,,,,,,,ESS,True,70,A,ESS,37,A,ESS,39,A,
socs,72,0.0308,0.9726,,,,,,,,,,ESS,True,71,S,ESS,38,V,ESS,40,L,
socs,73,0.0303,0.9728,,,,,,,,,,ESS,True,72,A,ESS,39,R,ESS,41,R,
socs,74,0.0298,0.9729,,,,,,,,,,ESS,True,73,L,ESS,40,K,ESS,42,E,
socs,75,0.0298,0.9844,,,,,,,,,,ESS,True,74,L,ESS,41,L,ESS,43,L,
socs,76,0.0288,0.9854,,,,,,,,,,ESS,True,75,D,ESS,42,Q,ESS,44,G,
socs,77,0.0278,0.9886,,,,,,,,,,ESS,True,76,A,ESS,43,E,ESS,45,Q,
socs,78,0.9985,0.041,,,,,,,,,,,False,,,,,,,,,
socs,79,0.9985,0.041,,,,,,,,,,,False,,,,,,,,,
socs,80,0.999,0.0269,,,,,,,,,,,False,,,,,,,,,
socs,81,0.9995,0.014,,,,,,,,,,,False,,,,,,,,,
socs,82,0.9995,0.014,,,,,,,,,,,False,,,,,,,,,
socs,83,0.9995,0.014,,,,,,,,,,,False,,,,,,,,,
socs,84,0.9985,0.041,,,,,,,,,,,False,,,,,,,,,
socs,85,0.999,0.0281,,,,,,,,,,,False,,,,,,,,,
socs,86,0.999,0.0281,,,,,,,,,,,False,,,,,,,,,
socs,87,0.999,0.0281,,,,,,,,,,,False,,,,,,,,,
socs,88,0.999,0.0281,,,,,,,,,,,False,,,,,,,,,
socs,89,0.999,0.0281,,,,,,,,,,,False,,,,,,,,,
socs,90,0.999,0.0281,,,,,,,,,,,False,,,,,,,,,
socs,91,0.9995,0.014,,,,,,,,,,,False,,,,,,,,,
socs,92,0.999,0.0281,,,,,,,,,,,False,,,,,,,,,
socs,93,0.999,0.0281,,,,,,,,,,,False,,,,,,,,,
socs,94,0.999,0.0281,,,,,,,,,,,False,,,,,,,,,
socs,95,0.999,0.0281,,,,,,,,,,,False,,,,,,,,,
socs,96,0.9985,0.041,,,,,,,,,,,False,,,,,,,,,
socs,97,0.0298,0.9897,,,,,,,,,,ESS,True,77,C,ESS,44,S,ESS,46,T,
socs,98,0.9995,0.0027,,,,,,,,,,,False,,,,,,,,,
socs,99,0.999,0.0053,,,,,,,,,,,False,,,,,,,,,
socs,100,0.0164,0.9937,,,,,,,,,,ESS,True,78,G,ESS,45,G,ESS,47,G,
socs,101,0.0134,0.9947,,,,,,,,,,SH2,True,79,F,SH2,46,F,SH2,48,W,SH2
socs,102,0.0134,0.9947,,,,,,,,,,SH2,True,80,Y,SH2,47,Y,SH2,49,Y,SH2
socs,103,0.0129,0.9959,,,,,,,,,,SH2,True,81,W,SH2,48,W,SH2,50,W,SH2
socs,104,0.0129,0.9959,,,,,,,,,,SH2,True,82,G,SH2,49,S,SH2,51,G,SH2
socs,105,0.0124,0.9962,,,,,,,,,,SH2,True,83,P,SH2,50,A,SH2,52,S,SH2
socs,106,0.005,0.9984,,,,,,,,,,SH2,True,84,L,SH2,51,V,SH2,53,M,SH2
socs,107,0.005,0.9984,,,,,,,,,,SH2,True,85,S,SH2,52,T,SH2,54,T,SH2
socs,108,0.005,0.9984,,,,,,,,,,SH2,True,86,V,SH2,53,G,SH2,55,V,SH2
socs,109,0.005,0.9984,,,,,,,,,,SH2,True,87,H,SH2,54,G,SH2,56,N,SH2
socs,110,0.005,0.9984,,,,,,,,,,SH2,True,88,G,SH2,55,E,SH2,57,E,SH2
socs,111,0.005,0.9984,,,,,,,,,,SH2,True,89,A,SH2,56,A,SH2,58,A,SH2
socs,112,0.005,0.9984,,,,,,,,,,SH2,True,90,H,SH2,57,N,SH2,59,K,SH2
socs,113,0.004,0.9988,,,,,,,,,,SH2,True,91,E,SH2,58,L,SH2,60,E,SH2
socs,114,0.004,0.9988,,,,,,,,,,SH2,True,92,R,SH2,59,L,SH2,61,K,SH2
socs,115,0.004,0.9991,,,,,,,,,,SH2,True,93,L,SH2,60,L,SH2,62,L,SH2
socs,116,0.0035,0.9994,,,,,,,,,,SH2,True,94,R,SH2,61,S,SH2,63,K,SH2
socs,117,0.0035,0.9994,,,,,,,,,,SH2,True,95,A,SH2,62,A,SH2,64,E,SH2
socs,118,0.0035,0.9994,,,,,,,,,,SH2,True,96,E,SH2,63,E,SH2,65,A,SH2
socs,119,0.004,0.9969,,,,,,,,,,SH2,True,97,P,SH2,64,P,SH2,66,P,SH2
socs,120,0.004,0.9969,,,,,,,,,,SH2,True,98,V,SH2,65,A,SH2,67,E,SH2
socs,121,0.004,0.9969,,,,,,,,,,SH2,True,99,G,SH2,66,G,SH2,68,G,SH2
socs,122,0.001,0.9972,,,,,,,,,,SH2,True,100,T,SH2,67,T,SH2,69,T,SH2
socs,123,0.0015,0.997,,,,,,,,,,SH2,True,101,F,SH2,68,F,SH2,70,F,SH2
socs,124,0.0015,0.997,,,,,,,,,,SH2,True,102,L,SH2,69,L,SH2,71,L,SH2
socs,125,0.0015,0.997,,,,,,,,,,SH2,True,103,V,SH2,70,I,SH2,72,I,SH2
socs,126,0.0015,0.997,,,,,,,,,,SH2,True,104,R,SH2,71,R,SH2,73,R,SH2
socs,127,0.0005,0.9998,,,,,,,,,,SH2,True,105,D,SH2,72,D,SH2,74,D,SH2
socs,128,0.0005,0.9998,,,,,,,,,,SH2,True,106,S,SH2,73,S,SH2,75,S,SH2
socs,129,0.0005,0.9998,,,,,,,,,,SH2,True,107,R,SH2,74,S,SH2,76,S,SH2
socs,130,0.0005,0.9998,,,,,,,,,,SH2,True,108,Q,SH2,75,D,SH2,77,H,SH2
socs,131,0.001,0.9992,,,,,,,,,,SH2,True,109,R,SH2,76,Q,SH2,78,S,SH2
socs,132,0.0,1.0,,,,,,,,,,SH2,True,110,N,SH2,77,R,SH2,79,D,SH2
socs,133,0.0,1.0,,,,,,,,,,SH2,True,111,C,SH2,78,H,SH2,80,Y,SH2
socs,134,0.0,1.0,,,,,,,,,,SH2,True,112,F,SH2,79,F,SH2,81,L,SH2
socs,135,0.0,1.0,,,,,,,,,,SH2,True,113,F,SH2,80,F,SH2,82,L,SH2
socs,136,0.0,1.0,,,,,,,,,,SH2,True,114,A,SH2,81,T,SH2,83,T,SH2
socs,137,0.0,1.0,,,,,,,,,,SH2,True,115,L,SH2,82,L,SH2,84,I,SH2
socs,138,0.0,1.0,,,,,,,,,,SH2,True,116,S,SH2,83,S,SH2,85,S,SH2
socs,139,0.0,1.0,,,,,,,,,,SH2,True,117,V,SH2,84,V,SH2,86,V,SH2
socs,140,0.0,1.0,,,,,,,,,,SH2,True,118,K,SH2,85,K,SH2,87,K,SH2
socs,141,0.0,1.0,,,,,,,,,,SH2,True,119,M,SH2,86,T,SH2,88,T,SH2
socs,142,0.0,1.0,,,,,,,,,,SH2,True,120,A,SH2,87,Q,SH2,89,S,SH2
socs,143,0.0,1.0,,,,,,,,,,SH2,True,121,S,SH2,88,S,SH2,90,A,SH2
socs,144,0.0,1.0,,,,,,,,,,SH2,True,122,G,SH2,89,G,SH2,91,G,SH2
socs,145,0.0,1.0,,,,,,,,,,SH2,True,123,P,SH2,90,T,SH2,92,P,SH2
socs,146,0.0,1.0,,,,,,,,,,SH2,True,124,T,SH2,91,K,SH2,93,T,SH2
socs,147,0.0,1.0,,,,,,,,,,SH2,True,125,S,SH2,92,N,SH2,94,N,SH2
socs,148,0.0005,0.9988,,,,,,,,,,SH2,True,126,I,SH2,93,L,SH2,95,L,SH2
socs,149,0.0005,0.9988,,,,,,,,,,SH2,True,127,R,SH2,94,R,SH2,96,R,SH2
socs,150,0.0005,0.9988,,,,,,,,,,SH2,True,128,V,SH2,95,I,SH2,97,I,SH2
socs,151,0.0005,0.9988,,,,,,,,,,SH2,True,129,H,SH2,96,Q,SH2,98,E,SH2
socs,152,0.001,0.9988,,,,,,,,,,SH2,True,130,F,SH2,97,C,SH2,99,Y,SH2
socs,153,0.001,0.9988,,,,,,,,,,SH2,True,131,Q,SH2,98,E,SH2,100,Q,SH2
socs,154,0.001,0.9988,,,,,,,,,,SH2,True,132,A,SH2,99,G,SH2,101,D,SH2
socs,155,0.002,0.9831,,,,,,,,,,SH2,True,133,G,SH2,100,G,SH2,102,G,SH2
socs,156,0.0015,0.9964,,,,,,,,,,SH2,True,134,R,SH2,101,S,SH2,103,K,SH2
socs,157,0.0015,0.9964,,,,,,,,,,SH2,True,135,F,SH2,102,F,SH2,104,F,SH2
socs,158,0.0015,0.9964,,,,,,,,,,SH2,True,136,H,SH2,103,S,SH2,105,R,SH2
socs,159,0.0015,0.9964,,,,,,,,,,SH2,True,137,L,SH2,104,L,SH2,106,L,SH2
socs,160,0.001,0.9988,,,,,,,,,,SH2,True,138,D,SH2,105,Q,SH2,107,D,SH2
socs,161,0.001,0.9988,,,,,,,,,,SH2,True,139,G,SH2,106,S,SH2,108,S,SH2
socs,162,0.2864,0.5735,,,,,,,,,,SH2,True,140,S,SH2,107,D,SH2,,,
socs,163,0.2829,0.5914,,,,,,,,,,SH2,True,141,R,SH2,108,P,SH2,,,
socs,164,0.2815,0.6044,,,,,,,,,,SH2,True,142,E,SH2,109,R,SH2,,,
socs,165,0.2815,0.6044,,,,,,,,,,SH2,True,143,S,SH2,110,S,SH2,,,
socs,166,0.002,0.9977,,,,,,,,,,SH2,True,144,F,SH2,117,F,SH2,119,F,SH2
socs,167,0.002,0.9977,,,,,,,,,,SH2,True,145,D,SH2,118,D,SH2,120,D,SH2
socs,168,0.002,0.9977,,,,,,,,,,SH2,True,146,C,SH2,119,C,SH2,121,S,SH2
socs,169,0.002,0.9977,,,,,,,,,,SH2,True,147,L,SH2,120,V,SH2,122,V,SH2
socs,170,0.002,0.9977,,,,,,,,,,SH2,True,148,F,SH2,121,L,SH2,123,V,SH2
socs,171,0.002,0.9977,,,,,,,,,,SH2,True,149,E,SH2,122,K,SH2,124,H,SH2
socs,172,0.002,0.9977,,,,,,,,,,SH2,True,150,L,SH2,123,L,SH2,125,L,SH2
socs,173,0.0025,0.9961,,,,,,,,,,SH2,True,151,L,SH2,124,V,SH2,126,I,SH2
socs,174,0.002,0.9977,,,,,,,,,,SH2,True,152,E,SH2,125,H,SH2,127,D,SH2
socs,175,0.002,0.9977,,,,,,,,,,SH2,True,153,H,SH2,126,H,SH2,128,Y,SH2
socs,176,0.002,0.9977,,,,,,,,,,SH2,True,154,Y,SH2,127,Y,SH2,129,Y,SH2
socs,177,0.0025,0.9957,,,,,,,,,,SH2,True,155,V,SH2,128,M,SH2,130,V,SH2
socs,178,0.0075,0.993,,,,,,,,,,SH2,True,156,A,SH2,130,P,SH2,133,C,SH2
socs,179,0.2675,0.8432,,,,,,,,,,SH2,True,157,A,SH2,131,P,SH2,134,K,SH2
socs,180,0.0905,0.6411,,,,,,,,,,SH2,True,158,P,SH2,148,P,,143,P,SH2
socs,181,0.2616,0.7167,,,,,,,,,,SH2,True,159,R,SH2,162,R,,,,
socs,182,0.0522,0.9312,,,,,,,,,,SH2,True,160,R,SH2,163,R,,144,R,SH2
socs,183,0.007,0.9676,,,,,,,,,,SH2;SOCS_box,True,161,M,SOCS_box,164,A,,145,N,SH2
socs,184,0.001,0.9933,,,,,,,,,,SOCS_box,True,162,L,SOCS_box,178,L,SOCS_box,152,L,SOCS_box
socs,185,0.001,0.9933,,,,,,,,,,SOCS_box,True,163,G,SOCS_box,179,S,SOCS_box,153,T,SOCS_box
socs,186,0.001,0.9933,,,,,,,,,,SOCS_box,True,164,A,SOCS_box,180,R,SOCS_box,154,K,SOCS_box
socs,187,0.001,0.9933,,,,,,,,,,SOCS_box,True,165,P,SOCS_box,181,P,SOCS_box,155,P,SOCS_box
socs,188,0.001,0.9933,,,,,,,,,,SOCS_box,True,166,L,SOCS_box,182,L,SOCS_box,156,L,SOCS_box
socs,189,0.001,0.9933,,,,,,,,,,SOCS_box,True,167,R,SOCS_box,183,S,SOCS_box,157,Y,SOCS_box
socs,190,0.0015,0.993,,,,,,,,,,SOCS_box,True,168,Q,SOCS_box,184,S,SOCS_box,158,T,SOCS_box
socs,191,0.6479,0.3582,,,,,,,,,,SOCS_box,True,169,R,SOCS_box,,,,,,
socs,192,0.0005,0.9995,,,,,,,,,,SOCS_box,True,170,R,SOCS_box,185,N,SOCS_box,159,S,SOCS_box
socs,193,0.999,0.017,,,,,,,,,,,False,,,,,,,,,
socs,194,0.0368,0.9306,,,,,,,,,,SOCS_box,True,171,V,SOCS_box,186,V,SOCS_box,160,A,SOCS_box
socs,195,0.0005,0.9995,,,,,,,,,,SOCS_box,True,172,R,SOCS_box,187,A,SOCS_box,161,P,SOCS_box
socs,196,0.0005,0.9995,,,,,,,,,,SOCS_box,True,173,P,SOCS_box,188,T,SOCS_box,162,S,SOCS_box
socs,197,0.0005,0.9995,,,,,,,,,,SOCS_box,True,174,L,SOCS_box,189,L,SOCS_box,163,L,SOCS_box
socs,198,0.0005,0.9995,,,,,,,,,,SOCS_box,True,175,Q,SOCS_box,190,Q,SOCS_box,164,Q,SOCS_box
socs,199,0.0005,0.9995,,,,,,,,,,SOCS_box,True,176,E,SOCS_box,191,H,SOCS_box,165,H,SOCS_box
socs,200,0.0,1.0,,,,,,,,,,SOCS_box,True,177,L,SOCS_box,192,L,SOCS_box,166,L,SOCS_box
socs,201,0.0,1.0,,,,,,,,,,SOCS_box,True,178,C,SOCS_box,193,C,SOCS_box,167,C,SOCS_box
socs,202,0.0,1.0,,,,,,,,,,SOCS_box,True,179,R,SOCS_box,194,R,SOCS_box,168,R,SOCS_box
socs,203,0.0,1.0,,,,,,,,,,SOCS_box,True,180,Q,SOCS_box,195,K,SOCS_box,169,L,SOCS_box
socs,204,0.0,1.0,,,,,,,,,,SOCS_box,True,181,R,SOCS_box,196,T,SOCS_box,170,T,SOCS_box
socs,205,0.0,1.0,,,,,,,,,,SOCS_box,True,182,I,SOCS_box,197,V,SOCS_box,171,I,SOCS_box
socs,206,0.0,1.0,,,,,,,,,,SOCS_box,True,183,V,SOCS_box,198,N,SOCS_box,172,N,SOCS_box
socs,207,0.3506,0.8437,,,,,,,,,,SOCS_box,True,184,A,SOCS_box,,,,173,K,SOCS_box
socs,208,0.3511,0.8404,,,,,,,,,,SOCS_box,True,185,T,SOCS_box,,,,174,C,SOCS_box
socs,209,0.364,0.8006,,,,,,,,,,SOCS_box,True,186,V,SOCS_box,,,,175,T,SOCS_box
socs,210,0.63,0.4619,,,,,,,,,,SOCS_box,True,187,G,SOCS_box,,,,,,
socs,211,0.635,0.4447,,,,,,,,,,SOCS_box,True,188,R,SOCS_box,,,,,,
socs,212,0.6335,0.4364,,,,,,,,,,SOCS_box,True,189,E,SOCS_box,,,,,,
socs,213,0.0179,0.9427,,,,,,,,,,SOCS_box,True,190,N,SOCS_box,200,H,SOCS_box,177,A,SOCS_box
socs,214,0.0269,0.9316,,,,,,,,,,SOCS_box,True,191,L,SOCS_box,201,L,SOCS_box,178,I,SOCS_box
socs,215,0.0244,0.9369,,,,,,,,,,SOCS_box,True,192,A,SOCS_box,202,D,SOCS_box,179,W,SOCS_box
socs,216,0.0015,0.9929,,,,,,,,,,SOCS_box,True,193,R,SOCS_box,206,K,SOCS_box,180,G,SOCS_box
socs,217,0.0,1.0,,,,,,,,,,SOCS_box,True,194,I,SOCS_box,207,V,SOCS_box,181,L,SOCS_box
socs,218,0.0,1.0,,,,,,,,,,SOCS_box,True,195,P,SOCS_box,208,T,SOCS_box,182,P,SOCS_box
socs,219,0.0085,0.9712,,,,,,,,,,SOCS_box,True,196,L,SOCS_box,210,L,SOCS_box,183,L,SOCS_box
socs,220,0.0,1.0,,,,,,,,,,SOCS_box,True,197,N,SOCS_box,211,P,SOCS_box,184,P,SOCS_box
socs,221,0.0,1.0,,,,,,,,,,SOCS_box,True,198,P,SOCS_box,212,G,SOCS_box,185,T,SOCS_box
socs,222,0.0,1.0,,,,,,,,,,SOCS_box,True,199,V,SOCS_box,213,P,SOCS_box,186,R,SOCS_box
socs,223,0.0,1.0,,,,,,,,,,SOCS_box,True,200,L,SOCS_box,214,I,SOCS_box,187,L,SOCS_box
socs,224,0.0,1.0,,,,,,,,,,SOCS_box,True,201,R,SOCS_box,215,R,SOCS_box,188,K,SOCS_box
socs,225,0.0,1.0,,,,,,,,,,SOCS_box,True,202,D,SOCS_box,216,E,SOCS_box,189,D,SOCS_box
socs,226,0.0,1.0,,,,,,,,,,SOCS_box,True,203,Y,SOCS_box,217,F,SOCS_box,190,Y,SOCS_box
socs,227,0.0,1.0,,,,,,,,,,SOCS_box,True,204,L,SOCS_box,218,L,SOCS_box,191,L,SOCS_box
socs,228,0.001,0.9887,,,,,,,,,,SOCS_box,True,205,S,SOCS_box,219,D,SOCS_box,192,E,SOCS_box
socs,229,0.002,0.9754,,,,,,,,,,SOCS_box,True,206,S,SOCS_box,220,Q,SOCS_box,193,E,SOCS_box
socs,230,0.002,0.982,,,,,,,,,,SOCS_box,True,207,F,SOCS_box,221,Y,SOCS_box,194,Y,SOCS_box
socs,231,0.0025,0.9845,,,,,,,,,,SOCS_box,True,208,P,SOCS_box,224,P,SOCS_box,195,K,SOCS_box
socs,232,0.3506,0.8445,,,,,,,,,,SOCS_box,True,209,F,SOCS_box,,,,196,F,SOCS_box
socs,233,0.3511,0.8443,,,,,,,,,,SOCS_box,True,210,Q,SOCS_box,,,,197,Q,SOCS_box
socs,234,0.092,0.8685,,,,,,,,,,,False,211,I,,225,L,,,,
