pmid,doi,first_author,year,journal,title,pmc,role_in_design
10064597,10.1093/emboj/18.5.1309,Yasukawa,1999,The EMBO journal,The JAK-binding protein JAB inhibits Janus tyrosine kinase activity through binding in the activation loop.,PMC1171221,Primary definition of the SOCS1 KIR and extended SH2 subdomain (ESS); I68/L75
16905102,10.1016/j.str.2006.06.011,Bergamin,2006,"Structure (London, England : 1993)",Structural basis for phosphotyrosine recognition by suppressor of cytokine signaling-3.,,SOCS3 SH2 phosphotyrosine recognition; SH2 pocket definition
18057019,10.1093/bioinformatics/btm604,Dunn,2007,"Bioinformatics (Oxford, England)",Mutual information without the influence of phylogeny or entropy dramatically improves residue contact prediction.,,Average product correction (APC) and entropy correction for covariation scores
18029016,10.1016/j.molimm.2007.09.015,Jin,2007,Molecular immunology,Global identification and comparative analysis of SOCS genes in fish: insights into the molecular evolution of SOCS family.,,SOCS gene family in fish; teleost paralogue expansion supporting the depth lever
19116270,10.1073/pnas.0805923106,Weigt,2008,Proceedings of the National Academy of Sciences of the United States of America,Identification of direct residue contacts in protein-protein interaction by message passing.,PMC2629192,Foundational inter-protein DCA; message-passing DCA on two-component signalling
22342841,10.1016/j.immuni.2011.12.015,Babon,2012,Immunity,Suppression of cytokine signaling by SOCS3: characterization of the mode of inhibition and the basis of its specificity.,PMC3299805,SOCS3 mode of inhibition; non-competitive kinetics underpinning the interface definition
23454976,10.1038/nsmb.2519,Kershaw,2013,Nature structural & molecular biology,SOCS3 binds specific receptor-JAK complexes to control cytokine signaling by direct kinase inhibition.,PMC3618588,SOCS3-JAK2-IL6Rbeta structure (PDB 4GL9); phospho-independent non-canonical JAK surface; structural ground truth
24418198,10.1016/j.smim.2013.12.004,Babon,2014,Seminars in immunology,Inhibition of IL-6 family cytokines by SOCS3.,PMC3970923,SOCS3 inhibition of IL-6 family cytokines; receptor specificity context
25255213,10.7554/eLife.03430,Hopf,2014,eLife,Sequence co-evolution gives 3D contacts and structures of protein complexes.,PMC4360534,"EVcomplex; inter-protein coupling scoring and normalisation, blinded benchmark on 76 complexes"
24842992,10.7554/eLife.02030,Ovchinnikov,2014,eLife,Robust and accurate prediction of residue-residue interactions across protein interfaces using evolutionary information.,PMC4034769,"Depth criterion adopted here: N_eff > mean(L1,L2) for reliable inter-protein couplings"
25064567,10.1093/bioinformatics/btu500,Seemayer,2014,"Bioinformatics (Oxford, England)",CCMpred--fast and precise prediction of protein residue-residue contacts from correlated mutations.,PMC4201158,CCMpred; pseudolikelihood DCA implementation and regularisation conventions
27729520,10.1073/pnas.1607570113,Gueudré,2016,Proceedings of the National Academy of Sciences of the United States of America,Simultaneous identification of specifically interacting paralogs and interprotein contacts by direct coupling analysis.,PMC5087065,Iterative Pairing Algorithm (IPA); simultaneous paralogue matching and inter-protein contacts
30422978,10.1371/journal.pcbi.1006401,Bitbol,2018,PLoS computational biology,Inferring interaction partners from protein sequences using mutual information.,PMC6258550,Mutual-information partner inference; MI competitive with DCA for partner ID; signal not confined to contacts
29674694,10.1038/s41467-018-04013-1,Liau,2018,Nature communications,The molecular basis of JAK/STAT inhibition by SOCS1.,PMC5908791,SOCS1-JAK1 structure (PDB 6C7Y); KIR occupies the JAK substrate-binding groove; structural ground truth
27802931,10.1093/bib/bbw106,Wuyun,2018,Briefings in bioinformatics,A large-scale comparative assessment of methods for residue-residue contact prediction.,,Large-scale benchmark of residue-residue contact prediction methods
31846779,10.1016/j.fsi.2019.12.035,Chu,2019,Fish & shellfish immunology,The evolution and function characterization of suppressor of cytokine signaling 1b (SOCS1b) in miiuy croaker.,,SOCS1b in teleost; evidence for socs1a/socs1b duplicate copies
30304492,10.1093/bioinformatics/bty862,Hopf,2019,"Bioinformatics (Oxford, England)",The EVcouplings Python framework for coevolutionary sequence analysis.,PMC6499242,"EVcouplings framework; pipeline conventions for alignment, filtering and scoring"
31609984,10.1371/journal.pcbi.1007179,Marmier,2019,PLoS computational biology,Phylogenetic correlations can suffice to infer protein partners from sequences.,PMC6812855,Phylogenetic correlations alone produce DCA partner signal without contacts; primary confound this design controls
31029927,10.1016/j.sbi.2019.03.024,Morcos,2019,Current opinion in structural biology,"The role of coevolutionary signatures in protein interaction dynamics, complex inference, molecular recognition, and mutational landscapes.",,Review of coevolutionary signatures in complex inference; scope and limits
31157353,10.1039/c9cp02257k,Wei,2019,Physical chemistry chemical physics : PCCP,Atomistic insight into the inhibition mechanisms of suppressors of cytokine signaling on Janus kinase.,,Atomistic simulation of SOCS inhibition of JAK; corroborating interface description
33035205,10.1371/journal.pcbi.1007621,Muscat,2020,PLoS computational biology,FilterDCA: Interpretable supervised contact prediction using inter-domain coevolution.,PMC7577475,FilterDCA; structure-informed denoising of low-depth inter-domain coevolution
33654096,10.1038/s41467-021-21636-z,Green,2021,Nature communications,Large-scale discovery of protein interactions at residue resolution using co-evolution calculated from genomic sequences.,PMC7925567,EVcomplex2; probabilistic inter-protein score and alignment concatenation at scale
36273003,10.1038/s41467-022-34032-y,Lupo,2022,Nature communications,Protein language models trained on multiple sequence alignments learn phylogenetic relationships.,PMC9588007,MSA-trained protein language models learn phylogenetic relationships; caution on PLM independence
35443129,10.1021/acs.jpcb.1c10733,Sk,2022,The journal of physical chemistry. B,Phosphorylation-Induced Conformational Dynamics and Inhibition of Janus Kinase 1 by Suppressors of Cytokine Signaling 1.,,Phosphorylation-dependent JAK1 conformational dynamics with SOCS; interface context
38718835,10.1038/s41586-024-07487-w,Abramson,2024,Nature,Accurate structure prediction of biomolecular interactions with AlphaFold 3.,PMC11168924,AlphaFold 3; structure-based alternative and its evidence-class limitation here
38913900,10.1073/pnas.2311887121,Lupo,2024,Proceedings of the National Academy of Sciences of the United States of America,Pairing interacting protein sequences using masked language modeling.,PMC11228504,DiffPALM; MSA-Transformer paralogue pairing effective on shallow alignments
39735311,10.1021/acscentsci.4c01428,Mazzocato,2024,ACS central science,Combination of Coevolutionary Information and Supervised Learning Enables Generation of Cyclic Peptide Inhibitors with Enhanced Potency from a Small Data Set.,PMC11672547,Coevolution plus supervised learning for cyclic peptide inhibitor design; downstream application precedent
38849106,10.1016/j.fsi.2024.109669,Xue,2024,Fish & shellfish immunology,Genome-wide identification and characterization of large yellow croaker (Larimichthys crocea) suppressors of cytokine signaling (SOCS) in immune response to Pseudomonas plecoglossicida infection and acute hypoxia stress.,,SOCS family in large yellow croaker; teleost duplication breadth
40402276,10.1007/s11033-025-10601-4,Ma,2025,Molecular biology reports,Genome-wide identification of socs gene in rainbow trout (Oncorhynchus mykiss) and response to microplastic exposure.,,Genome-wide socs genes in rainbow trout; salmonid duplicate copies
41993459,10.64898/2026.04.02.716188,Fontenla-Iglesias,2026,bioRxiv : the preprint server for biology,Ancient IL-6-STAT5 signaling orchestrates inflammation in jawless vertebrates.,PMC13081863,IL-6-STAT signalling in jawless vertebrates; justifies the cyclostome tier of the taxonomic ladder
41807423,10.1038/s41467-026-70457-5,Liu,2026,Nature communications,A paired sequence language model for protein-protein interaction modeling.,PMC13103355,Paired-sequence protein language model for PPI and inter-protein contacts
42046978,10.1039/d6cp00092d,Zhai,2026,Physical chemistry chemical physics : PCCP,Investigating the molecular mechanism of selective inhibition of JAK1/TYK2 by SOCS1/SOCS3 using molecular dynamics simulations.,,MD/MM-GBSA of six JAK/SOCS complexes; source of the pre-declared KIR Y/QR/FF and JAK GQM motif hypotheses
