protein,accession,canonical_residue,column,feature,feature_type
JAK1,P23458,875,15,JH1,Protein kinase 2
JAK1,P23458,876,16,JH1,Protein kinase 2
JAK1,P23458,877,17,JH1,Protein kinase 2
JAK1,P23458,878,18,JH1,Protein kinase 2
JAK1,P23458,879,19,JH1,Protein kinase 2
JAK1,P23458,880,20,JH1,Protein kinase 2
JAK1,P23458,881,21,JH1,Protein kinase 2
JAK1,P23458,882,22,JH1,Protein kinase 2
JAK1,P23458,883,23,JH1,Protein kinase 2
JAK1,P23458,884,28,JH1,Protein kinase 2
JAK1,P23458,885,29,JH1,Protein kinase 2
JAK1,P23458,886,30,JH1,Protein kinase 2
JAK1,P23458,887,31,JH1,Protein kinase 2
JAK1,P23458,888,32,JH1,Protein kinase 2
JAK1,P23458,889,33,JH1,Protein kinase 2
JAK1,P23458,890,34,JH1,Protein kinase 2
JAK1,P23458,891,35,JH1,Protein kinase 2
JAK1,P23458,892,36,JH1,Protein kinase 2
JAK1,P23458,893,37,JH1,Protein kinase 2
JAK1,P23458,894,38,JH1,Protein kinase 2
JAK1,P23458,895,39,JH1,Protein kinase 2
JAK1,P23458,896,40,JH1,Protein kinase 2
JAK1,P23458,897,41,JH1,Protein kinase 2
JAK1,P23458,898,42,JH1,Protein kinase 2
JAK1,P23458,899,43,JH1,Protein kinase 2
JAK1,P23458,900,44,JH1,Protein kinase 2
JAK1,P23458,901,45,JH1,Protein kinase 2
JAK1,P23458,902,46,JH1,Protein kinase 2
JAK1,P23458,903,47,JH1,Protein kinase 2
JAK1,P23458,904,48,JH1,Protein kinase 2
JAK1,P23458,905,49,JH1,Protein kinase 2
JAK1,P23458,906,50,JH1,Protein kinase 2
JAK1,P23458,907,51,JH1,Protein kinase 2
JAK1,P23458,908,52,JH1,Protein kinase 2
JAK1,P23458,909,53,JH1,Protein kinase 2
JAK1,P23458,910,54,JH1,Protein kinase 2
JAK1,P23458,911,55,JH1,Protein kinase 2
JAK1,P23458,912,56,JH1,Protein kinase 2
JAK1,P23458,913,57,JH1,Protein kinase 2
JAK1,P23458,915,58,JH1,Protein kinase 2
JAK1,P23458,916,59,JH1,Protein kinase 2
JAK1,P23458,917,60,JH1,Protein kinase 2
JAK1,P23458,918,61,JH1,Protein kinase 2
JAK1,P23458,919,62,JH1,Protein kinase 2
JAK1,P23458,920,63,JH1,Protein kinase 2
JAK1,P23458,921,64,JH1,Protein kinase 2
JAK1,P23458,922,65,JH1,Protein kinase 2
JAK1,P23458,923,66,JH1,Protein kinase 2
JAK1,P23458,924,67,JH1,Protein kinase 2
JAK1,P23458,925,68,JH1,Protein kinase 2
JAK1,P23458,926,69,JH1,Protein kinase 2
JAK1,P23458,927,70,JH1,Protein kinase 2
JAK1,P23458,928,71,JH1,Protein kinase 2
JAK1,P23458,929,72,JH1,Protein kinase 2
JAK1,P23458,930,73,JH1,Protein kinase 2
JAK1,P23458,931,74,JH1,Protein kinase 2
JAK1,P23458,932,75,JH1,Protein kinase 2
JAK1,P23458,933,76,JH1,Protein kinase 2
JAK1,P23458,934,77,JH1,Protein kinase 2
JAK1,P23458,935,78,JH1,Protein kinase 2
JAK1,P23458,936,79,JH1,Protein kinase 2
JAK1,P23458,937,80,JH1,Protein kinase 2
JAK1,P23458,938,81,JH1,Protein kinase 2
JAK1,P23458,939,82,JH1,Protein kinase 2
JAK1,P23458,940,83,JH1,Protein kinase 2
JAK1,P23458,941,84,JH1,Protein kinase 2
JAK1,P23458,942,85,JH1,Protein kinase 2
JAK1,P23458,943,86,JH1,Protein kinase 2
JAK1,P23458,944,87,JH1,Protein kinase 2
JAK1,P23458,945,88,JH1,Protein kinase 2
JAK1,P23458,946,89,JH1,Protein kinase 2
JAK1,P23458,947,90,JH1,Protein kinase 2
JAK1,P23458,948,91,JH1,Protein kinase 2
JAK1,P23458,949,92,JH1,Protein kinase 2
JAK1,P23458,950,93,JH1,Protein kinase 2
JAK1,P23458,951,94,JH1,Protein kinase 2
JAK1,P23458,952,95,JH1,Protein kinase 2
JAK1,P23458,953,96,JH1,Protein kinase 2
JAK1,P23458,954,97,JH1,Protein kinase 2
JAK1,P23458,955,98,JH1,Protein kinase 2
JAK1,P23458,956,99,JH1,Protein kinase 2
JAK1,P23458,957,100,JH1,Protein kinase 2
JAK1,P23458,958,101,JH1,Protein kinase 2
JAK1,P23458,959,102,JH1,Protein kinase 2
JAK1,P23458,960,103,JH1,Protein kinase 2
JAK1,P23458,961,104,JH1,Protein kinase 2
JAK1,P23458,962,105,JH1,Protein kinase 2
JAK1,P23458,963,106,JH1,Protein kinase 2
JAK1,P23458,964,107,JH1,Protein kinase 2
JAK1,P23458,965,108,JH1,Protein kinase 2
JAK1,P23458,966,109,JH1,Protein kinase 2
JAK1,P23458,967,110,JH1,Protein kinase 2
JAK1,P23458,968,111,JH1,Protein kinase 2
JAK1,P23458,969,112,JH1,Protein kinase 2
JAK1,P23458,970,113,JH1,Protein kinase 2
JAK1,P23458,971,114,JH1,Protein kinase 2
JAK1,P23458,972,115,JH1,Protein kinase 2
JAK1,P23458,973,116,JH1,Protein kinase 2
JAK1,P23458,974,117,JH1,Protein kinase 2
JAK1,P23458,975,118,JH1,Protein kinase 2
JAK1,P23458,976,119,JH1,Protein kinase 2
JAK1,P23458,977,120,JH1,Protein kinase 2
JAK1,P23458,978,121,JH1,Protein kinase 2
JAK1,P23458,979,122,JH1,Protein kinase 2
JAK1,P23458,980,123,JH1,Protein kinase 2
JAK1,P23458,981,124,JH1,Protein kinase 2
JAK1,P23458,982,125,JH1,Protein kinase 2
JAK1,P23458,983,126,JH1,Protein kinase 2
JAK1,P23458,984,127,JH1,Protein kinase 2
JAK1,P23458,985,128,JH1,Protein kinase 2
JAK1,P23458,986,129,JH1,Protein kinase 2
JAK1,P23458,987,130,JH1,Protein kinase 2
JAK1,P23458,988,131,JH1,Protein kinase 2
JAK1,P23458,989,132,JH1,Protein kinase 2
JAK1,P23458,990,133,JH1,Protein kinase 2
JAK1,P23458,991,134,JH1,Protein kinase 2
JAK1,P23458,992,135,JH1,Protein kinase 2
JAK1,P23458,993,136,JH1,Protein kinase 2
JAK1,P23458,994,137,JH1,Protein kinase 2
JAK1,P23458,995,138,JH1,Protein kinase 2
JAK1,P23458,996,139,JH1,Protein kinase 2
JAK1,P23458,997,140,JH1,Protein kinase 2
JAK1,P23458,998,141,JH1,Protein kinase 2
JAK1,P23458,999,142,JH1,Protein kinase 2
JAK1,P23458,1000,143,JH1,Protein kinase 2
JAK1,P23458,1001,144,JH1,Protein kinase 2
JAK1,P23458,1002,145,JH1,Protein kinase 2
JAK1,P23458,1003,146,JH1,Protein kinase 2
JAK1,P23458,1004,147,JH1,Protein kinase 2
JAK1,P23458,1005,148,JH1,Protein kinase 2
JAK1,P23458,1006,149,JH1,Protein kinase 2
JAK1,P23458,1007,150,JH1,Protein kinase 2
JAK1,P23458,1008,151,JH1,Protein kinase 2
JAK1,P23458,1009,152,JH1,Protein kinase 2
JAK1,P23458,1010,153,JH1,Protein kinase 2
JAK1,P23458,1011,154,JH1,Protein kinase 2
JAK1,P23458,1012,155,JH1,Protein kinase 2
JAK1,P23458,1013,156,JH1,Protein kinase 2
JAK1,P23458,1014,157,JH1,Protein kinase 2
JAK1,P23458,1015,158,JH1,Protein kinase 2
JAK1,P23458,1016,159,JH1,Protein kinase 2
JAK1,P23458,1017,160,JH1,Protein kinase 2
JAK1,P23458,1018,161,JH1,Protein kinase 2
JAK1,P23458,1019,162,JH1,Protein kinase 2
JAK1,P23458,1020,163,JH1,Protein kinase 2
JAK1,P23458,1021,164,JH1,Protein kinase 2
JAK1,P23458,1022,165,JH1,Protein kinase 2
JAK1,P23458,1023,166,JH1,Protein kinase 2
JAK1,P23458,1024,167,JH1,Protein kinase 2
JAK1,P23458,1025,168,JH1,Protein kinase 2
JAK1,P23458,1026,169,JH1,Protein kinase 2
JAK1,P23458,1027,170,JH1,Protein kinase 2
JAK1,P23458,1028,171,JH1,Protein kinase 2
JAK1,P23458,1029,172,JH1,Protein kinase 2
JAK1,P23458,1030,173,JH1,Protein kinase 2
JAK1,P23458,1031,174,JH1,Protein kinase 2
JAK1,P23458,1032,175,JH1,Protein kinase 2
JAK1,P23458,1033,176,JH1,Protein kinase 2
JAK1,P23458,1034,177,JH1,Protein kinase 2
JAK1,P23458,1035,178,JH1,Protein kinase 2
JAK1,P23458,1036,179,JH1,Protein kinase 2
JAK1,P23458,1037,180,JH1,Protein kinase 2
JAK1,P23458,1038,181,JH1,Protein kinase 2
JAK1,P23458,1039,182,JH1,Protein kinase 2
JAK1,P23458,1040,183,JH1,Protein kinase 2
JAK1,P23458,1041,184,JH1,Protein kinase 2
JAK1,P23458,1042,185,JH1,Protein kinase 2
JAK1,P23458,1043,186,JH1,Protein kinase 2
JAK1,P23458,1044,187,JH1,Protein kinase 2
JAK1,P23458,1045,188,JH1,Protein kinase 2
JAK1,P23458,1046,189,JH1,Protein kinase 2
JAK1,P23458,1047,190,JH1,Protein kinase 2
JAK1,P23458,1048,191,JH1,Protein kinase 2
JAK1,P23458,1049,192,JH1,Protein kinase 2
JAK1,P23458,1050,193,JH1,Protein kinase 2
JAK1,P23458,1051,194,JH1,Protein kinase 2
JAK1,P23458,1052,195,JH1,Protein kinase 2
JAK1,P23458,1053,196,JH1,Protein kinase 2
JAK1,P23458,1054,197,JH1,Protein kinase 2
JAK1,P23458,1055,198,JH1,Protein kinase 2
JAK1,P23458,1056,199,JH1,Protein kinase 2
JAK1,P23458,1057,200,JH1,Protein kinase 2
JAK1,P23458,1058,201,JH1,Protein kinase 2
JAK1,P23458,1059,202,JH1,Protein kinase 2
JAK1,P23458,1060,203,JH1,Protein kinase 2
JAK1,P23458,1061,204,JH1,Protein kinase 2
JAK1,P23458,1062,205,JH1,Protein kinase 2
JAK1,P23458,1063,206,JH1,Protein kinase 2
JAK1,P23458,1064,207,JH1,Protein kinase 2
JAK1,P23458,1065,208,JH1,Protein kinase 2
JAK1,P23458,1066,209,JH1,Protein kinase 2
JAK1,P23458,1067,210,JH1,Protein kinase 2
JAK1,P23458,1068,218,JH1,Protein kinase 2
JAK1,P23458,1069,219,JH1,Protein kinase 2
JAK1,P23458,1070,220,JH1,Protein kinase 2
JAK1,P23458,1071,221,JH1,Protein kinase 2
JAK1,P23458,1072,222,JH1,Protein kinase 2
JAK1,P23458,1073,223,JH1,Protein kinase 2
JAK1,P23458,1074,224,JH1,Protein kinase 2
JAK1,P23458,1075,225,JH1,Protein kinase 2
JAK1,P23458,1076,226,JH1,Protein kinase 2
JAK1,P23458,1077,227,JH1,Protein kinase 2
JAK1,P23458,1078,228,JH1,Protein kinase 2
JAK1,P23458,1079,229,JH1,Protein kinase 2
JAK1,P23458,1080,230,JH1,Protein kinase 2
JAK1,P23458,1081,231,JH1,Protein kinase 2
JAK1,P23458,1082,232,JH1,Protein kinase 2
JAK1,P23458,1083,233,JH1,Protein kinase 2
JAK1,P23458,1084,234,JH1,Protein kinase 2
JAK1,P23458,1085,235,JH1,Protein kinase 2
JAK1,P23458,1086,236,JH1,Protein kinase 2
JAK1,P23458,1087,237,JH1,Protein kinase 2
JAK1,P23458,1088,238,JH1,Protein kinase 2
JAK1,P23458,1089,239,JH1,Protein kinase 2
JAK1,P23458,1090,240,JH1,Protein kinase 2
JAK1,P23458,1091,241,JH1,Protein kinase 2
JAK1,P23458,1092,242,JH1,Protein kinase 2
JAK1,P23458,1093,243,JH1,Protein kinase 2
JAK1,P23458,1094,244,JH1,Protein kinase 2
JAK1,P23458,1095,246,JH1,Protein kinase 2
JAK1,P23458,1096,247,JH1,Protein kinase 2
JAK1,P23458,1097,248,JH1,Protein kinase 2
JAK1,P23458,1098,249,JH1,Protein kinase 2
JAK1,P23458,1099,250,JH1,Protein kinase 2
JAK1,P23458,1100,251,JH1,Protein kinase 2
JAK1,P23458,1101,252,JH1,Protein kinase 2
JAK1,P23458,1102,253,JH1,Protein kinase 2
JAK1,P23458,1103,254,JH1,Protein kinase 2
JAK1,P23458,1104,255,JH1,Protein kinase 2
JAK1,P23458,1105,256,JH1,Protein kinase 2
JAK1,P23458,1106,257,JH1,Protein kinase 2
JAK1,P23458,1107,258,JH1,Protein kinase 2
JAK1,P23458,1108,259,JH1,Protein kinase 2
JAK1,P23458,1109,260,JH1,Protein kinase 2
JAK1,P23458,1110,261,JH1,Protein kinase 2
JAK1,P23458,1111,262,JH1,Protein kinase 2
JAK1,P23458,1112,263,JH1,Protein kinase 2
JAK1,P23458,1113,264,JH1,Protein kinase 2
JAK1,P23458,1114,265,JH1,Protein kinase 2
JAK1,P23458,1115,266,JH1,Protein kinase 2
JAK1,P23458,1116,267,JH1,Protein kinase 2
JAK1,P23458,1117,268,JH1,Protein kinase 2
JAK1,P23458,1118,269,JH1,Protein kinase 2
JAK1,P23458,1119,270,JH1,Protein kinase 2
JAK1,P23458,1120,271,JH1,Protein kinase 2
JAK1,P23458,1121,272,JH1,Protein kinase 2
JAK1,P23458,1122,273,JH1,Protein kinase 2
JAK1,P23458,1123,274,JH1,Protein kinase 2
JAK1,P23458,1124,275,JH1,Protein kinase 2
JAK1,P23458,1125,276,JH1,Protein kinase 2
JAK1,P23458,1126,277,JH1,Protein kinase 2
JAK1,P23458,1127,278,JH1,Protein kinase 2
JAK1,P23458,1128,279,JH1,Protein kinase 2
JAK1,P23458,1129,280,JH1,Protein kinase 2
JAK1,P23458,1130,283,JH1,Protein kinase 2
JAK1,P23458,1131,284,JH1,Protein kinase 2
JAK1,P23458,1132,285,JH1,Protein kinase 2
JAK1,P23458,1133,290,JH1,Protein kinase 2
JAK1,P23458,1134,291,JH1,Protein kinase 2
JAK1,P23458,1135,292,JH1,Protein kinase 2
JAK1,P23458,1136,293,JH1,Protein kinase 2
JAK1,P23458,1137,294,JH1,Protein kinase 2
JAK1,P23458,1138,295,JH1,Protein kinase 2
JAK1,P23458,1139,296,JH1,Protein kinase 2
JAK1,P23458,1140,297,JH1,Protein kinase 2
JAK1,P23458,1141,298,JH1,Protein kinase 2
JAK1,P23458,1142,299,JH1,Protein kinase 2
JAK1,P23458,1143,300,JH1,Protein kinase 2
JAK1,P23458,1144,301,JH1,Protein kinase 2
JAK1,P23458,1145,302,JH1,Protein kinase 2
JAK1,P23458,1146,303,JH1,Protein kinase 2
JAK1,P23458,1147,304,JH1,Protein kinase 2
JAK1,P23458,1148,305,JH1,Protein kinase 2
JAK1,P23458,1149,306,JH1,Protein kinase 2
JAK1,P23458,1150,307,JH1,Protein kinase 2
JAK1,P23458,1151,308,JH1,Protein kinase 2
JAK1,P23458,1152,309,JH1,Protein kinase 2
JAK2,O60674,849,15,JH1,Protein kinase 2
JAK2,O60674,850,16,JH1,Protein kinase 2
JAK2,O60674,851,17,JH1,Protein kinase 2
JAK2,O60674,852,18,JH1,Protein kinase 2
JAK2,O60674,853,19,JH1,Protein kinase 2
JAK2,O60674,854,20,JH1,Protein kinase 2
JAK2,O60674,855,21,JH1,Protein kinase 2
JAK2,O60674,856,22,JH1,Protein kinase 2
JAK2,O60674,857,23,JH1,Protein kinase 2
JAK2,O60674,858,28,JH1,Protein kinase 2
JAK2,O60674,859,29,JH1,Protein kinase 2
JAK2,O60674,860,30,JH1,Protein kinase 2
JAK2,O60674,861,31,JH1,Protein kinase 2
JAK2,O60674,862,32,JH1,Protein kinase 2
JAK2,O60674,863,33,JH1,Protein kinase 2
JAK2,O60674,864,34,JH1,Protein kinase 2
JAK2,O60674,865,35,JH1,Protein kinase 2
JAK2,O60674,866,36,JH1,Protein kinase 2
JAK2,O60674,867,37,JH1,Protein kinase 2
JAK2,O60674,868,38,JH1,Protein kinase 2
JAK2,O60674,869,39,JH1,Protein kinase 2
JAK2,O60674,870,40,JH1,Protein kinase 2
JAK2,O60674,871,41,JH1,Protein kinase 2
JAK2,O60674,872,42,JH1,Protein kinase 2
JAK2,O60674,873,43,JH1,Protein kinase 2
JAK2,O60674,874,44,JH1,Protein kinase 2
JAK2,O60674,875,45,JH1,Protein kinase 2
JAK2,O60674,876,46,JH1,Protein kinase 2
JAK2,O60674,877,47,JH1,Protein kinase 2
JAK2,O60674,878,48,JH1,Protein kinase 2
JAK2,O60674,879,49,JH1,Protein kinase 2
JAK2,O60674,880,50,JH1,Protein kinase 2
JAK2,O60674,881,51,JH1,Protein kinase 2
JAK2,O60674,882,52,JH1,Protein kinase 2
JAK2,O60674,883,53,JH1,Protein kinase 2
JAK2,O60674,884,54,JH1,Protein kinase 2
JAK2,O60674,885,55,JH1,Protein kinase 2
JAK2,O60674,886,56,JH1,Protein kinase 2
JAK2,O60674,887,57,JH1,Protein kinase 2
JAK2,O60674,888,58,JH1,Protein kinase 2
JAK2,O60674,889,59,JH1,Protein kinase 2
JAK2,O60674,890,60,JH1,Protein kinase 2
JAK2,O60674,891,61,JH1,Protein kinase 2
JAK2,O60674,892,62,JH1,Protein kinase 2
JAK2,O60674,893,63,JH1,Protein kinase 2
JAK2,O60674,894,64,JH1,Protein kinase 2
JAK2,O60674,895,65,JH1,Protein kinase 2
JAK2,O60674,896,66,JH1,Protein kinase 2
JAK2,O60674,897,67,JH1,Protein kinase 2
JAK2,O60674,898,68,JH1,Protein kinase 2
JAK2,O60674,899,69,JH1,Protein kinase 2
JAK2,O60674,900,70,JH1,Protein kinase 2
JAK2,O60674,901,71,JH1,Protein kinase 2
JAK2,O60674,902,72,JH1,Protein kinase 2
JAK2,O60674,903,73,JH1,Protein kinase 2
JAK2,O60674,904,74,JH1,Protein kinase 2
JAK2,O60674,905,75,JH1,Protein kinase 2
JAK2,O60674,906,76,JH1,Protein kinase 2
JAK2,O60674,907,77,JH1,Protein kinase 2
JAK2,O60674,908,78,JH1,Protein kinase 2
JAK2,O60674,909,79,JH1,Protein kinase 2
JAK2,O60674,910,80,JH1,Protein kinase 2
JAK2,O60674,911,81,JH1,Protein kinase 2
JAK2,O60674,912,82,JH1,Protein kinase 2
JAK2,O60674,913,83,JH1,Protein kinase 2
JAK2,O60674,914,84,JH1,Protein kinase 2
JAK2,O60674,915,85,JH1,Protein kinase 2
JAK2,O60674,916,86,JH1,Protein kinase 2
JAK2,O60674,917,87,JH1,Protein kinase 2
JAK2,O60674,918,88,JH1,Protein kinase 2
JAK2,O60674,919,89,JH1,Protein kinase 2
JAK2,O60674,920,90,JH1,Protein kinase 2
JAK2,O60674,921,91,JH1,Protein kinase 2
JAK2,O60674,922,92,JH1,Protein kinase 2
JAK2,O60674,923,93,JH1,Protein kinase 2
JAK2,O60674,924,94,JH1,Protein kinase 2
JAK2,O60674,925,95,JH1,Protein kinase 2
JAK2,O60674,926,96,JH1,Protein kinase 2
JAK2,O60674,927,97,JH1,Protein kinase 2
JAK2,O60674,928,98,JH1,Protein kinase 2
JAK2,O60674,929,99,JH1,Protein kinase 2
JAK2,O60674,930,100,JH1,Protein kinase 2
JAK2,O60674,931,101,JH1,Protein kinase 2
JAK2,O60674,932,102,JH1,Protein kinase 2
JAK2,O60674,933,103,JH1,Protein kinase 2
JAK2,O60674,934,104,JH1,Protein kinase 2
JAK2,O60674,935,105,JH1,Protein kinase 2
JAK2,O60674,936,106,JH1,Protein kinase 2
JAK2,O60674,937,107,JH1,Protein kinase 2
JAK2,O60674,938,108,JH1,Protein kinase 2
JAK2,O60674,939,109,JH1,Protein kinase 2
JAK2,O60674,940,110,JH1,Protein kinase 2
JAK2,O60674,941,111,JH1,Protein kinase 2
JAK2,O60674,942,112,JH1,Protein kinase 2
JAK2,O60674,943,113,JH1,Protein kinase 2
JAK2,O60674,944,114,JH1,Protein kinase 2
JAK2,O60674,945,115,JH1,Protein kinase 2
JAK2,O60674,946,116,JH1,Protein kinase 2
JAK2,O60674,947,117,JH1,Protein kinase 2
JAK2,O60674,948,118,JH1,Protein kinase 2
JAK2,O60674,949,119,JH1,Protein kinase 2
JAK2,O60674,950,120,JH1,Protein kinase 2
JAK2,O60674,951,121,JH1,Protein kinase 2
JAK2,O60674,952,122,JH1,Protein kinase 2
JAK2,O60674,953,123,JH1,Protein kinase 2
JAK2,O60674,954,124,JH1,Protein kinase 2
JAK2,O60674,955,125,JH1,Protein kinase 2
JAK2,O60674,956,126,JH1,Protein kinase 2
JAK2,O60674,957,127,JH1,Protein kinase 2
JAK2,O60674,958,128,JH1,Protein kinase 2
JAK2,O60674,959,129,JH1,Protein kinase 2
JAK2,O60674,960,130,JH1,Protein kinase 2
JAK2,O60674,961,131,JH1,Protein kinase 2
JAK2,O60674,962,132,JH1,Protein kinase 2
JAK2,O60674,963,133,JH1,Protein kinase 2
JAK2,O60674,964,134,JH1,Protein kinase 2
JAK2,O60674,965,135,JH1,Protein kinase 2
JAK2,O60674,966,136,JH1,Protein kinase 2
JAK2,O60674,967,137,JH1,Protein kinase 2
JAK2,O60674,968,138,JH1,Protein kinase 2
JAK2,O60674,969,139,JH1,Protein kinase 2
JAK2,O60674,970,140,JH1,Protein kinase 2
JAK2,O60674,971,141,JH1,Protein kinase 2
JAK2,O60674,972,142,JH1,Protein kinase 2
JAK2,O60674,973,143,JH1,Protein kinase 2
JAK2,O60674,974,144,JH1,Protein kinase 2
JAK2,O60674,975,145,JH1,Protein kinase 2
JAK2,O60674,976,146,JH1,Protein kinase 2
JAK2,O60674,977,147,JH1,Protein kinase 2
JAK2,O60674,978,148,JH1,Protein kinase 2
JAK2,O60674,979,149,JH1,Protein kinase 2
JAK2,O60674,980,150,JH1,Protein kinase 2
JAK2,O60674,981,151,JH1,Protein kinase 2
JAK2,O60674,982,152,JH1,Protein kinase 2
JAK2,O60674,983,153,JH1,Protein kinase 2
JAK2,O60674,984,154,JH1,Protein kinase 2
JAK2,O60674,985,155,JH1,Protein kinase 2
JAK2,O60674,986,156,JH1,Protein kinase 2
JAK2,O60674,987,157,JH1,Protein kinase 2
JAK2,O60674,988,158,JH1,Protein kinase 2
JAK2,O60674,989,159,JH1,Protein kinase 2
JAK2,O60674,990,160,JH1,Protein kinase 2
JAK2,O60674,991,161,JH1,Protein kinase 2
JAK2,O60674,992,162,JH1,Protein kinase 2
JAK2,O60674,993,163,JH1,Protein kinase 2
JAK2,O60674,994,164,JH1,Protein kinase 2
JAK2,O60674,995,165,JH1,Protein kinase 2
JAK2,O60674,996,166,JH1,Protein kinase 2
JAK2,O60674,997,167,JH1,Protein kinase 2
JAK2,O60674,998,168,JH1,Protein kinase 2
JAK2,O60674,999,169,JH1,Protein kinase 2
JAK2,O60674,1000,170,JH1,Protein kinase 2
JAK2,O60674,1001,171,JH1,Protein kinase 2
JAK2,O60674,1002,172,JH1,Protein kinase 2
JAK2,O60674,1003,173,JH1,Protein kinase 2
JAK2,O60674,1004,174,JH1,Protein kinase 2
JAK2,O60674,1005,175,JH1,Protein kinase 2
JAK2,O60674,1006,176,JH1,Protein kinase 2
JAK2,O60674,1007,177,JH1,Protein kinase 2
JAK2,O60674,1008,178,JH1,Protein kinase 2
JAK2,O60674,1009,179,JH1,Protein kinase 2
JAK2,O60674,1010,180,JH1,Protein kinase 2
JAK2,O60674,1011,181,JH1,Protein kinase 2
JAK2,O60674,1012,182,JH1,Protein kinase 2
JAK2,O60674,1013,183,JH1,Protein kinase 2
JAK2,O60674,1014,184,JH1,Protein kinase 2
JAK2,O60674,1015,185,JH1,Protein kinase 2
JAK2,O60674,1016,186,JH1,Protein kinase 2
JAK2,O60674,1017,187,JH1,Protein kinase 2
JAK2,O60674,1018,188,JH1,Protein kinase 2
JAK2,O60674,1019,189,JH1,Protein kinase 2
JAK2,O60674,1020,190,JH1,Protein kinase 2
JAK2,O60674,1021,191,JH1,Protein kinase 2
JAK2,O60674,1022,192,JH1,Protein kinase 2
JAK2,O60674,1023,193,JH1,Protein kinase 2
JAK2,O60674,1024,194,JH1,Protein kinase 2
JAK2,O60674,1025,195,JH1,Protein kinase 2
JAK2,O60674,1026,196,JH1,Protein kinase 2
JAK2,O60674,1027,197,JH1,Protein kinase 2
JAK2,O60674,1028,198,JH1,Protein kinase 2
JAK2,O60674,1029,199,JH1,Protein kinase 2
JAK2,O60674,1030,200,JH1,Protein kinase 2
JAK2,O60674,1031,201,JH1,Protein kinase 2
JAK2,O60674,1032,202,JH1,Protein kinase 2
JAK2,O60674,1033,203,JH1,Protein kinase 2
JAK2,O60674,1034,204,JH1,Protein kinase 2
JAK2,O60674,1035,205,JH1,Protein kinase 2
JAK2,O60674,1036,206,JH1,Protein kinase 2
JAK2,O60674,1037,207,JH1,Protein kinase 2
JAK2,O60674,1038,208,JH1,Protein kinase 2
JAK2,O60674,1039,209,JH1,Protein kinase 2
JAK2,O60674,1040,210,JH1,Protein kinase 2
JAK2,O60674,1041,218,JH1,Protein kinase 2
JAK2,O60674,1042,219,JH1,Protein kinase 2
JAK2,O60674,1043,220,JH1,Protein kinase 2
JAK2,O60674,1044,221,JH1,Protein kinase 2
JAK2,O60674,1045,222,JH1,Protein kinase 2
JAK2,O60674,1046,223,JH1,Protein kinase 2
JAK2,O60674,1047,224,JH1,Protein kinase 2
JAK2,O60674,1048,225,JH1,Protein kinase 2
JAK2,O60674,1049,226,JH1,Protein kinase 2
JAK2,O60674,1050,227,JH1,Protein kinase 2
JAK2,O60674,1051,228,JH1,Protein kinase 2
JAK2,O60674,1052,229,JH1,Protein kinase 2
JAK2,O60674,1053,230,JH1,Protein kinase 2
JAK2,O60674,1054,231,JH1,Protein kinase 2
JAK2,O60674,1055,232,JH1,Protein kinase 2
JAK2,O60674,1056,233,JH1,Protein kinase 2
JAK2,O60674,1057,234,JH1,Protein kinase 2
JAK2,O60674,1058,235,JH1,Protein kinase 2
JAK2,O60674,1059,236,JH1,Protein kinase 2
JAK2,O60674,1060,237,JH1,Protein kinase 2
JAK2,O60674,1061,238,JH1,Protein kinase 2
JAK2,O60674,1062,239,JH1,Protein kinase 2
JAK2,O60674,1063,240,JH1,Protein kinase 2
JAK2,O60674,1064,241,JH1,Protein kinase 2
JAK2,O60674,1065,242,JH1,Protein kinase 2
JAK2,O60674,1066,243,JH1,Protein kinase 2
JAK2,O60674,1067,244,JH1,Protein kinase 2
JAK2,O60674,1068,245,JH1,Protein kinase 2
JAK2,O60674,1069,246,JH1,Protein kinase 2
JAK2,O60674,1070,247,JH1,Protein kinase 2
JAK2,O60674,1071,248,JH1,Protein kinase 2
JAK2,O60674,1072,249,JH1,Protein kinase 2
JAK2,O60674,1073,250,JH1,Protein kinase 2
JAK2,O60674,1074,251,JH1,Protein kinase 2
JAK2,O60674,1075,252,JH1,Protein kinase 2
JAK2,O60674,1076,253,JH1,Protein kinase 2
JAK2,O60674,1077,254,JH1,Protein kinase 2
JAK2,O60674,1078,255,JH1,Protein kinase 2
JAK2,O60674,1079,256,JH1,Protein kinase 2
JAK2,O60674,1080,257,JH1,Protein kinase 2
JAK2,O60674,1081,258,JH1,Protein kinase 2
JAK2,O60674,1082,259,JH1,Protein kinase 2
JAK2,O60674,1083,260,JH1,Protein kinase 2
JAK2,O60674,1084,261,JH1,Protein kinase 2
JAK2,O60674,1085,262,JH1,Protein kinase 2
JAK2,O60674,1086,263,JH1,Protein kinase 2
JAK2,O60674,1087,264,JH1,Protein kinase 2
JAK2,O60674,1088,265,JH1,Protein kinase 2
JAK2,O60674,1089,266,JH1,Protein kinase 2
JAK2,O60674,1090,267,JH1,Protein kinase 2
JAK2,O60674,1091,268,JH1,Protein kinase 2
JAK2,O60674,1092,269,JH1,Protein kinase 2
JAK2,O60674,1093,270,JH1,Protein kinase 2
JAK2,O60674,1094,271,JH1,Protein kinase 2
JAK2,O60674,1095,272,JH1,Protein kinase 2
JAK2,O60674,1096,273,JH1,Protein kinase 2
JAK2,O60674,1097,274,JH1,Protein kinase 2
JAK2,O60674,1098,275,JH1,Protein kinase 2
JAK2,O60674,1099,276,JH1,Protein kinase 2
JAK2,O60674,1100,277,JH1,Protein kinase 2
JAK2,O60674,1101,278,JH1,Protein kinase 2
JAK2,O60674,1102,279,JH1,Protein kinase 2
JAK2,O60674,1103,280,JH1,Protein kinase 2
JAK2,O60674,1104,283,JH1,Protein kinase 2
JAK2,O60674,1105,284,JH1,Protein kinase 2
JAK2,O60674,1106,285,JH1,Protein kinase 2
JAK2,O60674,1107,290,JH1,Protein kinase 2
JAK2,O60674,1108,291,JH1,Protein kinase 2
JAK2,O60674,1109,292,JH1,Protein kinase 2
JAK2,O60674,1110,293,JH1,Protein kinase 2
JAK2,O60674,1111,294,JH1,Protein kinase 2
JAK2,O60674,1112,295,JH1,Protein kinase 2
JAK2,O60674,1113,296,JH1,Protein kinase 2
JAK2,O60674,1114,297,JH1,Protein kinase 2
JAK2,O60674,1115,298,JH1,Protein kinase 2
JAK2,O60674,1116,299,JH1,Protein kinase 2
JAK2,O60674,1117,300,JH1,Protein kinase 2
JAK2,O60674,1118,301,JH1,Protein kinase 2
JAK2,O60674,1119,302,JH1,Protein kinase 2
JAK2,O60674,1120,303,JH1,Protein kinase 2
JAK2,O60674,1121,304,JH1,Protein kinase 2
JAK2,O60674,1122,305,JH1,Protein kinase 2
JAK2,O60674,1123,306,JH1,Protein kinase 2
JAK2,O60674,1124,307,JH1,Protein kinase 2
TYK2,P29597,897,15,JH1,Protein kinase 2
TYK2,P29597,898,16,JH1,Protein kinase 2
TYK2,P29597,899,17,JH1,Protein kinase 2
TYK2,P29597,900,18,JH1,Protein kinase 2
TYK2,P29597,901,19,JH1,Protein kinase 2
TYK2,P29597,902,20,JH1,Protein kinase 2
TYK2,P29597,903,21,JH1,Protein kinase 2
TYK2,P29597,904,22,JH1,Protein kinase 2
TYK2,P29597,905,23,JH1,Protein kinase 2
TYK2,P29597,906,28,JH1,Protein kinase 2
TYK2,P29597,907,29,JH1,Protein kinase 2
TYK2,P29597,908,30,JH1,Protein kinase 2
TYK2,P29597,909,31,JH1,Protein kinase 2
TYK2,P29597,910,32,JH1,Protein kinase 2
TYK2,P29597,911,33,JH1,Protein kinase 2
TYK2,P29597,912,34,JH1,Protein kinase 2
TYK2,P29597,913,35,JH1,Protein kinase 2
TYK2,P29597,914,36,JH1,Protein kinase 2
TYK2,P29597,915,37,JH1,Protein kinase 2
TYK2,P29597,916,38,JH1,Protein kinase 2
TYK2,P29597,917,39,JH1,Protein kinase 2
TYK2,P29597,918,40,JH1,Protein kinase 2
TYK2,P29597,919,41,JH1,Protein kinase 2
TYK2,P29597,920,42,JH1,Protein kinase 2
TYK2,P29597,921,43,JH1,Protein kinase 2
TYK2,P29597,922,44,JH1,Protein kinase 2
TYK2,P29597,923,45,JH1,Protein kinase 2
TYK2,P29597,924,46,JH1,Protein kinase 2
TYK2,P29597,925,47,JH1,Protein kinase 2
TYK2,P29597,926,48,JH1,Protein kinase 2
TYK2,P29597,927,49,JH1,Protein kinase 2
TYK2,P29597,928,50,JH1,Protein kinase 2
TYK2,P29597,929,51,JH1,Protein kinase 2
TYK2,P29597,930,52,JH1,Protein kinase 2
TYK2,P29597,931,53,JH1,Protein kinase 2
TYK2,P29597,932,54,JH1,Protein kinase 2
TYK2,P29597,933,55,JH1,Protein kinase 2
TYK2,P29597,934,56,JH1,Protein kinase 2
TYK2,P29597,935,57,JH1,Protein kinase 2
TYK2,P29597,936,58,JH1,Protein kinase 2
TYK2,P29597,937,59,JH1,Protein kinase 2
TYK2,P29597,938,60,JH1,Protein kinase 2
TYK2,P29597,939,61,JH1,Protein kinase 2
TYK2,P29597,940,62,JH1,Protein kinase 2
TYK2,P29597,941,63,JH1,Protein kinase 2
TYK2,P29597,942,64,JH1,Protein kinase 2
TYK2,P29597,944,65,JH1,Protein kinase 2
TYK2,P29597,945,66,JH1,Protein kinase 2
TYK2,P29597,946,67,JH1,Protein kinase 2
TYK2,P29597,947,68,JH1,Protein kinase 2
TYK2,P29597,948,69,JH1,Protein kinase 2
TYK2,P29597,949,70,JH1,Protein kinase 2
TYK2,P29597,950,71,JH1,Protein kinase 2
TYK2,P29597,951,72,JH1,Protein kinase 2
TYK2,P29597,952,73,JH1,Protein kinase 2
TYK2,P29597,953,74,JH1,Protein kinase 2
TYK2,P29597,954,75,JH1,Protein kinase 2
TYK2,P29597,955,76,JH1,Protein kinase 2
TYK2,P29597,956,77,JH1,Protein kinase 2
TYK2,P29597,957,78,JH1,Protein kinase 2
TYK2,P29597,958,79,JH1,Protein kinase 2
TYK2,P29597,959,80,JH1,Protein kinase 2
TYK2,P29597,960,81,JH1,Protein kinase 2
TYK2,P29597,961,82,JH1,Protein kinase 2
TYK2,P29597,962,83,JH1,Protein kinase 2
TYK2,P29597,963,84,JH1,Protein kinase 2
TYK2,P29597,964,85,JH1,Protein kinase 2
TYK2,P29597,965,86,JH1,Protein kinase 2
TYK2,P29597,966,87,JH1,Protein kinase 2
TYK2,P29597,967,88,JH1,Protein kinase 2
TYK2,P29597,968,89,JH1,Protein kinase 2
TYK2,P29597,969,90,JH1,Protein kinase 2
TYK2,P29597,970,91,JH1,Protein kinase 2
TYK2,P29597,971,92,JH1,Protein kinase 2
TYK2,P29597,972,93,JH1,Protein kinase 2
TYK2,P29597,973,94,JH1,Protein kinase 2
TYK2,P29597,974,95,JH1,Protein kinase 2
TYK2,P29597,975,96,JH1,Protein kinase 2
TYK2,P29597,976,97,JH1,Protein kinase 2
TYK2,P29597,977,98,JH1,Protein kinase 2
TYK2,P29597,978,99,JH1,Protein kinase 2
TYK2,P29597,979,100,JH1,Protein kinase 2
TYK2,P29597,980,101,JH1,Protein kinase 2
TYK2,P29597,981,102,JH1,Protein kinase 2
TYK2,P29597,982,103,JH1,Protein kinase 2
TYK2,P29597,983,104,JH1,Protein kinase 2
TYK2,P29597,984,105,JH1,Protein kinase 2
TYK2,P29597,985,106,JH1,Protein kinase 2
TYK2,P29597,986,107,JH1,Protein kinase 2
TYK2,P29597,987,108,JH1,Protein kinase 2
TYK2,P29597,988,109,JH1,Protein kinase 2
TYK2,P29597,989,110,JH1,Protein kinase 2
TYK2,P29597,990,111,JH1,Protein kinase 2
TYK2,P29597,991,112,JH1,Protein kinase 2
TYK2,P29597,992,113,JH1,Protein kinase 2
TYK2,P29597,993,114,JH1,Protein kinase 2
TYK2,P29597,994,115,JH1,Protein kinase 2
TYK2,P29597,995,118,JH1,Protein kinase 2
TYK2,P29597,996,119,JH1,Protein kinase 2
TYK2,P29597,997,120,JH1,Protein kinase 2
TYK2,P29597,998,121,JH1,Protein kinase 2
TYK2,P29597,999,122,JH1,Protein kinase 2
TYK2,P29597,1000,123,JH1,Protein kinase 2
TYK2,P29597,1001,124,JH1,Protein kinase 2
TYK2,P29597,1002,125,JH1,Protein kinase 2
TYK2,P29597,1003,126,JH1,Protein kinase 2
TYK2,P29597,1004,127,JH1,Protein kinase 2
TYK2,P29597,1005,128,JH1,Protein kinase 2
TYK2,P29597,1006,129,JH1,Protein kinase 2
TYK2,P29597,1007,130,JH1,Protein kinase 2
TYK2,P29597,1008,131,JH1,Protein kinase 2
TYK2,P29597,1009,132,JH1,Protein kinase 2
TYK2,P29597,1010,133,JH1,Protein kinase 2
TYK2,P29597,1011,134,JH1,Protein kinase 2
TYK2,P29597,1012,135,JH1,Protein kinase 2
TYK2,P29597,1013,136,JH1,Protein kinase 2
TYK2,P29597,1014,137,JH1,Protein kinase 2
TYK2,P29597,1015,138,JH1,Protein kinase 2
TYK2,P29597,1016,139,JH1,Protein kinase 2
TYK2,P29597,1017,140,JH1,Protein kinase 2
TYK2,P29597,1018,141,JH1,Protein kinase 2
TYK2,P29597,1019,142,JH1,Protein kinase 2
TYK2,P29597,1020,143,JH1,Protein kinase 2
TYK2,P29597,1021,144,JH1,Protein kinase 2
TYK2,P29597,1022,145,JH1,Protein kinase 2
TYK2,P29597,1023,146,JH1,Protein kinase 2
TYK2,P29597,1024,147,JH1,Protein kinase 2
TYK2,P29597,1025,148,JH1,Protein kinase 2
TYK2,P29597,1026,149,JH1,Protein kinase 2
TYK2,P29597,1027,150,JH1,Protein kinase 2
TYK2,P29597,1028,151,JH1,Protein kinase 2
TYK2,P29597,1029,152,JH1,Protein kinase 2
TYK2,P29597,1030,153,JH1,Protein kinase 2
TYK2,P29597,1031,154,JH1,Protein kinase 2
TYK2,P29597,1032,155,JH1,Protein kinase 2
TYK2,P29597,1033,156,JH1,Protein kinase 2
TYK2,P29597,1034,157,JH1,Protein kinase 2
TYK2,P29597,1035,158,JH1,Protein kinase 2
TYK2,P29597,1036,159,JH1,Protein kinase 2
TYK2,P29597,1037,160,JH1,Protein kinase 2
TYK2,P29597,1038,161,JH1,Protein kinase 2
TYK2,P29597,1039,162,JH1,Protein kinase 2
TYK2,P29597,1040,163,JH1,Protein kinase 2
TYK2,P29597,1041,164,JH1,Protein kinase 2
TYK2,P29597,1042,165,JH1,Protein kinase 2
TYK2,P29597,1043,166,JH1,Protein kinase 2
TYK2,P29597,1044,167,JH1,Protein kinase 2
TYK2,P29597,1045,168,JH1,Protein kinase 2
TYK2,P29597,1046,169,JH1,Protein kinase 2
TYK2,P29597,1047,170,JH1,Protein kinase 2
TYK2,P29597,1048,171,JH1,Protein kinase 2
TYK2,P29597,1049,172,JH1,Protein kinase 2
TYK2,P29597,1050,173,JH1,Protein kinase 2
TYK2,P29597,1051,174,JH1,Protein kinase 2
TYK2,P29597,1052,175,JH1,Protein kinase 2
TYK2,P29597,1053,176,JH1,Protein kinase 2
TYK2,P29597,1054,177,JH1,Protein kinase 2
TYK2,P29597,1055,178,JH1,Protein kinase 2
TYK2,P29597,1056,179,JH1,Protein kinase 2
TYK2,P29597,1057,180,JH1,Protein kinase 2
TYK2,P29597,1058,181,JH1,Protein kinase 2
TYK2,P29597,1059,182,JH1,Protein kinase 2
TYK2,P29597,1060,183,JH1,Protein kinase 2
TYK2,P29597,1061,184,JH1,Protein kinase 2
TYK2,P29597,1062,185,JH1,Protein kinase 2
TYK2,P29597,1063,186,JH1,Protein kinase 2
TYK2,P29597,1064,187,JH1,Protein kinase 2
TYK2,P29597,1065,188,JH1,Protein kinase 2
TYK2,P29597,1066,189,JH1,Protein kinase 2
TYK2,P29597,1067,190,JH1,Protein kinase 2
TYK2,P29597,1068,191,JH1,Protein kinase 2
TYK2,P29597,1069,192,JH1,Protein kinase 2
TYK2,P29597,1070,193,JH1,Protein kinase 2
TYK2,P29597,1071,194,JH1,Protein kinase 2
TYK2,P29597,1072,195,JH1,Protein kinase 2
TYK2,P29597,1073,196,JH1,Protein kinase 2
TYK2,P29597,1074,197,JH1,Protein kinase 2
TYK2,P29597,1075,198,JH1,Protein kinase 2
TYK2,P29597,1076,199,JH1,Protein kinase 2
TYK2,P29597,1077,200,JH1,Protein kinase 2
TYK2,P29597,1078,201,JH1,Protein kinase 2
TYK2,P29597,1079,202,JH1,Protein kinase 2
TYK2,P29597,1080,203,JH1,Protein kinase 2
TYK2,P29597,1081,204,JH1,Protein kinase 2
TYK2,P29597,1082,205,JH1,Protein kinase 2
TYK2,P29597,1083,206,JH1,Protein kinase 2
TYK2,P29597,1084,207,JH1,Protein kinase 2
TYK2,P29597,1085,208,JH1,Protein kinase 2
TYK2,P29597,1086,209,JH1,Protein kinase 2
TYK2,P29597,1087,210,JH1,Protein kinase 2
TYK2,P29597,1088,218,JH1,Protein kinase 2
TYK2,P29597,1089,219,JH1,Protein kinase 2
TYK2,P29597,1090,220,JH1,Protein kinase 2
TYK2,P29597,1091,221,JH1,Protein kinase 2
TYK2,P29597,1092,222,JH1,Protein kinase 2
TYK2,P29597,1093,223,JH1,Protein kinase 2
TYK2,P29597,1094,224,JH1,Protein kinase 2
TYK2,P29597,1095,225,JH1,Protein kinase 2
TYK2,P29597,1096,226,JH1,Protein kinase 2
TYK2,P29597,1097,227,JH1,Protein kinase 2
TYK2,P29597,1098,228,JH1,Protein kinase 2
TYK2,P29597,1099,229,JH1,Protein kinase 2
TYK2,P29597,1100,230,JH1,Protein kinase 2
TYK2,P29597,1101,231,JH1,Protein kinase 2
TYK2,P29597,1102,232,JH1,Protein kinase 2
TYK2,P29597,1103,233,JH1,Protein kinase 2
TYK2,P29597,1104,234,JH1,Protein kinase 2
TYK2,P29597,1105,235,JH1,Protein kinase 2
TYK2,P29597,1106,236,JH1,Protein kinase 2
TYK2,P29597,1107,237,JH1,Protein kinase 2
TYK2,P29597,1108,238,JH1,Protein kinase 2
TYK2,P29597,1109,239,JH1,Protein kinase 2
TYK2,P29597,1110,240,JH1,Protein kinase 2
TYK2,P29597,1111,241,JH1,Protein kinase 2
TYK2,P29597,1112,242,JH1,Protein kinase 2
TYK2,P29597,1113,243,JH1,Protein kinase 2
TYK2,P29597,1114,244,JH1,Protein kinase 2
TYK2,P29597,1115,246,JH1,Protein kinase 2
TYK2,P29597,1116,247,JH1,Protein kinase 2
TYK2,P29597,1117,248,JH1,Protein kinase 2
TYK2,P29597,1118,249,JH1,Protein kinase 2
TYK2,P29597,1119,250,JH1,Protein kinase 2
TYK2,P29597,1120,251,JH1,Protein kinase 2
TYK2,P29597,1121,252,JH1,Protein kinase 2
TYK2,P29597,1122,253,JH1,Protein kinase 2
TYK2,P29597,1123,254,JH1,Protein kinase 2
TYK2,P29597,1124,255,JH1,Protein kinase 2
TYK2,P29597,1125,256,JH1,Protein kinase 2
TYK2,P29597,1126,257,JH1,Protein kinase 2
TYK2,P29597,1127,258,JH1,Protein kinase 2
TYK2,P29597,1128,259,JH1,Protein kinase 2
TYK2,P29597,1129,260,JH1,Protein kinase 2
TYK2,P29597,1130,261,JH1,Protein kinase 2
TYK2,P29597,1131,262,JH1,Protein kinase 2
TYK2,P29597,1132,263,JH1,Protein kinase 2
TYK2,P29597,1133,264,JH1,Protein kinase 2
TYK2,P29597,1134,265,JH1,Protein kinase 2
TYK2,P29597,1135,266,JH1,Protein kinase 2
TYK2,P29597,1136,267,JH1,Protein kinase 2
TYK2,P29597,1137,268,JH1,Protein kinase 2
TYK2,P29597,1138,269,JH1,Protein kinase 2
TYK2,P29597,1139,270,JH1,Protein kinase 2
TYK2,P29597,1140,271,JH1,Protein kinase 2
TYK2,P29597,1141,272,JH1,Protein kinase 2
TYK2,P29597,1142,273,JH1,Protein kinase 2
TYK2,P29597,1143,274,JH1,Protein kinase 2
TYK2,P29597,1144,275,JH1,Protein kinase 2
TYK2,P29597,1145,276,JH1,Protein kinase 2
TYK2,P29597,1146,277,JH1,Protein kinase 2
TYK2,P29597,1147,278,JH1,Protein kinase 2
TYK2,P29597,1148,279,JH1,Protein kinase 2
TYK2,P29597,1149,280,JH1,Protein kinase 2
TYK2,P29597,1150,283,JH1,Protein kinase 2
TYK2,P29597,1151,284,JH1,Protein kinase 2
TYK2,P29597,1152,285,JH1,Protein kinase 2
TYK2,P29597,1153,290,JH1,Protein kinase 2
TYK2,P29597,1154,291,JH1,Protein kinase 2
TYK2,P29597,1155,292,JH1,Protein kinase 2
TYK2,P29597,1156,293,JH1,Protein kinase 2
TYK2,P29597,1157,294,JH1,Protein kinase 2
TYK2,P29597,1158,295,JH1,Protein kinase 2
TYK2,P29597,1159,296,JH1,Protein kinase 2
TYK2,P29597,1160,297,JH1,Protein kinase 2
TYK2,P29597,1161,298,JH1,Protein kinase 2
TYK2,P29597,1162,299,JH1,Protein kinase 2
TYK2,P29597,1163,300,JH1,Protein kinase 2
TYK2,P29597,1164,301,JH1,Protein kinase 2
TYK2,P29597,1165,302,JH1,Protein kinase 2
TYK2,P29597,1166,303,JH1,Protein kinase 2
TYK2,P29597,1167,304,JH1,Protein kinase 2
TYK2,P29597,1168,305,JH1,Protein kinase 2
TYK2,P29597,1169,306,JH1,Protein kinase 2
TYK2,P29597,1170,307,JH1,Protein kinase 2
TYK2,P29597,1171,308,JH1,Protein kinase 2
TYK2,P29597,1172,309,JH1,Protein kinase 2
TYK2,P29597,1173,310,JH1,Protein kinase 2
TYK2,P29597,1174,311,JH1,Protein kinase 2
TYK2,P29597,1175,312,JH1,Protein kinase 2
SOCS1,O15524,79,101,SH2,SH2
SOCS1,O15524,80,102,SH2,SH2
SOCS1,O15524,81,103,SH2,SH2
SOCS1,O15524,82,104,SH2,SH2
SOCS1,O15524,83,105,SH2,SH2
SOCS1,O15524,84,106,SH2,SH2
SOCS1,O15524,85,107,SH2,SH2
SOCS1,O15524,86,108,SH2,SH2
SOCS1,O15524,87,109,SH2,SH2
SOCS1,O15524,88,110,SH2,SH2
SOCS1,O15524,89,111,SH2,SH2
SOCS1,O15524,90,112,SH2,SH2
SOCS1,O15524,91,113,SH2,SH2
SOCS1,O15524,92,114,SH2,SH2
SOCS1,O15524,93,115,SH2,SH2
SOCS1,O15524,94,116,SH2,SH2
SOCS1,O15524,95,117,SH2,SH2
SOCS1,O15524,96,118,SH2,SH2
SOCS1,O15524,97,119,SH2,SH2
SOCS1,O15524,98,120,SH2,SH2
SOCS1,O15524,99,121,SH2,SH2
SOCS1,O15524,100,122,SH2,SH2
SOCS1,O15524,101,123,SH2,SH2
SOCS1,O15524,102,124,SH2,SH2
SOCS1,O15524,103,125,SH2,SH2
SOCS1,O15524,104,126,SH2,SH2
SOCS1,O15524,105,127,SH2,SH2
SOCS1,O15524,106,128,SH2,SH2
SOCS1,O15524,107,129,SH2,SH2
SOCS1,O15524,108,130,SH2,SH2
SOCS1,O15524,109,131,SH2,SH2
SOCS1,O15524,110,132,SH2,SH2
SOCS1,O15524,111,133,SH2,SH2
SOCS1,O15524,112,134,SH2,SH2
SOCS1,O15524,113,135,SH2,SH2
SOCS1,O15524,114,136,SH2,SH2
SOCS1,O15524,115,137,SH2,SH2
SOCS1,O15524,116,138,SH2,SH2
SOCS1,O15524,117,139,SH2,SH2
SOCS1,O15524,118,140,SH2,SH2
SOCS1,O15524,119,141,SH2,SH2
SOCS1,O15524,120,142,SH2,SH2
SOCS1,O15524,121,143,SH2,SH2
SOCS1,O15524,122,144,SH2,SH2
SOCS1,O15524,123,145,SH2,SH2
SOCS1,O15524,124,146,SH2,SH2
SOCS1,O15524,125,147,SH2,SH2
SOCS1,O15524,126,148,SH2,SH2
SOCS1,O15524,127,149,SH2,SH2
SOCS1,O15524,128,150,SH2,SH2
SOCS1,O15524,129,151,SH2,SH2
SOCS1,O15524,130,152,SH2,SH2
SOCS1,O15524,131,153,SH2,SH2
SOCS1,O15524,132,154,SH2,SH2
SOCS1,O15524,133,155,SH2,SH2
SOCS1,O15524,134,156,SH2,SH2
SOCS1,O15524,135,157,SH2,SH2
SOCS1,O15524,136,158,SH2,SH2
SOCS1,O15524,137,159,SH2,SH2
SOCS1,O15524,138,160,SH2,SH2
SOCS1,O15524,139,161,SH2,SH2
SOCS1,O15524,140,162,SH2,SH2
SOCS1,O15524,141,163,SH2,SH2
SOCS1,O15524,142,164,SH2,SH2
SOCS1,O15524,143,165,SH2,SH2
SOCS1,O15524,144,166,SH2,SH2
SOCS1,O15524,145,167,SH2,SH2
SOCS1,O15524,146,168,SH2,SH2
SOCS1,O15524,147,169,SH2,SH2
SOCS1,O15524,148,170,SH2,SH2
SOCS1,O15524,149,171,SH2,SH2
SOCS1,O15524,150,172,SH2,SH2
SOCS1,O15524,151,173,SH2,SH2
SOCS1,O15524,152,174,SH2,SH2
SOCS1,O15524,153,175,SH2,SH2
SOCS1,O15524,154,176,SH2,SH2
SOCS1,O15524,155,177,SH2,SH2
SOCS1,O15524,156,178,SH2,SH2
SOCS1,O15524,157,179,SH2,SH2
SOCS1,O15524,158,180,SH2,SH2
SOCS1,O15524,159,181,SH2,SH2
SOCS1,O15524,160,182,SH2,SH2
SOCS1,O15524,161,183,SH2,SH2
SOCS1,O15524,162,184,SH2,SH2
SOCS1,O15524,163,185,SH2,SH2
SOCS1,O15524,164,186,SH2,SH2
SOCS1,O15524,165,187,SH2,SH2
SOCS1,O15524,166,188,SH2,SH2
SOCS1,O15524,167,189,SH2,SH2
SOCS1,O15524,168,190,SH2,SH2
SOCS1,O15524,169,191,SH2,SH2
SOCS1,O15524,170,192,SH2,SH2
SOCS1,O15524,171,194,SH2,SH2
SOCS1,O15524,172,195,SH2,SH2
SOCS1,O15524,173,196,SH2,SH2
SOCS1,O15524,174,197,SH2,SH2
SOCS1,O15524,161,183,SOCS_box,SOCS box
SOCS1,O15524,162,184,SOCS_box,SOCS box
SOCS1,O15524,163,185,SOCS_box,SOCS box
SOCS1,O15524,164,186,SOCS_box,SOCS box
SOCS1,O15524,165,187,SOCS_box,SOCS box
SOCS1,O15524,166,188,SOCS_box,SOCS box
SOCS1,O15524,167,189,SOCS_box,SOCS box
SOCS1,O15524,168,190,SOCS_box,SOCS box
SOCS1,O15524,169,191,SOCS_box,SOCS box
SOCS1,O15524,170,192,SOCS_box,SOCS box
SOCS1,O15524,171,194,SOCS_box,SOCS box
SOCS1,O15524,172,195,SOCS_box,SOCS box
SOCS1,O15524,173,196,SOCS_box,SOCS box
SOCS1,O15524,174,197,SOCS_box,SOCS box
SOCS1,O15524,175,198,SOCS_box,SOCS box
SOCS1,O15524,176,199,SOCS_box,SOCS box
SOCS1,O15524,177,200,SOCS_box,SOCS box
SOCS1,O15524,178,201,SOCS_box,SOCS box
SOCS1,O15524,179,202,SOCS_box,SOCS box
SOCS1,O15524,180,203,SOCS_box,SOCS box
SOCS1,O15524,181,204,SOCS_box,SOCS box
SOCS1,O15524,182,205,SOCS_box,SOCS box
SOCS1,O15524,183,206,SOCS_box,SOCS box
SOCS1,O15524,184,207,SOCS_box,SOCS box
SOCS1,O15524,185,208,SOCS_box,SOCS box
SOCS1,O15524,186,209,SOCS_box,SOCS box
SOCS1,O15524,187,210,SOCS_box,SOCS box
SOCS1,O15524,188,211,SOCS_box,SOCS box
SOCS1,O15524,189,212,SOCS_box,SOCS box
SOCS1,O15524,190,213,SOCS_box,SOCS box
SOCS1,O15524,191,214,SOCS_box,SOCS box
SOCS1,O15524,192,215,SOCS_box,SOCS box
SOCS1,O15524,193,216,SOCS_box,SOCS box
SOCS1,O15524,194,217,SOCS_box,SOCS box
SOCS1,O15524,195,218,SOCS_box,SOCS box
SOCS1,O15524,196,219,SOCS_box,SOCS box
SOCS1,O15524,197,220,SOCS_box,SOCS box
SOCS1,O15524,198,221,SOCS_box,SOCS box
SOCS1,O15524,199,222,SOCS_box,SOCS box
SOCS1,O15524,200,223,SOCS_box,SOCS box
SOCS1,O15524,201,224,SOCS_box,SOCS box
SOCS1,O15524,202,225,SOCS_box,SOCS box
SOCS1,O15524,203,226,SOCS_box,SOCS box
SOCS1,O15524,204,227,SOCS_box,SOCS box
SOCS1,O15524,205,228,SOCS_box,SOCS box
SOCS1,O15524,206,229,SOCS_box,SOCS box
SOCS1,O15524,207,230,SOCS_box,SOCS box
SOCS1,O15524,208,231,SOCS_box,SOCS box
SOCS1,O15524,209,232,SOCS_box,SOCS box
SOCS1,O15524,210,233,SOCS_box,SOCS box
SOCS1,O15524,55,45,KIR,Kinase inhibitory region (KIR)
SOCS1,O15524,56,46,KIR,Kinase inhibitory region (KIR)
SOCS1,O15524,57,49,KIR,Kinase inhibitory region (KIR)
SOCS1,O15524,58,50,KIR,Kinase inhibitory region (KIR)
SOCS1,O15524,59,51,KIR,Kinase inhibitory region (KIR)
SOCS1,O15524,60,52,KIR,Kinase inhibitory region (KIR)
SOCS1,O15524,61,53,KIR,Kinase inhibitory region (KIR)
SOCS1,O15524,62,54,KIR,Kinase inhibitory region (KIR)
SOCS1,O15524,63,55,KIR,Kinase inhibitory region (KIR)
SOCS1,O15524,64,56,KIR,Kinase inhibitory region (KIR)
SOCS1,O15524,65,66,KIR,Kinase inhibitory region (KIR)
SOCS1,O15524,66,67,KIR,Kinase inhibitory region (KIR)
SOCS1,O15524,67,68,ESS,Extended SH2 subdomain (ESS)
SOCS1,O15524,68,69,ESS,Extended SH2 subdomain (ESS)
SOCS1,O15524,69,70,ESS,Extended SH2 subdomain (ESS)
SOCS1,O15524,70,71,ESS,Extended SH2 subdomain (ESS)
SOCS1,O15524,71,72,ESS,Extended SH2 subdomain (ESS)
SOCS1,O15524,72,73,ESS,Extended SH2 subdomain (ESS)
SOCS1,O15524,73,74,ESS,Extended SH2 subdomain (ESS)
SOCS1,O15524,74,75,ESS,Extended SH2 subdomain (ESS)
SOCS1,O15524,75,76,ESS,Extended SH2 subdomain (ESS)
SOCS1,O15524,76,77,ESS,Extended SH2 subdomain (ESS)
SOCS1,O15524,77,97,ESS,Extended SH2 subdomain (ESS)
SOCS1,O15524,78,100,ESS,Extended SH2 subdomain (ESS)
SOCS3,O14543,46,101,SH2,SH2
SOCS3,O14543,47,102,SH2,SH2
SOCS3,O14543,48,103,SH2,SH2
SOCS3,O14543,49,104,SH2,SH2
SOCS3,O14543,50,105,SH2,SH2
SOCS3,O14543,51,106,SH2,SH2
SOCS3,O14543,52,107,SH2,SH2
SOCS3,O14543,53,108,SH2,SH2
SOCS3,O14543,54,109,SH2,SH2
SOCS3,O14543,55,110,SH2,SH2
SOCS3,O14543,56,111,SH2,SH2
SOCS3,O14543,57,112,SH2,SH2
SOCS3,O14543,58,113,SH2,SH2
SOCS3,O14543,59,114,SH2,SH2
SOCS3,O14543,60,115,SH2,SH2
SOCS3,O14543,61,116,SH2,SH2
SOCS3,O14543,62,117,SH2,SH2
SOCS3,O14543,63,118,SH2,SH2
SOCS3,O14543,64,119,SH2,SH2
SOCS3,O14543,65,120,SH2,SH2
SOCS3,O14543,66,121,SH2,SH2
SOCS3,O14543,67,122,SH2,SH2
SOCS3,O14543,68,123,SH2,SH2
SOCS3,O14543,69,124,SH2,SH2
SOCS3,O14543,70,125,SH2,SH2
SOCS3,O14543,71,126,SH2,SH2
SOCS3,O14543,72,127,SH2,SH2
SOCS3,O14543,73,128,SH2,SH2
SOCS3,O14543,74,129,SH2,SH2
SOCS3,O14543,75,130,SH2,SH2
SOCS3,O14543,76,131,SH2,SH2
SOCS3,O14543,77,132,SH2,SH2
SOCS3,O14543,78,133,SH2,SH2
SOCS3,O14543,79,134,SH2,SH2
SOCS3,O14543,80,135,SH2,SH2
SOCS3,O14543,81,136,SH2,SH2
SOCS3,O14543,82,137,SH2,SH2
SOCS3,O14543,83,138,SH2,SH2
SOCS3,O14543,84,139,SH2,SH2
SOCS3,O14543,85,140,SH2,SH2
SOCS3,O14543,86,141,SH2,SH2
SOCS3,O14543,87,142,SH2,SH2
SOCS3,O14543,88,143,SH2,SH2
SOCS3,O14543,89,144,SH2,SH2
SOCS3,O14543,90,145,SH2,SH2
SOCS3,O14543,91,146,SH2,SH2
SOCS3,O14543,92,147,SH2,SH2
SOCS3,O14543,93,148,SH2,SH2
SOCS3,O14543,94,149,SH2,SH2
SOCS3,O14543,95,150,SH2,SH2
SOCS3,O14543,96,151,SH2,SH2
SOCS3,O14543,97,152,SH2,SH2
SOCS3,O14543,98,153,SH2,SH2
SOCS3,O14543,99,154,SH2,SH2
SOCS3,O14543,100,155,SH2,SH2
SOCS3,O14543,101,156,SH2,SH2
SOCS3,O14543,102,157,SH2,SH2
SOCS3,O14543,103,158,SH2,SH2
SOCS3,O14543,104,159,SH2,SH2
SOCS3,O14543,105,160,SH2,SH2
SOCS3,O14543,106,161,SH2,SH2
SOCS3,O14543,107,162,SH2,SH2
SOCS3,O14543,108,163,SH2,SH2
SOCS3,O14543,109,164,SH2,SH2
SOCS3,O14543,110,165,SH2,SH2
SOCS3,O14543,117,166,SH2,SH2
SOCS3,O14543,118,167,SH2,SH2
SOCS3,O14543,119,168,SH2,SH2
SOCS3,O14543,120,169,SH2,SH2
SOCS3,O14543,121,170,SH2,SH2
SOCS3,O14543,122,171,SH2,SH2
SOCS3,O14543,123,172,SH2,SH2
SOCS3,O14543,124,173,SH2,SH2
SOCS3,O14543,125,174,SH2,SH2
SOCS3,O14543,126,175,SH2,SH2
SOCS3,O14543,127,176,SH2,SH2
SOCS3,O14543,128,177,SH2,SH2
SOCS3,O14543,130,178,SH2,SH2
SOCS3,O14543,131,179,SH2,SH2
SOCS3,O14543,178,184,SOCS_box,SOCS box
SOCS3,O14543,179,185,SOCS_box,SOCS box
SOCS3,O14543,180,186,SOCS_box,SOCS box
SOCS3,O14543,181,187,SOCS_box,SOCS box
SOCS3,O14543,182,188,SOCS_box,SOCS box
SOCS3,O14543,183,189,SOCS_box,SOCS box
SOCS3,O14543,184,190,SOCS_box,SOCS box
SOCS3,O14543,185,192,SOCS_box,SOCS box
SOCS3,O14543,186,194,SOCS_box,SOCS box
SOCS3,O14543,187,195,SOCS_box,SOCS box
SOCS3,O14543,188,196,SOCS_box,SOCS box
SOCS3,O14543,189,197,SOCS_box,SOCS box
SOCS3,O14543,190,198,SOCS_box,SOCS box
SOCS3,O14543,191,199,SOCS_box,SOCS box
SOCS3,O14543,192,200,SOCS_box,SOCS box
SOCS3,O14543,193,201,SOCS_box,SOCS box
SOCS3,O14543,194,202,SOCS_box,SOCS box
SOCS3,O14543,195,203,SOCS_box,SOCS box
SOCS3,O14543,196,204,SOCS_box,SOCS box
SOCS3,O14543,197,205,SOCS_box,SOCS box
SOCS3,O14543,198,206,SOCS_box,SOCS box
SOCS3,O14543,200,213,SOCS_box,SOCS box
SOCS3,O14543,201,214,SOCS_box,SOCS box
SOCS3,O14543,202,215,SOCS_box,SOCS box
SOCS3,O14543,206,216,SOCS_box,SOCS box
SOCS3,O14543,207,217,SOCS_box,SOCS box
SOCS3,O14543,208,218,SOCS_box,SOCS box
SOCS3,O14543,210,219,SOCS_box,SOCS box
SOCS3,O14543,211,220,SOCS_box,SOCS box
SOCS3,O14543,212,221,SOCS_box,SOCS box
SOCS3,O14543,213,222,SOCS_box,SOCS box
SOCS3,O14543,214,223,SOCS_box,SOCS box
SOCS3,O14543,215,224,SOCS_box,SOCS box
SOCS3,O14543,216,225,SOCS_box,SOCS box
SOCS3,O14543,217,226,SOCS_box,SOCS box
SOCS3,O14543,218,227,SOCS_box,SOCS box
SOCS3,O14543,219,228,SOCS_box,SOCS box
SOCS3,O14543,220,229,SOCS_box,SOCS box
SOCS3,O14543,221,230,SOCS_box,SOCS box
SOCS3,O14543,224,231,SOCS_box,SOCS box
SOCS3,O14543,22,45,KIR,Kinase inhibitory region (KIR)
SOCS3,O14543,23,46,KIR,Kinase inhibitory region (KIR)
SOCS3,O14543,24,49,KIR,Kinase inhibitory region (KIR)
SOCS3,O14543,25,50,KIR,Kinase inhibitory region (KIR)
SOCS3,O14543,26,51,KIR,Kinase inhibitory region (KIR)
SOCS3,O14543,27,52,KIR,Kinase inhibitory region (KIR)
SOCS3,O14543,28,53,KIR,Kinase inhibitory region (KIR)
SOCS3,O14543,29,54,KIR,Kinase inhibitory region (KIR)
SOCS3,O14543,30,55,KIR,Kinase inhibitory region (KIR)
SOCS3,O14543,31,56,KIR,Kinase inhibitory region (KIR)
SOCS3,O14543,32,66,KIR,Kinase inhibitory region (KIR)
SOCS3,O14543,33,67,KIR,Kinase inhibitory region (KIR)
SOCS3,O14543,34,68,ESS,Extended SH2 subdomain (ESS)
SOCS3,O14543,35,69,ESS,Extended SH2 subdomain (ESS)
SOCS3,O14543,36,70,ESS,Extended SH2 subdomain (ESS)
SOCS3,O14543,37,71,ESS,Extended SH2 subdomain (ESS)
SOCS3,O14543,38,72,ESS,Extended SH2 subdomain (ESS)
SOCS3,O14543,39,73,ESS,Extended SH2 subdomain (ESS)
SOCS3,O14543,40,74,ESS,Extended SH2 subdomain (ESS)
SOCS3,O14543,41,75,ESS,Extended SH2 subdomain (ESS)
SOCS3,O14543,42,76,ESS,Extended SH2 subdomain (ESS)
SOCS3,O14543,43,77,ESS,Extended SH2 subdomain (ESS)
SOCS3,O14543,44,97,ESS,Extended SH2 subdomain (ESS)
SOCS3,O14543,45,100,ESS,Extended SH2 subdomain (ESS)
SOCS2,O14508,48,101,SH2,SH2
SOCS2,O14508,49,102,SH2,SH2
SOCS2,O14508,50,103,SH2,SH2
SOCS2,O14508,51,104,SH2,SH2
SOCS2,O14508,52,105,SH2,SH2
SOCS2,O14508,53,106,SH2,SH2
SOCS2,O14508,54,107,SH2,SH2
SOCS2,O14508,55,108,SH2,SH2
SOCS2,O14508,56,109,SH2,SH2
SOCS2,O14508,57,110,SH2,SH2
SOCS2,O14508,58,111,SH2,SH2
SOCS2,O14508,59,112,SH2,SH2
SOCS2,O14508,60,113,SH2,SH2
SOCS2,O14508,61,114,SH2,SH2
SOCS2,O14508,62,115,SH2,SH2
SOCS2,O14508,63,116,SH2,SH2
SOCS2,O14508,64,117,SH2,SH2
SOCS2,O14508,65,118,SH2,SH2
SOCS2,O14508,66,119,SH2,SH2
SOCS2,O14508,67,120,SH2,SH2
SOCS2,O14508,68,121,SH2,SH2
SOCS2,O14508,69,122,SH2,SH2
SOCS2,O14508,70,123,SH2,SH2
SOCS2,O14508,71,124,SH2,SH2
SOCS2,O14508,72,125,SH2,SH2
SOCS2,O14508,73,126,SH2,SH2
SOCS2,O14508,74,127,SH2,SH2
SOCS2,O14508,75,128,SH2,SH2
SOCS2,O14508,76,129,SH2,SH2
SOCS2,O14508,77,130,SH2,SH2
SOCS2,O14508,78,131,SH2,SH2
SOCS2,O14508,79,132,SH2,SH2
SOCS2,O14508,80,133,SH2,SH2
SOCS2,O14508,81,134,SH2,SH2
SOCS2,O14508,82,135,SH2,SH2
SOCS2,O14508,83,136,SH2,SH2
SOCS2,O14508,84,137,SH2,SH2
SOCS2,O14508,85,138,SH2,SH2
SOCS2,O14508,86,139,SH2,SH2
SOCS2,O14508,87,140,SH2,SH2
SOCS2,O14508,88,141,SH2,SH2
SOCS2,O14508,89,142,SH2,SH2
SOCS2,O14508,90,143,SH2,SH2
SOCS2,O14508,91,144,SH2,SH2
SOCS2,O14508,92,145,SH2,SH2
SOCS2,O14508,93,146,SH2,SH2
SOCS2,O14508,94,147,SH2,SH2
SOCS2,O14508,95,148,SH2,SH2
SOCS2,O14508,96,149,SH2,SH2
SOCS2,O14508,97,150,SH2,SH2
SOCS2,O14508,98,151,SH2,SH2
SOCS2,O14508,99,152,SH2,SH2
SOCS2,O14508,100,153,SH2,SH2
SOCS2,O14508,101,154,SH2,SH2
SOCS2,O14508,102,155,SH2,SH2
SOCS2,O14508,103,156,SH2,SH2
SOCS2,O14508,104,157,SH2,SH2
SOCS2,O14508,105,158,SH2,SH2
SOCS2,O14508,106,159,SH2,SH2
SOCS2,O14508,107,160,SH2,SH2
SOCS2,O14508,108,161,SH2,SH2
SOCS2,O14508,119,166,SH2,SH2
SOCS2,O14508,120,167,SH2,SH2
SOCS2,O14508,121,168,SH2,SH2
SOCS2,O14508,122,169,SH2,SH2
SOCS2,O14508,123,170,SH2,SH2
SOCS2,O14508,124,171,SH2,SH2
SOCS2,O14508,125,172,SH2,SH2
SOCS2,O14508,126,173,SH2,SH2
SOCS2,O14508,127,174,SH2,SH2
SOCS2,O14508,128,175,SH2,SH2
SOCS2,O14508,129,176,SH2,SH2
SOCS2,O14508,130,177,SH2,SH2
SOCS2,O14508,133,178,SH2,SH2
SOCS2,O14508,134,179,SH2,SH2
SOCS2,O14508,143,180,SH2,SH2
SOCS2,O14508,144,182,SH2,SH2
SOCS2,O14508,145,183,SH2,SH2
SOCS2,O14508,152,184,SH2,SH2
SOCS2,O14508,153,185,SH2,SH2
SOCS2,O14508,154,186,SH2,SH2
SOCS2,O14508,155,187,SH2,SH2
SOCS2,O14508,156,188,SH2,SH2
SOCS2,O14508,152,184,SOCS_box,SOCS box
SOCS2,O14508,153,185,SOCS_box,SOCS box
SOCS2,O14508,154,186,SOCS_box,SOCS box
SOCS2,O14508,155,187,SOCS_box,SOCS box
SOCS2,O14508,156,188,SOCS_box,SOCS box
SOCS2,O14508,157,189,SOCS_box,SOCS box
SOCS2,O14508,158,190,SOCS_box,SOCS box
SOCS2,O14508,159,192,SOCS_box,SOCS box
SOCS2,O14508,160,194,SOCS_box,SOCS box
SOCS2,O14508,161,195,SOCS_box,SOCS box
SOCS2,O14508,162,196,SOCS_box,SOCS box
SOCS2,O14508,163,197,SOCS_box,SOCS box
SOCS2,O14508,164,198,SOCS_box,SOCS box
SOCS2,O14508,165,199,SOCS_box,SOCS box
SOCS2,O14508,166,200,SOCS_box,SOCS box
SOCS2,O14508,167,201,SOCS_box,SOCS box
SOCS2,O14508,168,202,SOCS_box,SOCS box
SOCS2,O14508,169,203,SOCS_box,SOCS box
SOCS2,O14508,170,204,SOCS_box,SOCS box
SOCS2,O14508,171,205,SOCS_box,SOCS box
SOCS2,O14508,172,206,SOCS_box,SOCS box
SOCS2,O14508,173,207,SOCS_box,SOCS box
SOCS2,O14508,174,208,SOCS_box,SOCS box
SOCS2,O14508,175,209,SOCS_box,SOCS box
SOCS2,O14508,177,213,SOCS_box,SOCS box
SOCS2,O14508,178,214,SOCS_box,SOCS box
SOCS2,O14508,179,215,SOCS_box,SOCS box
SOCS2,O14508,180,216,SOCS_box,SOCS box
SOCS2,O14508,181,217,SOCS_box,SOCS box
SOCS2,O14508,182,218,SOCS_box,SOCS box
SOCS2,O14508,183,219,SOCS_box,SOCS box
SOCS2,O14508,184,220,SOCS_box,SOCS box
SOCS2,O14508,185,221,SOCS_box,SOCS box
SOCS2,O14508,186,222,SOCS_box,SOCS box
SOCS2,O14508,187,223,SOCS_box,SOCS box
SOCS2,O14508,188,224,SOCS_box,SOCS box
SOCS2,O14508,189,225,SOCS_box,SOCS box
SOCS2,O14508,190,226,SOCS_box,SOCS box
SOCS2,O14508,191,227,SOCS_box,SOCS box
SOCS2,O14508,192,228,SOCS_box,SOCS box
SOCS2,O14508,193,229,SOCS_box,SOCS box
SOCS2,O14508,194,230,SOCS_box,SOCS box
SOCS2,O14508,195,231,SOCS_box,SOCS box
SOCS2,O14508,196,232,SOCS_box,SOCS box
SOCS2,O14508,197,233,SOCS_box,SOCS box
