protein,accession,feature,description,canonical_start,canonical_end,canonical_length,residues_in_alignment,coverage,column_min,column_max
JAK1,P23458,SH2,SH2,439,544,106,0,0.0,-1,-1
JAK1,P23458,JH1,Protein kinase 2,875,1153,279,277,0.993,15,309
JAK2,O60674,SH2,SH2; atypical,401,482,82,0,0.0,-1,-1
JAK2,O60674,JH1,Protein kinase 2,849,1124,276,276,1.0,15,307
TYK2,P29597,SH2,SH2; atypical,450,529,80,0,0.0,-1,-1
TYK2,P29597,JH1,Protein kinase 2,897,1176,280,278,0.993,15,312
SOCS1,O15524,SH2,SH2,79,174,96,96,1.0,101,197
SOCS1,O15524,SOCS_box,SOCS box,161,210,50,50,1.0,183,233
SOCS1,O15524,KIR,Kinase inhibitory region (KIR),55,66,12,12,1.0,45,67
SOCS1,O15524,ESS,Extended SH2 subdomain (ESS),67,78,12,12,1.0,68,100
SOCS3,O14543,SH2,SH2,46,142,97,79,0.814,101,179
SOCS3,O14543,SOCS_box,SOCS box,177,224,48,40,0.833,184,231
SOCS3,O14543,KIR,Kinase inhibitory region (KIR),22,33,12,12,1.0,45,67
SOCS3,O14543,ESS,Extended SH2 subdomain (ESS),34,45,12,12,1.0,68,100
SOCS2,O14508,SH2,SH2,48,156,109,83,0.761,101,188
SOCS2,O14508,SOCS_box,SOCS box,151,197,47,45,0.957,184,233
